campaign_id,campaign_name,channel,region,launch_date,end_date,impressions,clicks,click_through_rate,spend_usd,status,payment_date,city,customer_age
CMP-0001,,Paid Social,North,01/01/2025,2025-01-23,43075,4176,11.33,2657.28,Active,,Chicago,35
CMP-0002,Campaign-2-South-2,paid_social,South,2025-01-02,2025-01-22,30466,4983,0.0994,3825.86,Current,2025-01-12,Austin,61
CMP-0003,Campaign-3-East-3,Paid-Social,East,2025-01-03,2025-03-21,65543,6212,0.1216,807.27,Live,2025-01-04,New York,21
CMP-0004,Campaign-4-West-4,Email,West,2025-01-04,2025-03-30,11780,967,0.0502,5548.41,Paused,2025-01-05,San Francisco,36
CMP-0005,Campaign-5-North-5,Search,North,2025-01-05,2025-03-15,90248,2634,0.0389,2315.40,Active,2025-01-11,Boston,50
CMP-0006,Campaign-6-South-6,Display,South,2025-01-06,2025-03-02,68516,5284,0.0192,3455.65,Current,2025-01-15,Austin,65
CMP-0007,Campaign-7-East-7,Social,East,2025-01-07,2025-03-23,39488,2416,0.0752,3238.68,Live,2025-01-17,Boston,36
CMP-0008,Campaign-8-West-1,Paid Social,West,2025-01-08,2025-02-23,4442,7005,0.1125,1164.70,Paused,2025-01-15,Denver,51
CMP-0009,Campaign-9-North-2,paid_social,North,2025-01-09,2025-01-27,53468,4858,0.0895,5161.83,Active,2025-01-16,Detroit,66
CMP-0010,Campaign-10-South-3,Paid-Social,South,2025-01-10,2025-03-22,79864,7231,0.0802,2570.91,Current,2025-01-15,Atlanta,25
CMP-0011,Campaign-11-East-4,Email,East,2025-01-11,2025-03-12,75124,3985,0.0834,4180.19,Live,2025-01-21,Philadelphia,40
CMP-0012,Campaign-12-West-5,Search,West,2025-01-12,2025-02-16,18108,6762,0.0152,2831.79,Paused,2025-01-14,Portland,66
CMP-0013,Campaign-13-North-6,Display,North,2025-01-13,2025-04-09,57483,3910,0.0289,1605.72,Active,2025-01-15,Seattle,26
CMP-0014,Campaign-14-South-7,Social,South,2025-01-14,2025-04-11,93043,3802,0.1071,4582.18,Current,2025-01-23,Miami,40
CMP-0015,Campaign-15-East-1,Paid Social,East,2025-01-15,2025-02-23,74573,3353,0.1065,749.03,Live,2025-01-24,Baltimore,55
CMP-0016,Campaign-16-West-2,paid_social,West,2025-01-16,2025-03-25,53884,3607,0.0378,4688.32,Paused,2025-01-17,Los Angeles,70
CMP-0017,Campaign-17-North-3,Paid-Social,North,2025-01-17,2025-01-28,20840,5431,0.1377,2614.89,Active,2025-01-26,Chicago,41
CMP-0018,,Email,South,2025-01-18,2025-03-28,48377,1697,0.0462,2153.91,Current,2025-01-27,Austin,56
CMP-0019,Campaign-19-East-5,Search,East,2025-01-19,2025-03-30,58115,4629,0.1056,3963.30,Live,2025-01-24,New York,70
CMP-0020,Campaign-20-West-6,Display,West,2025-01-20,2025-03-08,61185,6711,0.0225,919.52,Paused,2025-01-29,San Francisco,30
CMP-0021,Campaign-21-North-7,Social,North,2025-01-21,2025-03-02,60565,1559,0.1502,4881.64,Active,2025-01-29,Boston,45
CMP-0022,Campaign-22-South-1,Paid Social,South,2025-01-22,2025-02-06,86206,2242,0.1408,2663.69,Current,2025-01-26,Austin,71
CMP-0023,Campaign-23-East-2,paid_social,East,2025-01-23,2025-03-23,20383,3741,0.1427,2781.11,Live,2025-01-31,Boston,31
CMP-0024,Campaign-24-West-3,Paid-Social,West,2025-01-24,2025-04-15,72842,6911,0.0202,3417.70,Paused,2025-01-28,Denver,45
CMP-0025,Campaign-25-North-4,Email,North,2025-01-25,2025-02-16,82605,425,0.1185,1141.81,Active,2025-01-31,Detroit,60
CMP-0026,Campaign-26-South-5,Search,South,2025-01-26,2025-02-21,1872,2627,0.1057,4752.57,Current,2025-02-03,Atlanta,20
CMP-0027,Campaign-27-East-6,Display,East,2025-01-27,2025-02-20,72739,1886,0.0775,1020.81,Live,2025-02-06,Philadelphia,46
CMP-0028,Campaign-28-West-7,Social,West,2025-01-28,2025-04-09,39300,751,0.0694,3409.41,Paused,2025-01-31,Portland,60
CMP-0029,Campaign-29-North-1,Paid Social,North,2025-01-29,2025-04-21,41308,4219,0.0686,11806.11,Active,2025-02-07,Seattle,20
CMP-0030,Campaign-30-South-2,paid_social,South,2025-01-30,2025-03-03,50483,175,0.1489,1450.07,Current,2025-02-01,Miami,35
CMP-0031,Campaign-31-East-3,Paid-Social,East,2025-01-31,2025-02-13,46684,5354,0.0600,4381.20,Live,2025-02-01,Baltimore,50
CMP-0032,Campaign-32-West-4,Email,West,2025-02-01,2025-02-11,68097,3959,0.0562,1004.74,Paused,2025-02-07,Los Angeles,21
CMP-0033,Campaign-33-North-5,Search,North,2025-02-02,2025-02-24,66417,3882,0.0920,3926.20,Active,2025-02-05,Chicago,35
CMP-0034,Campaign-34-South-6,Display,South,2025-02-03,2025-04-26,69306,1755,0.0717,2796.50,Current,2025-02-13,Austin,50
CMP-0035,,Social,East,2025-02-04,2025-03-12,90132,5883,0.0182,1854.83,Live,2025-02-08,New York,65
CMP-0036,Campaign-36-West-1,Paid Social,West,2025-02-05,2025-05-05,23923,430,0.1033,3890.14,Paused,2025-02-06,San Francisco,25
CMP-0037,Campaign-37-North-2,paid_social,North,2025-02-06,2025-04-11,85197,1604,0.0791,1055.10,Active,2025-02-07,Boston,50
CMP-0038,Campaign-1-South-3,Paid-Social,South,2025-02-07,2025-03-02,85826,4401,0.0402,4224.46,Current,2025-02-10,Austin,65
CMP-0039,Campaign-2-East-4,Email,East,2025-02-08,2025-03-07,87867,6977,0.0353,1865.49,Live,2025-02-17,Boston,25
CMP-0040,Campaign-3-West-5,Search,West,2025-02-09,2025-04-10,11509,3199,0.0528,2341.92,Paused,2025-02-14,Denver,40
CMP-0041,Campaign-4-North-6,Display,North,2025-02-10,2025-04-17,66421,6451,0.1278,3391.94,Active,2025-02-13,Detroit,55
CMP-0042,Campaign-5-South-7,Social,South,02/11/2025,2025-03-31,69270,4008,0.0734,1183.27,Current,2025-02-20,Atlanta,25
CMP-0043,Campaign-6-East-1,Paid Social,East,2025-02-12,2025-03-26,13594,7005,0.0395,4249.80,Live,2025-02-14,Philadelphia,40
CMP-0044,Campaign-7-West-2,paid_social,West,2025-02-13,2025-04-19,85830,2766,0.0680,1480.00,Paused,2025-02-16,Portland,55
CMP-0045,Campaign-8-North-3,Paid-Social,North,2025-02-14,2025-02-24,47330,6994,0.0310,2862.18,Active,2025-02-24,Seattle,70
CMP-0046,Campaign-9-South-4,Email,South,2025-02-15,2025-05-01,29582,958,0.0993,2932.16,Current,2025-02-25,Miami,40
CMP-0047,Campaign-10-East-5,Search,East,2025-02-16,2025-03-22,75889,2474,0.0907,72.30,Live,2025-02-19,Baltimore,55
CMP-0048,Campaign-11-West-6,Display,West,2025-02-17,2025-03-08,35765,849,0.1484,4021.93,Paused,,Los Angeles,70
CMP-0049,Campaign-12-North-7,Social,North,2025-02-18,2025-03-04,47894,5977,0.1259,1296.08,Active,2025-02-20,Chicago,30
CMP-0050,Campaign-13-South-1,Paid Social,South,2025-02-19,2025-05-01,42297,2327,0.0945,3331.33,Current,2025-02-25,Austin,45
CMP-0051,Campaign-14-East-2,paid_social,East,2025-02-20,2025-03-19,35391,2158,0.0172,3832.14,Live,2025-02-25,New York,70
CMP-0052,,Paid-Social,West,2025-02-21,2025-04-22,3222,529,0.0222,1695.47,Paused,2025-02-23,San Francisco,30
CMP-0053,Campaign-16-North-4,Email,North,2025-02-22,2025-03-13,91092,4657,0.0927,3611.80,Active,2025-02-28,Boston,45
CMP-0054,Campaign-17-South-5,Search,South,2025-02-23,2025-04-11,60974,5034,0.1000,1241.54,Current,2025-02-24,Austin,60
CMP-0055,Campaign-18-East-6,Display,East,2025-02-24,2025-04-23,42627,5038,0.0397,3650.46,Live,2025-02-26,Boston,20
CMP-0056,Campaign-19-West-7,Social,West,2025-02-25,2025-04-20,66901,5642,0.1512,2623.91,Paused,2025-03-02,Denver,45
CMP-0057,Campaign-20-North-1,Paid Social,North,2025-02-26,2025-04-19,8753,6084,0.1131,2074.08,Active,2025-03-03,Detroit,60
CMP-0058,Campaign-21-South-2,paid_social,South,2025-02-27,2025-04-17,39152,6016,0.1489,18347.57,Current,2025-03-01,Atlanta,20
CMP-0059,Campaign-22-East-3,Paid-Social,East,2025-02-28,2025-04-14,55809,2672,0.0941,1286.84,Live,2025-03-06,Philadelphia,35
CMP-0060,Campaign-23-West-4,Email,West,2025-03-01,2025-04-02,74713,519,9.10,3741.43,Paused,2025-03-11,Portland,49
CMP-0061,Campaign-24-North-5,Search,North,2025-03-02,2025-03-24,16703,365,0.0265,1992.51,Active,2025-03-07,Seattle,20
CMP-0062,Campaign-25-South-6,Display,South,2025-03-03,2025-03-13,56875,4796,0.0266,2498.19,Current,2025-03-10,Miami,35
CMP-0063,Campaign-26-East-7,Social,East,2025-03-04,2025-04-10,56379,5487,0.0403,7172.34,Live,2025-03-13,Baltimore,50
CMP-0064,Campaign-27-West-1,Paid Social,West,2025-03-05,2025-03-15,87912,5935,0.1454,1421.37,Paused,2025-03-12,Los Angeles,65
CMP-0065,Campaign-28-North-2,paid_social,North,2025-03-06,2025-04-14,20557,1929,0.0114,3570.14,Active,2025-03-14,Chicago,24
CMP-0066,Campaign-29-South-3,Paid-Social,South,2025-03-07,2025-05-06,35778,2638,0.0284,1651.22,Current,2025-03-09,Austin,50
CMP-0067,Campaign-30-East-4,Email,East,2025-03-08,2025-04-06,73680,371,0.1036,2903.19,Live,2025-03-17,New York,65
CMP-0068,Campaign-31-West-5,Search,West,2025-03-09,2025-04-18,45857,5245,0.0845,4736.89,Paused,2025-03-10,San Francisco,25
CMP-0069,,Display,North,2025-03-10,2025-03-18,83494,2049,0.0772,1641.13,Active,2025-03-19,Boston,39
CMP-0070,Campaign-33-South-7,Social,South,2025-03-11,2025-04-06,53507,5853,0.1515,3055.40,Current,2025-03-15,Austin,54
CMP-0071,Campaign-34-East-1,Paid Social,East,2025-03-12,2025-05-29,37344,2875,0.1346,1488.65,Live,2025-03-20,Boston,25
CMP-0072,Campaign-35-West-2,paid_social,West,2025-03-13,2025-06-09,61173,4555,0.1273,3199.22,Paused,2025-03-23,Denver,40
CMP-0073,Campaign-36-North-3,Paid-Social,North,2025-03-14,2025-04-29,25828,1356,0.1003,3380.81,Active,2025-03-15,Detroit,55
CMP-0074,Campaign-37-South-4,Email,South,2025-03-15,2025-05-06,69780,5813,0.0680,1937.61,Current,2025-03-18,Atlanta,69
CMP-0075,Campaign-1-East-5,Search,East,2025-03-16,2025-04-02,40395,3113,0.0884,10190.85,Live,2025-03-18,Philadelphia,29
CMP-0076,Campaign-2-West-6,Display,West,2025-03-17,2025-03-26,71115,1838,0.1329,1452.37,Paused,2025-03-22,Portland,55
CMP-0077,Campaign-3-North-7,Social,North,2025-03-18,2025-06-06,7051,3281,0.0639,3288.16,Active,2025-03-27,Seattle,70
CMP-0078,Campaign-4-South-1,Paid Social,South,2025-03-19,2025-06-16,87939,1354,0.1499,2560.86,Current,2025-03-22,Miami,29
CMP-0079,Campaign-5-East-2,paid_social,East,2025-03-20,2025-05-15,44926,4545,0.0464,2285.67,Live,2025-03-30,Baltimore,44
CMP-0080,Campaign-6-West-3,Paid-Social,West,21 Mar 2025,2025-04-21,22461,2459,0.0514,7329.67,Paused,2025-03-24,Los Angeles,59
CMP-0081,Campaign-7-North-4,Email,North,2025-03-22,2025-05-17,25932,6179,0.1006,1517.91,Active,2025-03-30,Chicago,30
CMP-0082,Campaign-8-South-5,Search,South,2025-03-23,2025-05-23,47816,6712,0.1215,3004.83,Current,2025-04-01,Austin,45
CMP-0083,Campaign-9-East-6,Display,East,03/24/2025,2025-04-21,68858,301,0.0344,2070.11,Live,2025-03-27,New York,59
CMP-0084,N/A,Social,West,2025-03-25,2025-04-04,16495,4278,0.1062,2632.47,Paused,2025-03-26,San Francisco,19
CMP-0085,Campaign-11-North-1,Paid Social,North,2025-03-26,2025-05-19,9536,3074,0.0525,5426.03,Active,2025-04-05,Boston,34
CMP-0086,,paid_social,South,2025-03-27,2025-06-20,33726,1096,0.0236,1673.76,Current,2025-03-29,Austin,60
CMP-0087,Campaign-13-East-3,Paid-Social,East,2025-03-28,2025-04-13,51164,2210,0.0987,16389.03,Live,2025-04-03,Boston,20
CMP-0088,Campaign-14-West-4,Email,West,2025-03-29,2025-06-04,66572,1050,0.0897,1797.07,Paused,2025-04-04,Denver,34
CMP-0089,Campaign-15-North-5,Search,North,2025-03-30,2025-06-03,77918,2887,0.0201,2891.18,Active,2025-04-01,Detroit,49
CMP-0090,Campaign-16-South-6,Display,South,2025-03-31,2025-06-09,42097,2233,0.1187,4074.24,Current,2025-04-06,Atlanta,64
CMP-0091,Campaign-17-East-7,Social,East,2025-04-01,2025-06-02,67558,4660,0.0568,1910.04,Live,2025-04-09,Philadelphia,35
CMP-0092,Campaign-18-West-1,Paid Social,West,2025-04-02,2025-05-30,42314,1507,0.0369,8561.44,Paused,2025-04-08,Portland,49
CMP-0093,Campaign-19-North-2,paid_social,North,2025-04-03,2025-05-24,54900,6872,0.1261,1678.53,Active,2025-04-06,Seattle,64
CMP-0094,Campaign-20-South-3,Paid-Social,South,2025-04-04,2025-06-06,75461,5440,0.1162,25.87,Current,2025-04-10,Miami,24
CMP-0095,Campaign-21-East-4,Email,East,2025-04-05,2025-04-27,43147,2242,0.1317,3142.48,Live,,Baltimore,39
CMP-0096,Campaign-22-West-5,Search,West,2025-04-06,2025-05-01,72649,5195,0.0474,2206.57,Paused,2025-04-09,Los Angeles,65
CMP-0097,Campaign-23-North-6,Display,North,2025-04-07,2025-06-24,17352,2254,0.0511,7176.38,Active,2025-04-14,Chicago,24
CMP-0098,Campaign-24-South-7,Social,South,2025-04-08,2025-06-05,4046,4563,0.1133,,Current,2025-04-14,Austin,39
CMP-0099,Campaign-25-East-1,Paid Social,East,2025-04-09,2025-04-28,90220,6344,0.1437,6689.63,Live,2025-04-18,New York,54
CMP-0100,Campaign-26-West-2,paid_social,West,2025-04-10,2025-06-22,28713,3536,0.0598,2529.87,Paused,2025-04-17,San Francisco,69
CMP-0101,Campaign-27-North-3,Paid-Social,North,2025-04-11,2025-05-10,2578,2247,0.0902,2520.07,Active,2025-04-17,Boston,39
CMP-0102,Campaign-28-South-4,Email,South,2025-04-12,2025-07-02,85658,5071,0.0689,5807.29,Current,2025-04-20,Austin,54
CMP-0103,,Search,East,2025-04-13,2025-06-20,45600,156,0.0135,,Live,2025-04-15,Boston,69
CMP-0104,Campaign-30-West-6,Display,West,2025-04-14,2025-05-25,44009,205,0.1226,7217.59,Paused,2025-04-23,Denver,29
CMP-0105,Campaign-31-North-7,Social,North,2025-04-15,2025-05-27,82835,5222,0.0623,2154.52,Active,2025-04-19,Detroit,44
CMP-0106,Campaign-32-South-1,Paid Social,South,2025-04-16,2025-06-30,2693,843,0.0309,2771.08,Current,2025-04-24,Atlanta,69
CMP-0107,Campaign-33-East-2,paid_social,East,2025-04-17,2025-05-20,80640,5574,0.0331,4610.28,Live,2025-04-27,Philadelphia,29
CMP-0108,Campaign-34-West-3,Paid-Social,West,2025-04-18,2025-06-17,94500,4334,0.1081,1983.43,Paused,2025-04-20,Portland,44
CMP-0109,Campaign-35-North-4,Email,North,2025-04-19,2025-04-29,36704,3496,0.0145,7210.93,Active,2025-04-28,Seattle,59
CMP-0110,Campaign-36-South-5,Search,South,2025-04-20,2025-05-26,62904,5449,0.1055,1957.52,Current,2025-04-26,Miami,18
CMP-0111,Campaign-37-East-6,Display,East,2025-04-21,2025-07-14,64074,2151,0.0798,3499.86,Live,2025-04-26,Baltimore,44
CMP-0112,Campaign-1-West-7,Social,West,2025-04-22,2025-05-03,85557,4074,0.0276,3666.87,Paused,2025-04-28,Los Angeles,59
CMP-0113,Campaign-2-North-1,Paid Social,North,2025-04-23,2025-06-01,62294,1688,0.0620,2266.49,Active,2025-04-30,Chicago,19
CMP-0114,Campaign-3-South-2,paid_social,South,2025-04-24,2025-06-08,29812,4825,0.0160,,Current,2025-04-26,Austin,34
CMP-0115,Campaign-4-East-3,Paid-Social,East,2025-04-25,2025-07-23,87859,4229,0.1083,1902.36,Live,2025-04-30,New York,48
CMP-0116,Campaign-5-West-4,Email,West,2025-04-26,2025-07-03,81994,803,0.1334,14430.48,Paused,2025-05-06,San Francisco,19
CMP-0117,Campaign-6-North-5,Search,North,2025-04-27,2025-06-14,65324,2664,0.1051,2984.07,Active,2025-04-29,Boston,34
CMP-0118,Campaign-7-South-6,Display,South,2025-04-28,2025-07-15,24052,6280,0.0459,2662.91,Current,2025-05-07,Austin,49
CMP-0119,Campaign-8-East-7,Social,East,2025-04-29,2025-07-11,51378,5225,3.13,,Live,2025-05-03,Boston,63
CMP-0120,,Paid Social,West,2025-04-30,2025-05-10,61992,2033,0.0388,1971.84,Paused,2025-05-09,Denver,23
CMP-0121,Campaign-10-North-2,paid_social,North,2025-05-01,2025-05-24,68529,1790,0.1244,5498.95,Active,2025-05-09,Detroit,49
CMP-0122,Campaign-11-South-3,Paid-Social,South,2025-05-02,2025-05-26,74454,5618,0.1316,2530.81,Current,2025-05-09,Atlanta,64
CMP-0123,Campaign-12-East-4,Email,East,2025-05-03,2025-07-17,81840,6008,0.0872,1718.26,Live,2025-05-12,Philadelphia,24
CMP-0124,Campaign-13-West-5,Search,West,05/04/2025,2025-05-30,20071,1135,0.1252,4910.65,Paused,2025-05-14,Portland,38
CMP-0125,Campaign-14-North-6,Display,North,2025-05-05,2025-05-19,88578,7149,0.0131,2168.90,Active,2025-05-08,Seattle,53
CMP-0126,Campaign-15-South-7,Social,South,2025-05-06,2025-05-30,36269,4486,0.1099,5975.15,Current,2025-05-09,Miami,24
CMP-0127,Campaign-16-East-1,Paid Social,East,2025-05-07,2025-06-06,92030,499,0.1184,2268.92,Live,2025-05-14,Baltimore,39
CMP-0128,Campaign-17-West-2,paid_social,West,2025-05-08,2025-08-05,82831,4071,0.1421,2555.28,Paused,2025-05-13,Los Angeles,54
CMP-0129,Campaign-18-North-3,Paid-Social,North,2025-05-09,2025-06-13,68646,3043,0.1385,4055.23,Active,2025-05-16,Chicago,68
CMP-0130,Campaign-19-South-4,Email,South,2025-05-10,2025-06-05,43733,1253,0.1131,,Current,2025-05-11,Austin,28
CMP-0131,Campaign-20-East-5,Search,East,2025-05-11,2025-05-25,13606,2951,0.0941,5978.66,Live,2025-05-16,New York,54
CMP-0132,Campaign-21-West-6,Display,West,2025-05-12,2025-06-30,4881,1401,0.0820,2171.24,Paused,2025-05-14,San Francisco,69
CMP-0133,Campaign-22-North-7,Social,North,2025-05-13,2025-07-13,88153,3608,0.0373,3445.44,Active,2025-05-17,Boston,28
CMP-0134,Campaign-23-South-1,Paid Social,South,2025-05-14,2025-06-18,87920,4111,0.0393,3368.51,Current,2025-05-21,Austin,43
CMP-0135,Campaign-24-East-2,paid_social,East,2025-05-15,2025-07-15,61412,7073,0.0614,,Live,2025-05-20,Boston,58
CMP-0136,Campaign-25-West-3,Paid-Social,West,2025-05-16,2025-08-11,58934,4639,0.0972,5580.64,Paused,2025-05-20,Denver,29
CMP-0137,,Email,North,2025-05-17,2025-06-18,16385,6253,0.0196,2236.16,Active,2025-05-27,Detroit,44
CMP-0138,Campaign-27-South-5,Search,South,2025-05-18,2025-06-14,16292,1470,0.0379,4279.84,Current,2025-05-25,Atlanta,58
CMP-0139,Campaign-28-East-6,Display,East,2025-05-19,2025-05-29,72883,1246,0.1033,2876.23,Live,2025-05-24,Philadelphia,18
CMP-0140,Campaign-29-West-7,Social,West,2025-05-20,2025-07-02,49071,3322,0.0094,1453.41,Paused,2025-05-25,Portland,33
CMP-0141,Campaign-30-North-1,Paid Social,North,2025-05-21,2025-07-12,65185,1190,0.0238,59.45,Active,2025-05-25,Seattle,59
CMP-0142,Campaign-31-South-2,paid_social,South,2025-05-22,2025-07-13,60971,3151,0.0975,2596.91,Current,,Miami,18
CMP-0143,Campaign-32-East-3,Paid-Social,East,2025-05-23,2025-08-09,43962,6244,0.0455,4901.11,Live,2025-05-31,Baltimore,33
CMP-0144,Campaign-33-West-4,Email,West,2025-05-24,2025-07-29,46543,4533,0.1294,2574.04,Paused,2025-06-02,Los Angeles,48
CMP-0145,Campaign-34-North-5,Search,North,2025-05-25,2025-06-13,37391,2491,0.0135,12471.94,Active,2025-05-27,Chicago,63
CMP-0146,Campaign-35-South-6,Display,South,2025-05-26,2025-08-08,60501,4683,0.0240,,Current,2025-06-05,Austin,34
CMP-0147,Campaign-36-East-7,Social,East,2025-05-27,2025-07-31,81592,3980,0.0875,752.21,Live,2025-06-02,New York,48
CMP-0148,Campaign-37-West-1,Paid Social,West,2025-05-28,2025-06-21,4684,921,0.0656,5185.86,Paused,2025-06-02,San Francisco,63
CMP-0149,Campaign-1-North-2,paid_social,North,2025-05-29,2025-06-07,7254,6195,0.1507,2461.09,Active,2025-06-07,Boston,23
CMP-0150,Campaign-2-South-3,Paid-Social,South,2025-05-30,2025-06-21,45097,5935,0.0305,,Current,2025-06-03,Austin,38
CMP-0151,Campaign-3-East-4,Email,East,2025-05-31,2025-07-18,62629,5716,0.0437,,Live,2025-06-06,Boston,63
CMP-0152,Campaign-4-West-5,Search,West,2025-06-01,2025-07-31,6611,4065,0.0446,1001.67,Paused,2025-06-05,Denver,23
CMP-0153,Campaign-5-North-6,Display,North,2025-06-02,2025-06-23,78319,3961,0.0948,5106.63,Active,2025-06-03,Detroit,38
CMP-0154,,Social,South,2025-06-03,2025-08-12,29847,3211,0.1153,2649.90,Current,2025-06-06,Atlanta,53
CMP-0155,Campaign-7-East-1,Paid Social,East,2025-06-04,2025-07-18,32793,7109,0.0846,3413.40,Live,2025-06-11,Philadelphia,68
CMP-0156,Campaign-8-West-2,paid_social,West,2025-06-05,2025-08-25,4646,2955,0.0965,3125.87,Paused,2025-06-14,Portland,38
CMP-0157,Campaign-9-North-3,Paid-Social,North,2025-06-06,2025-06-28,74960,3078,0.1265,1318.11,Active,2025-06-15,Seattle,53
CMP-0158,Campaign-10-South-4,Email,South,2025-06-07,2025-07-05,61137,3381,0.1267,4739.28,Current,2025-06-14,Miami,68
CMP-0159,Campaign-11-East-5,Search,East,08 Jun 2025,2025-08-05,1956,2061,0.0369,852.45,Live,2025-06-11,Baltimore,28
CMP-0160,Campaign-12-West-6,Display,West,2025-06-09,2025-08-22,36116,3125,0.0204,4026.69,Paused,2025-06-10,Los Angeles,43
CMP-0161,Campaign-13-North-7,Social,North,2025-06-10,2025-07-14,93821,6958,0.1007,2810.98,Active,2025-06-12,Chicago,68
CMP-0162,Campaign-14-South-1,Paid Social,South,2025-06-11,2025-08-14,73250,5524,0.0132,,Current,2025-06-19,Austin,28
CMP-0163,Campaign-15-East-2,paid_social,East,2025-06-12,2025-08-23,83838,343,0.1487,4217.59,Live,2025-06-16,New York,43
CMP-0164,Campaign-16-West-3,Paid-Social,West,2025-06-13,2025-09-11,86554,4004,0.0149,932.09,Paused,2025-06-15,San Francisco,58
CMP-0165,Campaign-17-North-4,Email,North,06/14/2025,2025-07-26,28017,119,0.0502,4426.05,Active,2025-06-22,Boston,28
CMP-0166,Campaign-18-South-5,Search,South,2025-06-15,2025-07-25,10546,5800,0.1150,2744.11,Current,2025-06-24,Austin,43
CMP-0167,N/A,Display,East,2025-06-16,2025-09-05,72007,2009,0.0808,,Live,2025-06-22,Boston,58
CMP-0168,Campaign-20-West-7,Social,West,2025-06-17,2025-07-23,71554,3279,0.0762,3674.23,Paused,2025-06-18,Denver,18
CMP-0169,Campaign-21-North-1,Paid Social,North,2025-06-18,2025-08-16,51772,4613,0.0211,1065.01,Active,2025-06-21,Detroit,33
CMP-0170,Campaign-22-South-2,paid_social,South,2025-06-19,2025-07-17,32249,1408,0.0902,4536.27,Current,2025-06-25,Atlanta,58
CMP-0171,,Paid-Social,East,2025-06-20,2025-08-17,37759,5353,0.1044,1365.86,Live,2025-06-21,Philadelphia,18
CMP-0172,Campaign-24-West-4,Email,West,2025-06-21,2025-08-11,10940,6186,0.1187,2813.20,Paused,2025-07-01,Portland,33
CMP-0173,Campaign-25-North-5,Search,North,2025-06-22,2025-09-03,33077,6800,0.1283,3204.86,Active,2025-06-25,Seattle,48
CMP-0174,Campaign-26-South-6,Display,South,2025-06-23,2025-08-10,24230,4114,0.0889,10513.40,Current,2025-06-30,Miami,62
CMP-0175,Campaign-27-East-7,Social,East,2025-06-24,2025-07-12,92685,4139,0.1005,4364.29,Live,2025-06-30,Baltimore,33
CMP-0176,Campaign-28-West-1,Paid Social,West,2025-06-25,2025-09-05,47856,741,0.1172,1195.41,Paused,2025-06-30,Los Angeles,48
CMP-0177,Campaign-29-North-2,paid_social,North,2025-06-26,2025-08-02,16349,3150,0.1370,3357.37,Active,2025-07-06,Chicago,63
CMP-0178,Campaign-30-South-3,Paid-Social,South,2025-06-27,2025-09-15,90348,4700,3.84,2852.78,Current,2025-06-28,Austin,23
CMP-0179,Campaign-31-East-4,Email,East,2025-06-28,2025-07-08,46098,6091,0.0338,1575.33,Live,2025-06-30,New York,37
CMP-0180,Campaign-32-West-5,Search,West,2025-06-29,2025-08-06,88295,3922,0.1183,3988.30,Paused,2025-07-08,San Francisco,63
CMP-0181,Campaign-33-North-6,Display,North,2025-06-30,2025-09-06,16028,613,0.0267,1140.99,Active,2025-07-05,Boston,23
CMP-0182,Campaign-34-South-7,Social,South,2025-07-01,2025-07-26,54639,2124,0.0110,,Current,2025-07-04,Austin,38
CMP-0183,Campaign-35-East-1,Paid Social,East,2025-07-02,2025-08-26,84237,5182,0.0087,2694.99,Live,2025-07-04,Boston,52
CMP-0184,Campaign-36-West-2,paid_social,West,2025-07-03,2025-08-08,43767,3695,0.1270,1963.58,Paused,2025-07-08,Denver,67
CMP-0185,Campaign-37-North-3,Paid-Social,North,2025-07-04,2025-09-05,59396,6023,0.1462,3510.81,Active,2025-07-12,Detroit,38
CMP-0186,Campaign-1-South-4,Email,South,2025-07-05,2025-09-29,54997,3906,0.0516,1181.13,Current,2025-07-08,Atlanta,53
CMP-0187,Campaign-2-East-5,Search,East,2025-07-06,2025-07-26,81469,4548,0.0125,3967.78,Live,2025-07-11,Philadelphia,68
CMP-0188,,Display,West,2025-07-07,2025-09-03,30671,7167,0.1098,13.02,Paused,2025-07-09,Portland,27
CMP-0189,Campaign-4-North-7,Social,North,2025-07-08,2025-08-13,51683,1112,0.0964,2416.33,Active,,Seattle,42
CMP-0190,Campaign-5-South-1,Paid Social,South,2025-07-09,2025-09-04,28419,5109,0.0887,2943.53,Current,2025-07-18,Miami,68
CMP-0191,Campaign-6-East-2,paid_social,East,2025-07-10,2025-09-03,92112,2219,0.0591,1307.92,Live,2025-07-14,Baltimore,28
CMP-0192,Campaign-7-West-3,Paid-Social,West,2025-07-11,2025-08-09,67872,2534,0.0135,3904.33,Paused,2025-07-15,Los Angeles,43
CMP-0193,Campaign-8-North-4,Email,North,2025-07-12,2025-08-26,23460,7004,0.0713,1588.02,Active,2025-07-20,Chicago,57
CMP-0194,Campaign-9-South-5,Search,South,2025-07-13,2025-09-06,84609,4130,0.1081,2876.93,Current,2025-07-14,Austin,72
CMP-0195,Campaign-10-East-6,Display,East,2025-07-14,2025-10-05,68549,2824,0.0906,5369.09,Live,2025-07-18,New York,43
CMP-0196,Campaign-11-West-7,Social,West,2025-07-15,2025-10-10,71306,7283,0.1299,1520.64,Paused,2025-07-20,San Francisco,58
CMP-0197,Campaign-12-North-1,Paid Social,North,2025-07-16,2025-10-09,67525,2928,0.1303,,Active,2025-07-23,Boston,72
CMP-0198,Campaign-13-South-2,paid_social,South,2025-07-17,2025-09-29,30108,170,0.0699,,Current,2025-07-27,Austin,32
CMP-0199,Campaign-14-East-3,Paid-Social,East,2025-07-18,2025-09-09,33182,4641,0.0939,3259.37,Live,2025-07-19,Boston,47
CMP-0200,Campaign-15-West-4,Email,West,2025-07-19,2025-08-08,32149,1823,0.0337,3576.28,Paused,2025-07-27,Denver,18
CMP-0201,Campaign-16-North-5,Search,North,2025-07-20,2025-08-16,58274,4262,0.0359,1816.22,Active,2025-07-22,Detroit,33
CMP-0202,Campaign-17-South-6,Display,South,2025-07-21,2025-08-09,16525,1840,0.0664,2988.55,Current,2025-07-27,Atlanta,47
CMP-0203,Campaign-18-East-7,Social,East,2025-07-22,2025-10-18,68823,7281,0.1001,17054.85,Live,2025-07-28,Philadelphia,62
CMP-0204,Campaign-19-West-1,Paid Social,West,2025-07-23,2025-09-07,1650,852,0.1389,3469.44,Paused,2025-07-26,Portland,22
CMP-0205,,paid_social,North,2025-07-24,2025-09-27,83426,3450,0.0226,2606.58,Active,2025-07-28,Seattle,48
CMP-0206,Campaign-21-South-3,Paid-Social,South,07/25/2025,2025-10-10,64863,2852,0.0954,2177.64,Current,2025-07-31,Miami,62
CMP-0207,Campaign-22-East-4,Email,East,2025-07-26,2025-09-01,20781,3692,0.0765,8834.58,Live,2025-07-28,Baltimore,22
CMP-0208,Campaign-23-West-5,Search,West,2025-07-27,2025-10-12,56720,6233,0.1472,1407.51,Paused,2025-08-04,Los Angeles,37
CMP-0209,Campaign-24-North-6,Display,North,2025-07-28,2025-09-27,9420,3679,0.0812,3429.44,Active,2025-08-03,Chicago,52
CMP-0210,Campaign-25-South-7,Social,South,2025-07-29,2025-08-17,7366,3399,0.0347,2047.64,Current,2025-08-03,Austin,23
CMP-0211,Campaign-26-East-1,Paid Social,East,2025-07-30,2025-10-14,69878,2092,0.0704,2562.44,Live,2025-08-02,New York,37
CMP-0212,Campaign-27-West-2,paid_social,West,2025-07-31,2025-08-08,19765,4995,0.0971,6057.77,Paused,2025-08-07,San Francisco,52
CMP-0213,Campaign-28-North-3,Paid-Social,North,2025-08-01,2025-08-21,92276,1914,0.0616,,Active,2025-08-08,Boston,67
CMP-0214,Campaign-29-South-4,Email,South,2025-08-02,2025-10-29,12049,4793,0.1209,,Current,2025-08-09,Austin,27
CMP-0215,Campaign-30-East-5,Search,East,2025-08-03,2025-10-27,77010,2605,0.0424,1736.94,Live,2025-08-12,Boston,52
CMP-0216,Campaign-31-West-6,Display,West,2025-08-04,2025-09-03,70349,3492,0.0452,2897.24,Paused,2025-08-09,Denver,67
CMP-0217,Campaign-32-North-7,Social,North,2025-08-05,2025-10-18,61505,2436,0.0688,4365.98,Active,2025-08-10,Detroit,27
CMP-0218,Campaign-33-South-1,Paid Social,South,2025-08-06,2025-09-08,93963,6394,0.1150,1774.44,Current,2025-08-12,Atlanta,42
CMP-0219,Campaign-34-East-2,paid_social,East,2025-08-07,2025-10-19,41696,2234,0.0538,10388.64,Live,2025-08-11,Philadelphia,57
CMP-0220,Campaign-35-West-3,Paid-Social,West,2025-08-08,2025-08-15,27163,4982,0.0955,1592.27,Paused,2025-08-10,Portland,27
CMP-0221,Campaign-36-North-4,Email,North,2025-08-09,2025-09-28,54415,5359,0.0704,3081.11,Active,2025-08-16,Seattle,42
CMP-0222,,Search,South,2025-08-10,2025-08-30,50041,7181,0.1291,3263.70,Current,2025-08-18,Miami,57
CMP-0223,Campaign-1-East-6,Display,East,2025-08-11,2025-10-31,43724,4724,0.0635,2068.24,Live,2025-08-17,Baltimore,72
CMP-0224,Campaign-2-West-7,Social,West,2025-08-12,2025-10-07,47168,6550,0.0449,8187.33,Paused,2025-08-18,Los Angeles,31
CMP-0225,Campaign-3-North-1,Paid Social,North,2025-08-13,2025-10-11,62276,420,0.0967,1571.01,Active,2025-08-18,Chicago,57
CMP-0226,Campaign-4-South-2,paid_social,South,2025-08-14,2025-10-29,72594,6558,0.0160,2912.54,Current,2025-08-21,Austin,72
CMP-0227,Campaign-5-East-3,Paid-Social,East,2025-08-15,2025-09-24,51522,2517,0.1424,2556.40,Live,2025-08-20,New York,32
CMP-0228,Campaign-6-West-4,Email,West,2025-08-16,2025-08-23,28232,1848,0.0165,2396.64,Paused,2025-08-17,San Francisco,47
CMP-0229,Campaign-7-North-5,Search,North,2025-08-17,2025-10-09,82309,4481,0.0751,,Active,2025-08-26,Boston,61
CMP-0230,Campaign-8-South-6,Display,South,2025-08-18,2025-10-30,84145,5117,0.0160,,Current,2025-08-25,Austin,32
CMP-0231,Campaign-9-East-7,Social,East,2025-08-19,2025-09-24,16476,5751,0.1547,8333.46,Live,2025-08-21,Boston,47
CMP-0232,Campaign-10-West-1,Paid Social,West,2025-08-20,2025-11-10,52075,361,0.0281,15096.31,Paused,2025-08-29,Denver,62
CMP-0233,Campaign-11-North-2,paid_social,North,2025-08-21,2025-08-31,38827,3410,0.1436,2693.59,Active,2025-08-29,Detroit,22
CMP-0234,Campaign-12-South-3,Paid-Social,South,2025-08-22,2025-09-22,7893,3456,0.0538,4971.88,Current,2025-08-31,Atlanta,36
CMP-0235,Campaign-13-East-4,Email,East,2025-08-23,2025-09-20,80706,3313,0.1132,46.59,Live,2025-09-02,Philadelphia,62
CMP-0236,Campaign-14-West-5,Search,West,2025-08-24,2025-10-22,63851,3673,0.1014,8089.46,Paused,,Portland,22
CMP-0237,Campaign-15-North-6,Display,North,2025-08-25,2025-09-01,38873,6435,9.67,1885.25,Active,2025-09-01,Seattle,37
CMP-0238,Campaign-16-South-7,Social,South,26 Aug 2025,2025-09-26,36555,6125,0.0759,2823.47,Current,2025-08-30,Miami,51
CMP-0239,,Paid Social,East,2025-08-27,2025-10-14,22070,6310,0.1258,3861.93,Live,2025-08-29,Baltimore,66
CMP-0240,Campaign-18-West-2,paid_social,West,2025-08-28,2025-09-28,62320,3223,0.0193,2075.54,Paused,2025-08-30,Los Angeles,37
CMP-0241,Campaign-19-North-3,Paid-Social,North,2025-08-29,2025-09-06,49309,4786,0.1065,7408.65,Active,2025-09-02,Chicago,52
CMP-0242,Campaign-20-South-4,Email,South,2025-08-30,2025-09-30,45788,2158,0.0216,1794.10,Current,2025-09-01,Austin,67
CMP-0243,Campaign-21-East-5,Search,East,2025-08-31,2025-11-15,10788,5710,0.0411,4866.83,Live,2025-09-03,New York,26
CMP-0244,Campaign-22-West-6,Display,West,2025-09-01,2025-09-29,20817,1650,0.0892,3068.06,Paused,2025-09-08,San Francisco,41
CMP-0245,Campaign-23-North-7,Social,North,2025-09-02,2025-10-11,78268,5357,0.0772,,Active,2025-09-05,Boston,67
CMP-0246,Campaign-24-South-1,Paid Social,South,2025-09-03,2025-10-26,63289,589,0.1417,,Current,2025-09-13,Austin,27
CMP-0247,Campaign-25-East-2,paid_social,East,09/04/2025,2025-10-17,71237,463,0.1534,1823.48,Live,2025-09-08,Boston,41
CMP-0248,Campaign-26-West-3,Paid-Social,West,2025-09-05,2025-10-17,63294,5263,0.1435,5866.32,Paused,2025-09-08,Denver,56
CMP-0249,Campaign-27-North-4,Email,North,2025-09-06,2025-10-17,60743,3276,0.1387,2538.29,Active,2025-09-08,Detroit,71
CMP-0250,N/A,Search,South,2025-09-07,2025-10-10,41430,1072,0.0460,2737.28,Current,2025-09-14,Atlanta,42
CMP-0251,Campaign-29-East-6,Display,East,2025-09-08,2025-09-24,63953,2650,0.0497,5309.43,Live,2025-09-09,Philadelphia,57
CMP-0252,Campaign-30-West-7,Social,West,2025-09-09,2025-09-24,39353,6256,0.0719,1962.08,Paused,2025-09-13,Portland,71
CMP-0253,Campaign-31-North-1,Paid Social,North,2025-09-10,2025-11-25,2685,306,0.1527,6436.08,Active,2025-09-16,Seattle,31
CMP-0254,Campaign-32-South-2,paid_social,South,2025-09-11,2025-09-30,34363,4147,0.1519,2218.03,Current,2025-09-17,Miami,46
CMP-0255,Campaign-33-East-3,Paid-Social,East,2025-09-12,2025-11-27,81881,1853,0.0143,2422.11,Live,2025-09-22,Baltimore,72
CMP-0256,,Email,West,2025-09-13,2025-11-22,91008,4062,0.1094,4314.74,Paused,2025-09-19,Los Angeles,31
CMP-0257,Campaign-35-North-5,Search,North,2025-09-14,2025-11-06,27657,4497,0.1458,2211.11,Active,2025-09-23,Chicago,46
CMP-0258,Campaign-36-South-6,Display,South,2025-09-15,2025-11-05,53960,4461,0.1344,6477.40,Current,2025-09-16,Austin,61
CMP-0259,Campaign-37-East-7,Social,East,2025-09-16,2025-11-17,62242,5648,0.0157,2065.45,Live,2025-09-24,New York,21
CMP-0260,Campaign-1-West-1,Paid Social,West,2025-09-17,2025-10-12,87644,3935,0.0673,3430.55,Paused,2025-09-23,San Francisco,47
CMP-0261,Campaign-2-North-2,paid_social,North,2025-09-18,2025-10-10,35831,1025,0.0437,,Active,2025-09-22,Boston,61
CMP-0262,Campaign-3-South-3,Paid-Social,South,2025-09-19,2025-10-31,29168,3829,0.1484,2677.89,Current,2025-09-20,Austin,21
CMP-0263,Campaign-4-East-4,Email,East,2025-09-20,2025-12-03,63409,2936,0.0334,6054.75,Live,2025-09-23,Boston,36
CMP-0264,Campaign-5-West-5,Search,West,2025-09-21,2025-10-23,93104,4992,0.0523,2057.64,Paused,2025-09-28,Denver,51
CMP-0265,Campaign-6-North-6,Display,North,2025-09-22,2025-11-04,56593,6786,0.0721,4387.13,Active,2025-09-24,Detroit,22
CMP-0266,Campaign-7-South-7,Social,South,2025-09-23,2025-11-19,50470,7017,0.0621,2933.89,Current,2025-10-02,Atlanta,36
CMP-0267,Campaign-8-East-1,Paid Social,East,2025-09-24,2025-12-16,76284,6349,0.1116,1259.34,Live,2025-09-30,Philadelphia,51
CMP-0268,Campaign-9-West-2,paid_social,West,2025-09-25,2025-11-01,44544,4564,0.0211,5346.91,Paused,2025-09-30,Portland,66
CMP-0269,Campaign-10-North-3,Paid-Social,North,2025-09-26,2025-10-26,11583,3828,0.0338,2198.29,Active,2025-09-30,Seattle,26
CMP-0270,Campaign-11-South-4,Email,South,2025-09-27,2025-11-12,82759,3388,0.0766,5130.73,Current,2025-10-02,Miami,51
CMP-0271,Campaign-12-East-5,Search,East,2025-09-28,2025-11-11,92172,811,0.1007,2555.89,Live,2025-10-06,Baltimore,66
CMP-0272,Campaign-13-West-6,Display,West,2025-09-29,2025-11-18,92342,6690,0.0179,1892.27,Paused,2025-10-08,Los Angeles,26
CMP-0273,,Social,North,2025-09-30,2025-12-11,57756,6160,0.0542,4553.95,Active,2025-10-05,Chicago,41
CMP-0274,Campaign-15-South-1,Paid Social,South,2025-10-01,2025-10-23,93697,511,0.0847,2658.58,Current,2025-10-07,Austin,56
CMP-0275,Campaign-16-East-2,paid_social,East,2025-10-02,2025-12-21,42826,1910,0.0470,5513.28,Live,2025-10-03,New York,26
CMP-0276,Campaign-17-West-3,Paid-Social,West,2025-10-03,2025-11-15,23510,4694,0.1447,2360.20,Paused,2025-10-08,San Francisco,41
CMP-0277,Campaign-18-North-4,Email,North,2025-10-04,2025-12-08,69067,6209,0.1135,,Active,2025-10-13,Boston,56
CMP-0278,Campaign-19-South-5,Search,South,2025-10-05,2025-10-28,36051,6646,0.0472,3826.63,Current,2025-10-12,Austin,71
CMP-0279,Campaign-20-East-6,Display,East,2025-10-06,2025-10-24,82219,3093,0.0674,827.63,Live,2025-10-07,Boston,41
CMP-0280,Campaign-21-West-7,Social,West,2025-10-07,2025-12-24,1259,629,0.0160,5485.49,Paused,2025-10-08,Denver,56
CMP-0281,Campaign-22-North-1,Paid Social,North,2025-10-08,2026-01-03,42289,5259,0.0273,2345.05,Active,2025-10-09,Detroit,71
CMP-0282,Campaign-23-South-2,paid_social,South,2025-10-09,2025-10-18,78972,946,0.0732,80.17,Current,2025-10-19,Atlanta,31
CMP-0283,Campaign-24-East-3,Paid-Social,East,2025-10-10,2025-11-05,65785,1705,0.1507,3246.65,Live,,Philadelphia,46
CMP-0284,Campaign-25-West-4,Email,West,2025-10-11,2025-12-14,5509,1693,0.0133,1171.10,Paused,2025-10-20,Portland,71
CMP-0285,Campaign-26-North-5,Search,North,2025-10-12,2025-12-19,60035,5744,0.0858,5117.63,Active,2025-10-19,Seattle,31
CMP-0286,Campaign-27-South-6,Display,South,2025-10-13,2025-12-10,11373,921,0.0529,2680.51,Current,2025-10-15,Miami,46
CMP-0287,Campaign-28-East-7,Social,East,2025-10-14,2025-10-31,1857,1581,0.0122,4120.67,Live,2025-10-15,Baltimore,61
CMP-0288,Campaign-29-West-1,Paid Social,West,10/15/2025,2025-10-28,41230,105,0.1006,2844.37,Paused,2025-10-16,Los Angeles,20
CMP-0289,Campaign-30-North-2,paid_social,North,2025-10-16,2025-12-01,23044,3255,0.0369,1601.19,Active,2025-10-18,Chicago,46
CMP-0290,,Paid-Social,South,2025-10-17,2025-12-18,65758,867,0.0576,11179.22,Current,2025-10-27,Austin,61
CMP-0291,Campaign-32-East-4,Email,East,2025-10-18,2025-11-25,7083,729,0.1387,776.60,Live,2025-10-26,New York,21
CMP-0292,Campaign-33-West-5,Search,West,2025-10-19,2025-10-31,68202,5830,0.0218,4625.43,Paused,2025-10-29,San Francisco,36
CMP-0293,Campaign-34-North-6,Display,North,2025-10-20,2025-12-23,63396,226,0.1352,2633.22,Active,2025-10-30,Boston,50
CMP-0294,Campaign-35-South-7,Social,South,2025-10-21,2025-11-19,77821,5881,0.0990,2137.65,Current,2025-10-30,Austin,21
CMP-0295,Campaign-36-East-1,Paid Social,East,2025-10-22,2025-11-06,26139,1670,0.0802,3948.11,Live,2025-10-30,Boston,36
CMP-0296,Campaign-37-West-2,paid_social,West,2025-10-23,2025-11-11,68335,3496,3.29,935.15,Paused,2025-10-25,Denver,51
CMP-0297,Campaign-1-North-3,Paid-Social,North,2025-10-24,2025-11-17,77738,7105,0.1369,4822.97,Active,2025-10-29,Detroit,65
CMP-0298,Campaign-2-South-4,Email,South,2025-10-25,2026-01-02,4234,5509,0.0672,2733.74,Current,2025-10-31,Atlanta,25
CMP-0299,Campaign-3-East-5,Search,East,2025-10-26,2025-12-05,72620,2632,0.0163,2752.58,Live,2025-10-30,Philadelphia,51
CMP-0300,Campaign-4-West-6,Display,West,2025-10-27,2025-12-15,13835,3293,0.0813,3410.43,Paused,2025-11-05,Portland,66
CMP-0301,Campaign-5-North-7,Social,North,2025-10-28,2025-11-22,42692,4825,0.0762,1150.40,Active,2025-10-30,Seattle,26
CMP-0302,Campaign-6-South-1,Paid Social,South,2025-10-29,2025-11-22,36095,1032,0.0749,4703.01,Current,2025-11-01,Miami,40
CMP-0303,Campaign-7-East-2,paid_social,East,2025-10-30,2025-12-24,36009,1896,0.1277,1059.12,Live,2025-11-06,Baltimore,55
CMP-0304,Campaign-8-West-3,Paid-Social,West,2025-10-31,2025-12-27,21051,4294,0.1273,3369.89,Paused,2025-11-10,Los Angeles,26
CMP-0305,Campaign-9-North-4,Email,North,2025-11-01,2025-11-30,3144,4381,0.1154,3008.32,Active,2025-11-04,Chicago,41
CMP-0306,Campaign-10-South-5,Search,South,2025-11-02,2025-12-18,21429,5231,0.0307,1451.82,Current,2025-11-05,Austin,56
CMP-0307,,Display,East,2025-11-03,2025-12-31,22582,4332,0.0409,4341.86,Live,2025-11-04,New York,70
CMP-0308,Campaign-12-West-7,Social,West,2025-11-04,2026-01-26,84262,5788,0.0616,1028.42,Paused,2025-11-06,San Francisco,30
CMP-0309,Campaign-13-North-1,Paid Social,North,2025-11-05,2026-01-20,69477,4876,0.1066,,Active,2025-11-10,Boston,56
CMP-0310,Campaign-14-South-2,paid_social,South,2025-11-06,2025-11-28,42200,1046,0.0760,2799.99,Current,2025-11-08,Austin,71
CMP-0311,Campaign-15-East-3,Paid-Social,East,2025-11-07,2025-12-13,31481,6201,0.0999,1848.76,Live,2025-11-10,Boston,30
CMP-0312,Campaign-16-West-4,Email,West,2025-11-08,2026-01-03,78729,3045,0.1386,3858.84,Paused,2025-11-12,Denver,45
CMP-0313,Campaign-17-North-5,Search,North,2025-11-09,2026-02-06,62883,4368,0.1463,1071.70,Active,2025-11-17,Detroit,60
CMP-0314,Campaign-18-South-6,Display,South,2025-11-10,2026-01-06,92295,329,0.1025,4174.57,Current,2025-11-20,Atlanta,31
CMP-0315,Campaign-19-East-7,Social,East,2025-11-11,2026-01-08,83603,954,0.0337,1916.32,Live,2025-11-17,Philadelphia,46
CMP-0316,Campaign-20-West-1,Paid Social,West,2025-11-12,2026-01-09,9179,3795,0.0142,2326.95,Paused,2025-11-16,Portland,60
CMP-0317,Campaign-21-North-2,paid_social,North,13 Nov 2025,2026-01-28,54231,6301,0.1094,3363.49,Active,2025-11-19,Seattle,20
CMP-0318,Campaign-22-South-3,Paid-Social,South,2025-11-14,2025-12-17,35298,1874,0.0266,1194.72,Current,2025-11-21,Miami,35
CMP-0319,Campaign-23-East-4,Email,East,2025-11-15,2026-01-01,43217,338,0.0177,17720.68,Live,2025-11-21,Baltimore,61
CMP-0320,Campaign-24-West-5,Search,West,2025-11-16,2025-12-08,8049,6044,0.1114,1514.36,Paused,2025-11-23,Los Angeles,20
CMP-0321,Campaign-25-North-6,Display,North,2025-11-17,2025-12-18,64706,641,0.1145,2837.98,Active,2025-11-25,Chicago,35
CMP-0322,Campaign-26-South-7,Social,South,2025-11-18,2025-12-04,85699,1075,0.0329,2857.75,Current,2025-11-23,Austin,50
CMP-0323,Campaign-27-East-1,Paid Social,East,2025-11-19,2025-12-24,32061,5220,0.0618,1402.15,Live,2025-11-28,New York,65
CMP-0324,,paid_social,West,2025-11-20,2026-01-12,5833,4930,0.1352,3975.29,Paused,2025-11-29,San Francisco,36
CMP-0325,Campaign-29-North-3,Paid-Social,North,2025-11-21,2025-11-30,15008,2720,0.0453,1321.16,Active,2025-11-23,Boston,50
CMP-0326,Campaign-30-South-4,Email,South,2025-11-22,2025-12-04,26686,5200,0.1451,3298.84,Current,2025-11-28,Austin,65
CMP-0327,Campaign-31-East-5,Search,East,2025-11-23,2025-11-30,21711,950,0.0601,3867.66,Live,2025-11-29,Boston,25
CMP-0328,Campaign-32-West-6,Display,West,2025-11-24,2025-12-16,12228,2291,0.0862,1696.65,Paused,2025-11-29,Denver,40
CMP-0329,Campaign-33-North-7,Social,North,11/25/2025,2025-12-16,68074,1790,0.0505,33.74,Active,2025-12-04,Detroit,65
CMP-0330,Campaign-34-South-1,Paid Social,South,2025-11-26,2025-12-20,29268,4230,0.0672,1260.60,Current,,Atlanta,25
CMP-0331,Campaign-35-East-2,paid_social,East,2025-01-01,2025-02-06,50345,6610,0.0274,3611.54,Live,2025-01-04,Philadelphia,40
CMP-0332,Campaign-36-West-3,Paid-Social,West,2025-01-02,2025-02-01,24134,1830,0.1112,2666.05,Paused,2025-01-09,Portland,55
CMP-0333,N/A,Email,North,2025-01-03,2025-02-05,65283,6556,0.1402,2068.99,Active,2025-01-11,Seattle,70
CMP-0334,Enterprise Summit - Global,Paid Social,South,2025-01-04,2025-03-14,450000,506250,1.1250,2889.41,Current,2025-01-09,Miami,40
CMP-0335,Campaign-2-East-6,Display,East,2025-01-05,2025-02-02,38711,6966,0.0650,1301.47,Live,2025-01-10,Baltimore,55
CMP-0336,Campaign-3-West-7,Social,West,2025-01-06,2025-02-01,34749,1209,0.1192,3697.39,Paused,2025-01-08,Los Angeles,70
CMP-0337,Campaign-4-North-1,Paid Social,North,2025-01-07,2025-04-05,93641,1343,0.0983,2026.95,Active,2025-01-15,Chicago,30
CMP-0338,Campaign-5-South-2,paid_social,South,2025-01-08,2025-02-23,34638,6056,0.1010,2486.07,Current,2025-01-09,Austin,45
CMP-0339,Campaign-6-East-3,Paid-Social,East,2025-01-09,2025-02-20,62414,782,0.0409,7094.11,Live,2025-01-10,New York,70
CMP-0340,Campaign-7-West-4,Email,West,2025-01-10,2025-03-04,45834,233,0.0498,1432.22,Paused,2025-01-18,San Francisco,30
CMP-0341,,Search,North,2025-01-11,2025-01-19,76020,3443,0.0151,3517.82,Active,2025-01-15,Boston,45
CMP-0342,Campaign-9-South-6,Display,South,2025-01-12,2025-02-17,27850,4228,0.0764,1678.51,Current,2025-01-22,Austin,60
CMP-0343,Campaign-10-East-7,Social,East,2025-01-13,2025-02-10,52147,4514,0.1321,2883.68,Live,2025-01-14,Boston,19
CMP-0344,Campaign-11-West-1,Paid Social,West,2025-01-14,2025-04-10,79881,3347,0.0494,4757.30,Paused,2025-01-24,Denver,45
CMP-0345,Campaign-12-North-2,paid_social,North,2025-01-15,2025-03-02,7075,7249,0.0439,1648.19,Active,2025-01-21,Detroit,60
CMP-0346,Campaign-13-South-3,Paid-Social,South,2025-01-16,2025-03-17,71899,2060,0.1285,2888.02,Current,2025-01-23,Atlanta,20
CMP-0347,Campaign-14-East-4,Email,East,2025-01-17,2025-03-14,90056,93,0.0782,1510.55,Live,2025-01-27,Philadelphia,35
CMP-0348,Campaign-15-West-5,Search,West,2025-01-18,2025-03-14,47589,713,0.0681,15762.13,Paused,2025-01-19,Portland,49
CMP-0349,Campaign-16-North-6,Display,North,2025-01-19,2025-03-30,74893,4352,0.0337,3415.18,Active,2025-01-23,Seattle,20
CMP-0350,Campaign-17-South-7,Social,South,2025-01-20,2025-04-10,57659,1460,0.1265,1940.51,Current,2025-01-29,Miami,35
CMP-0351,Campaign-18-East-1,Paid Social,East,2025-01-21,2025-03-25,54916,4759,0.0568,9911.06,Live,2025-01-31,Baltimore,50
CMP-0352,Campaign-19-West-2,paid_social,West,2025-01-22,2025-04-02,12791,980,0.0090,1470.32,Paused,2025-01-31,Los Angeles,64
CMP-0353,Campaign-20-North-3,Paid-Social,North,2025-01-23,2025-04-16,66707,3399,0.1064,3250.15,Active,2025-02-01,Chicago,24
CMP-0354,Campaign-21-South-4,Email,South,2025-01-24,2025-02-16,23105,7074,0.0098,2593.76,Current,2025-01-26,Austin,50
CMP-0355,Campaign-22-East-5,Search,East,2025-01-25,2025-04-22,56819,5111,3.50,2283.84,Live,2025-01-30,New York,65
CMP-0356,Campaign-23-West-6,Display,West,2025-01-26,2025-03-13,25618,4141,0.0839,7267.29,Paused,2025-02-02,San Francisco,25
CMP-0357,Campaign-24-North-7,Social,North,2025-01-27,2025-02-22,37444,7062,0.0472,1532.84,Active,2025-02-04,Boston,39
CMP-0358,,Paid Social,South,2025-01-28,2025-04-01,37007,3541,0.1454,2859.91,Current,2025-02-01,Austin,54
CMP-0359,Campaign-26-East-2,paid_social,East,2025-01-29,2025-02-26,83519,1761,0.0246,2098.53,Live,2025-02-06,Boston,25
CMP-0360,Campaign-27-West-3,Paid-Social,West,2025-01-30,2025-04-04,79340,1356,0.0204,2625.23,Paused,2025-02-05,Denver,40
CMP-0361,Campaign-28-North-4,Email,North,2025-01-31,2025-03-06,39197,2513,0.0730,5426.91,Active,2025-02-07,Detroit,54
CMP-0362,Campaign-29-South-5,Search,South,2025-02-01,2025-04-05,18670,5315,0.0596,1686.22,Current,2025-02-10,Atlanta,69
CMP-0363,Campaign-30-East-6,Display,East,2025-02-02,2025-04-25,76628,349,0.1253,9572.74,Live,2025-02-04,Philadelphia,29
CMP-0364,Campaign-31-West-7,Social,West,2025-02-03,2025-02-26,57836,5839,0.0662,1821.26,Paused,2025-02-13,Portland,55
CMP-0365,Campaign-32-North-1,Paid Social,North,2025-02-04,2025-03-03,23007,3873,0.1308,2876.56,Active,2025-02-08,Seattle,70
CMP-0366,Campaign-33-South-2,paid_social,South,2025-02-05,2025-02-27,23729,7253,0.0911,4096.41,Current,2025-02-13,Miami,29
CMP-0367,Campaign-34-East-3,Paid-Social,East,2025-02-06,2025-02-24,49882,5506,0.0120,1920.35,Live,2025-02-09,Baltimore,44
CMP-0368,Campaign-35-West-4,Email,West,2025-02-07,2025-05-06,82450,3123,0.0300,8401.38,Paused,2025-02-15,Los Angeles,59
CMP-0369,Campaign-36-North-5,Search,North,2025-02-08,2025-03-24,23625,2814,0.0646,1699.50,Active,2025-02-18,Chicago,30
CMP-0370,Campaign-37-South-6,Display,South,02/09/2025,2025-04-21,26024,3906,0.0223,2821.83,Current,2025-02-13,Austin,45
CMP-0371,Campaign-1-East-7,Social,East,2025-02-10,2025-03-26,43962,1292,0.0712,3169.92,Live,2025-02-17,New York,59
CMP-0372,Campaign-2-West-1,Paid Social,West,2025-02-11,2025-03-23,42430,91,0.1546,2215.09,Paused,2025-02-16,San Francisco,19
CMP-0373,Campaign-3-North-2,paid_social,North,2025-02-12,2025-04-07,81403,6248,0.0502,7106.26,Active,2025-02-22,Boston,34
CMP-0374,Campaign-4-South-3,Paid-Social,South,2025-02-13,2025-04-16,48492,6931,0.1012,1699.10,Current,2025-02-14,Austin,60
CMP-0375,,Email,East,2025-02-14,2025-02-24,61278,5232,0.0475,6462.14,Live,2025-02-16,Boston,19
CMP-0376,Campaign-6-West-5,Search,West,2025-02-15,2025-03-30,72414,1018,0.1509,67.31,Paused,2025-02-19,Denver,34
CMP-0377,Campaign-7-North-6,Display,North,2025-02-16,2025-03-03,50073,3570,0.0142,13803.59,Active,,Detroit,49
CMP-0378,Campaign-8-South-7,Social,South,2025-02-17,2025-02-27,73843,5890,0.1305,5787.07,Current,2025-02-26,Atlanta,64
CMP-0379,Campaign-9-East-1,Paid Social,East,2025-02-18,2025-03-06,81036,2776,0.1298,1802.94,Live,2025-02-28,Philadelphia,35
CMP-0380,Campaign-10-West-2,paid_social,West,2025-02-19,2025-04-20,9650,186,0.0183,7048.67,Paused,2025-02-25,Portland,49
CMP-0381,Campaign-11-North-3,Paid-Social,North,2025-02-20,2025-04-04,35671,2588,0.0637,2179.26,Active,2025-02-26,Seattle,64
CMP-0382,Campaign-12-South-4,Email,South,2025-02-21,2025-05-01,46880,6141,0.1064,2796.17,Current,2025-02-24,Miami,24
CMP-0383,Campaign-13-East-5,Search,East,2025-02-22,2025-03-09,7711,5536,0.0332,4615.90,Live,2025-02-23,Baltimore,39
CMP-0384,Campaign-14-West-6,Display,West,2025-02-23,2025-05-21,81194,6655,0.1310,2002.04,Paused,2025-02-25,Los Angeles,64
CMP-0385,Campaign-15-North-7,Social,North,2025-02-24,2025-05-12,85246,4189,0.0997,7089.91,Active,2025-02-25,Chicago,24
CMP-0386,Campaign-16-South-1,Paid Social,South,2025-02-25,2025-04-09,77979,5006,0.0567,,Current,2025-03-02,Austin,39
CMP-0387,Campaign-17-East-2,paid_social,East,2025-02-26,2025-03-27,30172,4038,0.1001,3421.41,Live,2025-03-05,New York,54
CMP-0388,Campaign-18-West-3,Paid-Social,West,2025-02-27,2025-05-27,75421,6265,0.0734,3684.02,Paused,2025-03-01,San Francisco,69
CMP-0389,Campaign-19-North-4,Email,North,2025-02-28,2025-04-29,69953,2734,0.1394,2289.77,Active,2025-03-05,Boston,39
CMP-0390,Campaign-20-South-5,Search,South,2025-03-01,2025-05-06,40978,2235,0.1404,6612.98,Current,2025-03-07,Austin,54
CMP-0391,Campaign-21-East-6,Display,East,2025-03-02,2025-05-22,36207,5027,0.0817,,Live,2025-03-08,Boston,69
CMP-0392,,Social,West,2025-03-03,2025-04-25,69610,7024,0.0600,4519.31,Paused,2025-03-06,Denver,29
CMP-0393,Campaign-23-North-1,Paid Social,North,2025-03-04,2025-04-21,24958,4428,0.0480,3005.30,Active,2025-03-11,Detroit,54
CMP-0394,Campaign-24-South-2,paid_social,South,2025-03-05,2025-03-21,69461,6644,0.1514,633.59,Current,2025-03-10,Atlanta,69
CMP-0395,Campaign-25-East-3,Paid-Social,East,2025-03-06,2025-03-16,85741,2879,0.0666,5807.20,Live,2025-03-14,Philadelphia,29
CMP-0396,Campaign-26-West-4,Email,West,07 Mar 2025,2025-04-29,4209,3420,0.0941,1995.85,Paused,2025-03-14,Portland,44
CMP-0397,Campaign-27-North-5,Search,North,2025-03-08,2025-06-06,51764,5345,0.0993,5394.98,Active,2025-03-13,Seattle,59
CMP-0398,Campaign-28-South-6,Display,South,2025-03-09,2025-04-11,33463,670,0.0765,2553.01,Current,2025-03-11,Miami,29
CMP-0399,Campaign-29-East-7,Social,East,2025-03-10,2025-04-20,30265,5739,0.0122,1710.93,Live,2025-03-18,Baltimore,44
CMP-0400,Campaign-30-West-1,Paid Social,West,2025-03-11,2025-05-13,51778,1653,0.1070,4897.99,Paused,2025-03-20,Los Angeles,59
CMP-0401,Campaign-31-North-2,paid_social,North,2025-03-12,2025-06-09,54176,5409,0.0914,2200.50,Active,2025-03-17,Chicago,19
CMP-0402,Campaign-32-South-3,Paid-Social,South,2025-03-13,2025-04-23,11036,4316,0.0714,,Current,2025-03-17,Austin,33
CMP-0403,Campaign-33-East-4,Email,East,2025-03-14,2025-06-12,86562,2131,0.0147,2291.60,Live,2025-03-21,New York,59
CMP-0404,Campaign-34-West-5,Search,West,2025-03-15,2025-06-08,84376,2632,0.0702,2521.70,Paused,2025-03-20,San Francisco,19
CMP-0405,Campaign-35-North-6,Display,North,2025-03-16,2025-04-16,77662,5678,0.1338,4058.03,Active,2025-03-21,Boston,34
CMP-0406,Campaign-36-South-7,Social,South,2025-03-17,2025-05-14,15708,4247,0.0169,11845.05,Current,2025-03-23,Austin,49
CMP-0407,Campaign-37-East-1,Paid Social,East,2025-03-18,2025-05-12,58644,4413,0.0246,,Live,2025-03-23,Boston,63
CMP-0408,Campaign-1-West-2,paid_social,West,2025-03-19,2025-05-14,53573,2485,0.0194,2195.96,Paused,2025-03-20,Denver,34
CMP-0409,,Paid-Social,North,2025-03-20,2025-04-19,66742,6904,0.0474,3391.81,Active,2025-03-26,Detroit,49
CMP-0410,Campaign-3-South-4,Email,South,2025-03-21,2025-06-06,4097,6684,0.0311,3379.54,Current,2025-03-29,Atlanta,64
CMP-0411,Campaign-4-East-5,Search,East,03/22/2025,2025-06-15,89895,3697,0.0866,989.09,Live,2025-03-29,Philadelphia,24
CMP-0412,Campaign-5-West-6,Display,West,2025-03-23,2025-06-04,68448,4103,0.0832,5530.25,Paused,2025-04-02,Portland,38
CMP-0413,Campaign-6-North-7,Social,North,2025-03-24,2025-05-21,88581,1043,0.0800,2268.79,Active,2025-03-30,Seattle,64
CMP-0414,Campaign-7-South-1,Paid Social,South,2025-03-25,2025-05-11,65460,2836,6.09,4212.59,Current,2025-03-31,Miami,24
CMP-0415,Campaign-8-East-2,paid_social,East,2025-03-26,2025-05-18,39410,5312,0.0858,2891.54,Live,2025-04-02,Baltimore,39
CMP-0416,N/A,Paid-Social,West,2025-03-27,2025-06-04,8912,4489,0.0883,1451.89,Paused,2025-04-02,Los Angeles,53
CMP-0417,Campaign-10-North-4,Email,North,2025-03-28,2025-04-28,10326,3269,0.1392,4915.60,Active,2025-04-02,Chicago,68
CMP-0418,Campaign-11-South-5,Search,South,2025-03-29,2025-06-10,60886,613,0.0799,,Current,2025-04-02,Austin,39
CMP-0419,Campaign-12-East-6,Display,East,2025-03-30,2025-05-28,84218,2341,0.0142,4829.45,Live,2025-03-31,New York,54
CMP-0420,Campaign-13-West-7,Social,West,2025-03-31,2025-04-16,75490,765,0.0731,2592.70,Paused,2025-04-10,San Francisco,69
CMP-0421,Campaign-14-North-1,Paid Social,North,2025-04-01,2025-04-14,28003,6342,0.0560,2017.62,Active,2025-04-07,Boston,28
CMP-0422,Campaign-15-South-2,paid_social,South,2025-04-02,2025-06-15,6762,3953,0.1278,4233.01,Current,2025-04-08,Austin,43
CMP-0423,Campaign-16-East-3,Paid-Social,East,2025-04-03,2025-05-18,47421,3951,0.0943,,Live,2025-04-10,Boston,69
CMP-0424,Campaign-17-West-4,Email,West,2025-04-04,2025-06-24,76692,1527,0.1432,5119.36,Paused,,Denver,29
CMP-0425,Campaign-18-North-5,Search,North,2025-04-05,2025-06-18,26236,1211,0.0736,2486.46,Active,2025-04-10,Detroit,43
CMP-0426,,Display,South,2025-04-06,2025-05-23,17446,6048,0.0484,2679.84,Current,2025-04-08,Atlanta,58
CMP-0427,Campaign-20-East-7,Social,East,2025-04-07,2025-04-29,43709,4770,0.0386,3612.82,Live,2025-04-15,Philadelphia,18
CMP-0428,Campaign-21-West-1,Paid Social,West,2025-04-08,2025-05-09,54174,3374,0.0786,1013.16,Paused,2025-04-13,Portland,44
CMP-0429,Campaign-22-North-2,paid_social,North,2025-04-09,2025-06-16,11115,2573,0.1509,5051.93,Active,2025-04-13,Seattle,59
CMP-0430,Campaign-23-South-3,Paid-Social,South,2025-04-10,2025-04-28,22868,6252,0.0477,615.63,Current,2025-04-19,Miami,18
CMP-0431,Campaign-24-East-4,Email,East,2025-04-11,2025-06-19,63943,1001,0.0413,3370.43,Live,2025-04-16,Baltimore,33
CMP-0432,Campaign-25-West-5,Search,West,2025-04-12,2025-05-21,2989,2482,0.0408,3129.02,Paused,2025-04-19,Los Angeles,48
CMP-0433,Campaign-26-North-6,Display,North,2025-04-13,2025-05-25,23871,4319,0.0315,1321.38,Active,2025-04-17,Chicago,19
CMP-0434,Campaign-27-South-7,Social,South,2025-04-14,2025-05-06,40496,6856,0.0391,,Current,2025-04-16,Austin,33
CMP-0435,Campaign-28-East-1,Paid Social,East,2025-04-15,2025-06-26,28299,4234,0.0229,18386.50,Live,2025-04-25,New York,48
CMP-0436,Campaign-29-West-2,paid_social,West,2025-04-16,2025-06-04,63403,2373,0.1362,3974.79,Paused,2025-04-18,San Francisco,63
CMP-0437,Campaign-30-North-3,Paid-Social,North,2025-04-17,2025-06-04,71556,3191,0.0660,2819.43,Active,2025-04-25,Boston,23
CMP-0438,Campaign-31-South-4,Email,South,2025-04-18,2025-05-04,19057,3037,0.1099,1727.64,Current,2025-04-23,Austin,49
CMP-0439,Campaign-32-East-5,Search,East,2025-04-19,2025-07-16,19908,3299,0.0622,,Live,2025-04-26,Boston,63
CMP-0440,Campaign-33-West-6,Display,West,2025-04-20,2025-05-20,52787,6772,0.0997,951.40,Paused,2025-04-29,Denver,23
CMP-0441,Campaign-34-North-7,Social,North,2025-04-21,2025-05-28,48193,6177,0.0980,4371.11,Active,2025-04-29,Detroit,38
CMP-0442,Campaign-35-South-1,Paid Social,South,2025-04-22,2025-05-08,7555,5892,0.0610,1633.26,Current,2025-04-29,Atlanta,53
CMP-0443,,paid_social,East,2025-04-23,2025-06-14,77268,2556,0.0711,2229.34,Live,2025-04-25,Philadelphia,24
CMP-0444,Campaign-37-West-3,Paid-Social,West,2025-04-24,2025-07-20,68173,1882,0.0155,3654.05,Paused,2025-04-25,Portland,38
CMP-0445,Campaign-1-North-4,Email,North,2025-04-25,2025-06-28,10149,2616,0.1291,1077.80,Active,2025-05-01,Seattle,53
CMP-0446,Campaign-2-South-5,Search,South,2025-04-26,2025-06-14,60115,6334,0.0343,4483.88,Current,2025-05-01,Miami,68
CMP-0447,Campaign-3-East-6,Display,East,2025-04-27,2025-07-09,71490,4340,0.1457,1410.10,Live,2025-04-30,Baltimore,28
CMP-0448,Campaign-4-West-7,Social,West,2025-04-28,2025-05-24,53625,5939,0.0584,2787.29,Paused,2025-04-29,Los Angeles,53
CMP-0449,Campaign-5-North-1,Paid Social,North,2025-04-29,2025-07-11,78321,4337,0.0332,3188.36,Active,2025-05-04,Chicago,68
CMP-0450,Campaign-6-South-2,paid_social,South,2025-04-30,2025-06-02,1259,6555,0.1539,,Current,2025-05-10,Austin,28
CMP-0451,Campaign-7-East-3,Paid-Social,East,2025-05-01,2025-05-08,92112,3539,0.0248,4317.60,Live,2025-05-04,New York,43
CMP-0452,Campaign-8-West-4,Email,West,05/02/2025,2025-07-04,49652,2722,0.0423,1223.98,Paused,2025-05-11,San Francisco,58
CMP-0453,Campaign-9-North-5,Search,North,2025-05-03,2025-06-09,35735,2381,0.0812,3322.10,Active,2025-05-09,Boston,28
CMP-0454,Campaign-10-South-6,Display,South,2025-05-04,2025-05-21,79984,4685,0.0550,4884.54,Current,2025-05-10,Austin,43
CMP-0455,Campaign-11-East-7,Social,East,2025-05-05,2025-07-30,84406,1618,0.1162,,Live,2025-05-15,Boston,58
CMP-0456,Campaign-12-West-1,Paid Social,West,2025-05-06,2025-07-21,12570,3860,0.0147,3946.96,Paused,2025-05-13,Denver,18
CMP-0457,Campaign-13-North-2,paid_social,North,2025-05-07,2025-05-25,84070,1621,0.1095,1161.60,Active,2025-05-08,Detroit,32
CMP-0458,Campaign-14-South-3,Paid-Social,South,2025-05-08,2025-08-06,33483,3727,0.0616,3730.48,Current,2025-05-15,Atlanta,58
CMP-0459,Campaign-15-East-4,Email,East,2025-05-09,2025-07-20,2140,2647,0.0806,2744.64,Live,2025-05-10,Philadelphia,18
CMP-0460,,Search,West,2025-05-10,2025-06-27,16083,5650,0.1262,1958.02,Paused,2025-05-18,Portland,33
CMP-0461,Campaign-17-North-6,Display,North,2025-05-11,2025-07-08,16146,1250,0.0582,3469.48,Active,2025-05-20,Seattle,48
CMP-0462,Campaign-18-South-7,Social,South,2025-05-12,2025-06-11,46143,3935,0.0559,1196.44,Current,2025-05-13,Miami,62
CMP-0463,Campaign-19-East-1,Paid Social,East,2025-05-13,2025-07-19,26391,277,0.0816,3922.21,Live,2025-05-22,Baltimore,33
CMP-0464,Campaign-20-West-2,paid_social,West,2025-05-14,2025-07-09,21729,3716,0.0767,16427.96,Paused,2025-05-19,Los Angeles,48
CMP-0465,Campaign-21-North-3,Paid-Social,North,2025-05-15,2025-06-26,44081,1361,0.0806,2402.96,Active,2025-05-22,Chicago,63
CMP-0466,Campaign-22-South-4,Email,South,2025-05-16,2025-08-12,73486,6399,0.0096,11200.00,Current,2025-05-17,Austin,22
CMP-0467,Campaign-23-East-5,Search,East,2025-05-17,2025-06-30,92112,5729,0.0231,1318.90,Live,2025-05-19,New York,37
CMP-0468,Campaign-24-West-6,Display,West,2025-05-18,2025-06-29,91075,5628,0.0280,3856.66,Paused,2025-05-20,San Francisco,63
CMP-0469,Campaign-25-North-7,Social,North,2025-05-19,2025-07-06,20880,680,0.0662,1617.91,Active,2025-05-27,Boston,23
CMP-0470,Campaign-26-South-1,Paid Social,South,2025-05-20,2025-07-17,59805,6128,0.1247,,Current,2025-05-23,Austin,38
CMP-0471,Campaign-27-East-2,paid_social,East,2025-05-21,2025-07-19,3960,3038,0.0906,5366.12,Live,,Boston,52
CMP-0472,Campaign-28-West-3,Paid-Social,West,2025-05-22,2025-06-09,69995,4224,0.1169,1527.35,Paused,2025-06-01,Denver,67
CMP-0473,Campaign-29-North-4,Email,North,2025-05-23,2025-06-23,69266,1856,10.04,3545.42,Active,2025-05-24,Detroit,38
CMP-0474,Campaign-30-South-5,Search,South,2025-05-24,2025-07-27,63545,364,0.0966,1429.95,Current,2025-05-26,Atlanta,53
CMP-0475,Campaign-31-East-6,Display,East,25 May 2025,2025-07-28,46112,4146,0.0122,3230.26,Live,2025-06-01,Philadelphia,68
CMP-0476,Campaign-32-West-7,Social,West,2025-05-26,2025-06-08,16829,3293,0.0956,3613.41,Paused,2025-06-02,Portland,27
CMP-0477,,Paid Social,North,2025-05-27,2025-07-11,36348,3738,0.0954,1818.18,Active,2025-05-31,Seattle,42
CMP-0478,Campaign-34-South-2,paid_social,South,2025-05-28,2025-08-06,57700,4190,0.0934,11200.00,Current,2025-05-30,Miami,68
CMP-0479,Campaign-35-East-3,Paid-Social,East,2025-05-29,2025-08-03,60738,5857,0.0715,1374.40,Live,2025-06-03,Baltimore,28
CMP-0480,Campaign-36-West-4,Email,West,2025-05-30,2025-06-22,26258,3246,0.0541,3433.01,Paused,2025-06-06,Los Angeles,42
CMP-0481,Campaign-37-North-5,Search,North,2025-05-31,2025-07-25,6869,1539,0.0721,2643.21,Active,2025-06-08,Chicago,57
CMP-0482,Campaign-1-South-6,Display,South,2025-06-01,2025-07-20,36155,6165,0.0755,2174.14,Current,2025-06-06,Austin,72
CMP-0483,Campaign-2-East-7,Social,East,2025-06-02,2025-08-11,63607,5512,0.0356,8667.69,Live,2025-06-10,New York,43
CMP-0484,Campaign-3-West-1,Paid Social,West,2025-06-03,2025-07-16,88659,6266,0.0423,1422.15,Paused,2025-06-10,San Francisco,58
CMP-0485,Campaign-4-North-2,paid_social,North,2025-06-04,2025-07-05,3007,6746,0.1229,,Active,2025-06-06,Boston,72
CMP-0486,Campaign-5-South-3,Paid-Social,South,2025-06-05,2025-08-22,13265,1047,0.1299,,Current,2025-06-09,Austin,32
CMP-0487,Campaign-6-East-4,Email,East,2025-06-06,2025-07-10,14109,3962,0.0867,2552.81,Live,2025-06-12,Boston,47
CMP-0488,Campaign-7-West-5,Search,West,2025-06-07,2025-07-23,2189,5525,0.1173,6044.60,Paused,2025-06-17,Denver,18
CMP-0489,Campaign-8-North-6,Display,North,2025-06-08,2025-06-29,50023,1836,0.0345,1560.87,Active,2025-06-17,Detroit,32
CMP-0490,Campaign-9-South-7,Social,South,2025-06-09,2025-08-16,4011,3886,0.0818,11200.00,Current,2025-06-14,Atlanta,47
CMP-0491,Campaign-10-East-1,Paid Social,East,2025-06-10,2025-07-12,85821,6108,0.0204,1762.42,Live,2025-06-18,Philadelphia,62
CMP-0492,Campaign-11-West-2,paid_social,West,2025-06-11,2025-08-01,12970,6608,0.0355,2880.68,Paused,2025-06-19,Portland,22
CMP-0493,Campaign-12-North-3,Paid-Social,North,06/12/2025,2025-07-09,50211,2925,0.1005,14469.42,Active,2025-06-19,Seattle,48
CMP-0494,,Email,South,2025-06-13,2025-07-31,15797,3662,0.0536,1782.88,Current,2025-06-20,Miami,62
CMP-0495,Campaign-14-East-5,Search,East,2025-06-14,2025-06-26,7984,757,0.0285,10062.04,Live,2025-06-17,Baltimore,22
CMP-0496,Campaign-15-West-6,Display,West,2025-06-15,2025-08-10,52271,1580,0.0731,1613.55,Paused,2025-06-22,Los Angeles,37
CMP-0497,Campaign-16-North-7,Social,North,2025-06-16,2025-08-19,87253,3556,0.0656,3054.62,Active,2025-06-24,Chicago,52
CMP-0498,Campaign-17-South-1,Paid Social,South,2025-06-17,2025-07-03,50712,4922,0.1045,3294.17,Current,2025-06-19,Austin,22
CMP-0499,N/A,paid_social,East,2025-06-18,2025-08-18,36889,4533,0.0914,2073.50,Live,2025-06-27,New York,37
CMP-0500,Campaign-19-West-3,Paid-Social,West,2025-06-19,2025-07-31,5292,5124,0.1317,8073.42,Paused,2025-06-27,San Francisco,52
CMP-0501,Campaign-20-North-4,Email,North,2025-06-20,2025-09-07,91711,6823,0.0768,,Active,2025-06-23,Boston,67
CMP-0502,Campaign-21-South-5,Search,South,2025-06-21,2025-07-15,41034,2993,0.1160,,Current,2025-06-22,Austin,27
CMP-0503,Campaign-22-East-6,Display,East,2025-06-22,2025-07-31,59691,994,0.1495,2585.86,Live,2025-07-01,Boston,52
CMP-0504,Campaign-23-West-7,Social,West,2025-06-23,2025-07-03,66346,6689,0.0889,2398.49,Paused,2025-07-03,Denver,67
CMP-0505,Campaign-24-North-1,Paid Social,North,2025-06-24,2025-08-14,48192,353,0.0526,6388.10,Active,2025-07-02,Detroit,27
CMP-0506,Campaign-25-South-2,paid_social,South,2025-06-25,2025-08-03,40160,178,0.1486,1668.19,Current,2025-06-27,Atlanta,42
CMP-0507,Campaign-26-East-3,Paid-Social,East,2025-06-26,2025-09-13,56740,443,0.0783,8042.95,Live,2025-07-05,Philadelphia,67
CMP-0508,Campaign-27-West-4,Email,West,2025-06-27,2025-08-27,42356,1825,0.0592,2149.56,Paused,2025-06-28,Portland,27
CMP-0509,Campaign-28-North-5,Search,North,2025-06-28,2025-08-11,62953,449,0.0856,2691.38,Active,2025-07-05,Seattle,42
CMP-0510,Campaign-29-South-6,Display,South,2025-06-29,2025-07-17,31997,3998,0.0576,4976.35,Current,2025-07-09,Miami,57
CMP-0511,,Social,East,2025-06-30,2025-09-18,65156,5738,0.1306,1839.07,Live,2025-07-03,Baltimore,72
CMP-0512,Campaign-31-West-1,Paid Social,West,2025-07-01,2025-07-25,52244,5801,0.0345,7915.51,Paused,2025-07-03,Los Angeles,42
CMP-0513,Campaign-32-North-2,paid_social,North,2025-07-02,2025-09-04,85768,282,0.0744,1908.61,Active,2025-07-10,Chicago,57
CMP-0514,Campaign-33-South-3,Paid-Social,South,2025-07-03,2025-08-17,45515,6127,0.0468,3561.36,Current,2025-07-06,Austin,72
CMP-0515,Campaign-34-East-4,Email,East,2025-07-04,2025-09-19,87832,6158,0.1003,3881.33,Live,2025-07-09,New York,32
CMP-0516,Campaign-35-West-5,Search,West,2025-07-05,2025-08-22,17929,1149,0.0322,2090.24,Paused,2025-07-06,San Francisco,47
CMP-0517,Campaign-36-North-6,Display,North,2025-07-06,2025-10-01,34883,1960,0.1184,,Active,2025-07-16,Boston,72
CMP-0518,Campaign-37-South-7,Social,South,2025-07-07,2025-09-08,56601,6732,0.0144,,Current,,Austin,32
CMP-0519,Campaign-1-East-1,Paid Social,East,2025-07-08,2025-08-10,73794,788,0.1274,4728.99,Live,2025-07-10,Boston,47
CMP-0520,Campaign-2-West-2,paid_social,West,2025-07-09,2025-09-05,72567,1636,0.0961,3092.00,Paused,2025-07-16,Denver,62
CMP-0521,Campaign-3-North-3,Paid-Social,North,2025-07-10,2025-09-20,14372,6215,0.1119,2400.51,Active,2025-07-13,Detroit,21
CMP-0522,Campaign-4-South-4,Email,South,2025-07-11,2025-07-27,3284,2203,0.0825,12510.87,Current,2025-07-17,Atlanta,47
CMP-0523,Campaign-5-East-5,Search,East,2025-07-12,2025-08-11,38488,3979,0.0834,1844.20,Live,2025-07-13,Philadelphia,62
CMP-0524,Campaign-6-West-6,Display,West,2025-07-13,2025-07-24,47340,419,0.0348,5732.22,Paused,2025-07-21,Portland,22
CMP-0525,Campaign-7-North-7,Social,North,2025-07-14,2025-10-09,60685,3106,0.0744,2562.51,Active,2025-07-22,Seattle,37
CMP-0526,Campaign-8-South-1,Paid Social,South,2025-07-15,2025-09-29,12009,356,0.1098,1296.09,Current,2025-07-17,Miami,51
CMP-0527,Campaign-9-East-2,paid_social,East,2025-07-16,2025-07-28,18826,1694,0.0276,5294.11,Live,2025-07-20,Baltimore,22
CMP-0528,,Paid-Social,West,2025-07-17,2025-07-31,57619,3129,0.1244,1984.35,Paused,2025-07-25,Los Angeles,37
CMP-0529,Campaign-11-North-4,Email,North,2025-07-18,2025-09-26,11886,1095,0.1390,6317.92,Active,2025-07-25,Chicago,52
CMP-0530,Campaign-12-South-5,Search,South,2025-07-19,2025-08-15,71134,5873,0.0799,2241.44,Current,2025-07-22,Austin,66
CMP-0531,Campaign-13-East-6,Display,East,2025-07-20,2025-07-31,91512,2250,0.0597,2389.13,Live,2025-07-24,New York,26
CMP-0532,Campaign-14-West-7,Social,West,2025-07-21,2025-08-05,53769,1001,7.23,4318.88,Paused,2025-07-26,San Francisco,52
CMP-0533,Campaign-15-North-1,Paid Social,North,2025-07-22,2025-08-23,25955,3693,0.0666,,Active,2025-07-23,Boston,67
CMP-0534,Campaign-16-South-2,paid_social,South,07/23/2025,2025-08-10,22347,736,0.0349,,Current,2025-07-30,Austin,27
CMP-0535,Campaign-17-East-3,Paid-Social,East,2025-07-24,2025-09-18,57327,1002,0.0297,2088.70,Live,2025-07-30,Boston,41
CMP-0536,Campaign-18-West-4,Email,West,2025-07-25,2025-09-12,75198,5244,0.1216,3370.09,Paused,2025-07-28,Denver,56
CMP-0537,Campaign-19-North-5,Search,North,2025-07-26,2025-10-11,18477,2769,0.1528,3529.08,Active,2025-07-27,Detroit,27
CMP-0538,Campaign-20-South-6,Display,South,2025-07-27,2025-08-14,34140,3412,0.0615,598.95,Current,2025-07-30,Atlanta,42
CMP-0539,Campaign-21-East-7,Social,East,2025-07-28,2025-09-27,47785,5788,0.0278,5994.87,Live,2025-08-01,Philadelphia,56
CMP-0540,Campaign-22-West-1,Paid Social,West,2025-07-29,2025-10-27,73603,877,0.0259,2082.93,Paused,2025-08-05,Portland,71
CMP-0541,Campaign-23-North-2,paid_social,North,2025-07-30,2025-08-28,6978,1756,0.0327,4309.51,Active,2025-08-08,Seattle,31
CMP-0542,Campaign-24-South-3,Paid-Social,South,2025-07-31,2025-10-15,33209,5343,0.0281,2951.84,Current,2025-08-04,Miami,57
CMP-0543,Campaign-25-East-4,Email,East,2025-08-01,2025-09-03,77094,1197,0.0869,1265.88,Live,2025-08-02,Baltimore,72
CMP-0544,Campaign-26-West-5,Search,West,2025-08-02,2025-08-30,75780,2470,0.1178,5314.25,Paused,2025-08-07,Los Angeles,31
CMP-0545,,Display,North,2025-08-03,2025-09-17,22169,1062,0.1368,2232.35,Active,2025-08-07,Chicago,46
CMP-0546,Campaign-28-South-7,Social,South,2025-08-04,2025-09-20,63136,6038,0.0774,5047.40,Current,2025-08-13,Austin,61
CMP-0547,Campaign-29-East-1,Paid Social,East,2025-08-05,2025-09-12,94943,6506,0.0569,2575.93,Live,2025-08-15,New York,32
CMP-0548,Campaign-30-West-2,paid_social,West,2025-08-06,2025-10-25,78755,7126,0.0664,1878.54,Paused,2025-08-12,San Francisco,47
CMP-0549,Campaign-31-North-3,Paid-Social,North,2025-08-07,2025-09-07,8113,4962,0.1342,,Active,2025-08-09,Boston,61
CMP-0550,Campaign-32-South-4,Email,South,2025-08-08,2025-11-06,14544,6373,0.0201,437.42,Current,2025-08-17,Austin,21
CMP-0551,Campaign-33-East-5,Search,East,2025-08-09,2025-10-17,92035,1207,0.0891,10552.33,Live,2025-08-10,Boston,36
CMP-0552,Campaign-34-West-6,Display,West,2025-08-10,2025-08-30,93725,2686,0.1394,2382.89,Paused,2025-08-12,Denver,62
CMP-0553,Campaign-35-North-7,Social,North,2025-08-11,2025-10-11,15676,659,0.1332,2593.45,Active,2025-08-13,Detroit,21
CMP-0554,Campaign-36-South-1,Paid Social,South,12 Aug 2025,2025-10-08,73341,2235,0.0497,3826.31,Current,2025-08-17,Atlanta,36
CMP-0555,Campaign-37-East-2,paid_social,East,2025-08-13,2025-11-09,10149,5169,0.0566,846.42,Live,2025-08-17,Philadelphia,51
CMP-0556,Campaign-1-West-3,Paid-Social,West,2025-08-14,2025-09-25,4999,5124,0.0867,5423.20,Paused,2025-08-24,Portland,66
CMP-0557,Campaign-2-North-4,Email,North,2025-08-15,2025-09-29,30086,5284,0.1539,2375.72,Active,2025-08-25,Seattle,37
CMP-0558,Campaign-3-South-5,Search,South,2025-08-16,2025-08-31,84086,896,0.0950,3360.20,Current,2025-08-18,Miami,51
CMP-0559,Campaign-4-East-6,Display,East,2025-08-17,2025-09-26,63956,4530,0.0465,3253.62,Live,2025-08-20,Baltimore,66
CMP-0560,Campaign-5-West-7,Social,West,2025-08-18,2025-08-29,39545,7010,0.0125,1177.33,Paused,2025-08-28,Los Angeles,26
CMP-0561,Campaign-6-North-1,Paid Social,North,2025-08-19,2025-09-03,69846,247,0.0586,5073.20,Active,2025-08-25,Chicago,41
CMP-0562,,paid_social,South,2025-08-20,2025-08-31,9696,4699,0.0233,549.12,Current,2025-08-27,Austin,66
CMP-0563,Campaign-8-East-3,Paid-Social,East,2025-08-21,2025-10-07,20032,541,0.0142,4062.91,Live,2025-08-28,New York,26
CMP-0564,Campaign-9-West-4,Email,West,2025-08-22,2025-11-04,37112,1328,0.0083,41.61,Paused,2025-08-23,San Francisco,41
CMP-0565,Campaign-10-North-5,Search,North,2025-08-23,2025-10-27,51258,2401,0.0226,,Active,,Boston,56
CMP-0566,Campaign-11-South-6,Display,South,2025-08-24,2025-11-13,63322,6904,0.0747,4526.35,Current,2025-08-28,Austin,71
CMP-0567,Campaign-12-East-7,Social,East,2025-08-25,2025-10-20,44387,3156,0.0294,802.73,Live,2025-08-26,Boston,41
CMP-0568,Campaign-13-West-1,Paid Social,West,2025-08-26,2025-09-09,15869,845,0.0109,4563.98,Paused,2025-09-01,Denver,56
CMP-0569,Campaign-14-North-2,paid_social,North,2025-08-27,2025-10-01,6874,4145,0.1466,2651.17,Active,2025-08-28,Detroit,71
CMP-0570,Campaign-15-South-3,Paid-Social,South,2025-08-28,2025-11-25,16086,2882,0.1094,2122.13,Current,2025-08-30,Atlanta,31
CMP-0571,Campaign-16-East-4,Email,East,2025-08-29,2025-09-06,13822,3766,0.0275,3931.76,Live,2025-09-06,Philadelphia,45
CMP-0572,Campaign-17-West-5,Search,West,2025-08-30,2025-09-27,18448,2538,0.1160,950.53,Paused,2025-09-09,Portland,71
CMP-0573,Campaign-18-North-6,Display,North,2025-08-31,2025-10-13,75102,7214,0.1198,4765.11,Active,2025-09-03,Seattle,31
CMP-0574,Campaign-19-South-7,Social,South,2025-09-01,2025-11-19,94794,2068,0.1040,1101.44,Current,2025-09-03,Miami,46
CMP-0575,Campaign-20-East-1,Paid Social,East,09/02/2025,2025-10-04,76512,309,0.0087,2725.11,Live,2025-09-05,Baltimore,61
CMP-0576,Campaign-21-West-2,paid_social,West,2025-09-03,2025-11-03,36300,6072,0.0474,3401.75,Paused,2025-09-05,Los Angeles,20
CMP-0577,Campaign-22-North-3,Paid-Social,North,2025-09-04,2025-11-16,56725,4991,0.0565,1159.03,Active,2025-09-05,Chicago,46
CMP-0578,Campaign-23-South-4,Email,South,2025-09-05,2025-10-30,52693,6359,0.1495,4653.57,Current,2025-09-10,Austin,61
CMP-0579,,Search,East,2025-09-06,2025-11-29,50962,5222,0.0604,1095.86,Live,2025-09-13,New York,21
CMP-0580,Campaign-25-West-6,Display,West,2025-09-07,2025-11-15,76391,4834,0.0608,17093.78,Paused,2025-09-17,San Francisco,35
CMP-0581,Campaign-26-North-7,Social,North,2025-09-08,2025-10-20,56663,2474,0.0438,3004.02,Active,2025-09-09,Boston,50
CMP-0582,N/A,Paid Social,South,2025-09-09,2025-11-18,62538,1110,0.1112,1453.84,Current,2025-09-17,Austin,21
CMP-0583,Campaign-28-East-2,paid_social,East,2025-09-10,2025-10-28,49090,5649,0.0148,4301.97,Live,2025-09-19,Boston,36
CMP-0584,Campaign-29-West-3,Paid-Social,West,2025-09-11,2025-10-19,6074,1819,0.0506,1051.88,Paused,2025-09-15,Denver,51
CMP-0585,Campaign-30-North-4,Email,North,2025-09-12,2025-10-31,20978,5122,0.1397,3833.31,Active,2025-09-18,Detroit,65
CMP-0586,Campaign-31-South-5,Search,South,2025-09-13,2025-09-25,65540,3895,0.0734,2869.42,Current,2025-09-18,Atlanta,25
CMP-0587,Campaign-32-East-6,Display,East,2025-09-14,2025-10-26,3446,3009,0.0261,1843.18,Live,2025-09-23,Philadelphia,51
CMP-0588,Campaign-33-West-7,Social,West,2025-09-15,2025-10-05,45745,4794,0.0674,3826.29,Paused,2025-09-17,Portland,66
CMP-0589,Campaign-34-North-1,Paid Social,North,2025-09-16,2025-09-27,25853,6039,0.0480,1088.32,Active,2025-09-24,Seattle,26
CMP-0590,Campaign-35-South-2,paid_social,South,2025-09-17,2025-11-05,14334,1416,0.0304,4125.57,Current,2025-09-18,Miami,40
CMP-0591,Campaign-36-East-3,Paid-Social,East,2025-09-18,2025-12-01,45781,7103,6.28,1965.28,Live,2025-09-19,Baltimore,55
CMP-0592,Campaign-37-West-4,Email,West,2025-09-19,2025-10-26,50863,7117,0.0429,2312.70,Paused,2025-09-24,Los Angeles,26
CMP-0593,Campaign-1-North-5,Search,North,2025-09-20,2025-11-21,20916,5559,0.0686,3332.47,Active,2025-09-26,Chicago,41
CMP-0594,Campaign-2-South-6,Display,South,2025-09-21,2025-11-25,17964,956,0.0387,1206.30,Current,2025-09-28,Austin,55
CMP-0595,Campaign-3-East-7,Social,East,2025-09-22,2025-12-20,16028,3394,0.0757,4152.46,Live,2025-09-23,New York,70
CMP-0596,,Paid Social,West,2025-09-23,2025-11-12,93983,1244,0.0680,1548.37,Paused,2025-10-01,San Francisco,30
CMP-0597,Campaign-5-North-2,paid_social,North,2025-09-24,2025-10-07,30401,2025,0.1035,,Active,2025-10-04,Boston,56
CMP-0598,Campaign-6-South-3,Paid-Social,South,2025-09-25,2025-12-24,52611,2982,0.0364,7337.07,Current,2025-10-04,Austin,71
CMP-0599,Campaign-7-East-4,Email,East,2025-09-26,2025-10-20,26260,3948,0.1473,1408.98,Live,2025-10-05,Boston,30
CMP-0600,Campaign-8-West-5,Search,West,2025-09-27,2025-10-31,38612,7001,0.0276,3928.18,Paused,2025-10-03,Denver,45
CMP-0601,Campaign-9-North-6,Display,North,2025-09-28,2025-11-24,6704,6366,0.1089,1346.23,Active,2025-10-03,Detroit,60
CMP-0602,Campaign-10-South-7,Social,South,2025-09-29,2025-12-20,55696,7163,0.1359,3267.33,Current,2025-10-02,Atlanta,31
CMP-0603,Campaign-11-East-1,Paid Social,East,2025-09-30,2025-11-03,65636,7268,0.0303,3903.04,Live,2025-10-10,Philadelphia,45
CMP-0604,Campaign-12-West-2,paid_social,West,2025-10-01,2025-11-26,90244,676,0.0426,1698.23,Paused,2025-10-07,Portland,60
CMP-0605,Campaign-13-North-3,Paid-Social,North,2025-10-02,2025-12-29,64884,687,0.1400,3512.11,Active,2025-10-05,Seattle,20
CMP-0606,Campaign-14-South-4,Email,South,2025-10-03,2025-11-11,82836,1028,0.0884,1279.76,Current,2025-10-12,Miami,35
CMP-0607,Campaign-15-East-5,Search,East,2025-10-04,2025-11-27,45412,5345,0.0331,3573.47,Live,2025-10-07,Baltimore,61
CMP-0608,Campaign-16-West-6,Display,West,2025-10-05,2025-12-18,44809,1599,0.0969,2707.46,Paused,2025-10-14,Los Angeles,20
CMP-0609,Campaign-17-North-7,Social,North,2025-10-06,2025-12-31,26900,5946,0.0345,15135.24,Active,2025-10-16,Chicago,35
CMP-0610,Campaign-18-South-1,Paid Social,South,2025-10-07,2025-11-10,14779,489,0.0984,11200.00,Current,2025-10-09,Austin,50
CMP-0611,Campaign-19-East-2,paid_social,East,2025-10-08,2025-12-10,77521,152,0.1137,75.18,Live,2025-10-14,New York,65
CMP-0612,Campaign-20-West-3,Paid-Social,West,2025-10-09,2025-11-03,12087,3428,0.1544,3653.70,Paused,,San Francisco,35
CMP-0613,,Email,North,2025-10-10,2025-11-19,56263,860,0.0424,2061.14,Active,2025-10-14,Boston,50
CMP-0614,Campaign-22-South-5,Search,South,2025-10-11,2026-01-04,77350,4768,0.1071,2474.69,Current,2025-10-21,Austin,65
CMP-0615,Campaign-23-East-6,Display,East,2025-10-12,2025-12-06,45615,2157,0.1214,7026.72,Live,2025-10-13,Boston,25
CMP-0616,Campaign-24-West-7,Social,West,10/13/2025,2025-12-05,43732,2361,0.0890,1443.32,Paused,2025-10-22,Denver,40
CMP-0617,Campaign-25-North-1,Paid Social,North,2025-10-14,2025-12-13,36186,5288,0.0292,3464.22,Active,2025-10-23,Detroit,65
CMP-0618,Campaign-26-South-2,paid_social,South,2025-10-15,2025-12-10,14290,3439,0.1070,1705.78,Current,2025-10-24,Atlanta,25
CMP-0619,Campaign-27-East-3,Paid-Social,East,2025-10-16,2026-01-04,51004,5994,0.0641,2865.04,Live,2025-10-26,Philadelphia,40
CMP-0620,Campaign-28-West-4,Email,West,2025-10-17,2025-12-03,2668,3796,0.1418,4777.09,Paused,2025-10-21,Portland,55
CMP-0621,Campaign-29-North-5,Search,North,2025-10-18,2025-12-10,32771,6028,0.1532,1655.63,Active,2025-10-22,Seattle,70
CMP-0622,Campaign-30-South-6,Display,South,2025-10-19,2025-12-14,72872,3375,0.0424,11200.00,Current,2025-10-27,Miami,40
CMP-0623,Campaign-31-East-7,Social,East,2025-10-20,2026-01-04,7545,475,0.0704,1532.56,Live,2025-10-24,Baltimore,55
CMP-0624,Campaign-32-West-1,Paid Social,West,2025-10-21,2026-01-18,47327,4697,0.0713,3145.54,Paused,2025-10-24,Los Angeles,70
CMP-0625,Campaign-33-North-2,paid_social,North,2025-10-22,2025-12-17,94103,4386,0.0259,3448.77,Active,2025-10-24,Chicago,30
CMP-0626,Campaign-34-South-3,Paid-Social,South,2025-10-23,2025-11-16,5208,3567,0.1052,1943.94,Current,2025-10-31,Austin,55
CMP-0627,Campaign-35-East-4,Email,East,2025-10-24,2025-11-11,14911,269,0.0099,9663.31,Live,2025-10-29,New York,70
CMP-0628,Campaign-36-West-5,Search,West,2025-10-25,2026-01-12,4757,412,0.0769,1488.45,Paused,2025-10-30,San Francisco,30
CMP-0629,Campaign-37-North-6,Display,North,2025-10-26,2025-11-21,79932,2055,0.0122,3212.04,Active,2025-10-31,Boston,45
CMP-0630,,Social,South,2025-10-27,2025-11-14,2714,4665,0.0098,2626.25,Current,2025-11-04,Austin,60
CMP-0631,Campaign-2-East-1,Paid Social,East,2025-10-28,2025-12-10,39896,2388,0.1451,2282.76,Live,2025-11-04,Boston,30
CMP-0632,Campaign-3-West-2,paid_social,West,2025-10-29,2025-11-07,64860,707,0.1514,7207.33,Paused,2025-11-05,Denver,45
CMP-0633,Campaign-4-North-3,Paid-Social,North,30 Oct 2025,2026-01-03,67995,6373,0.0412,1548.04,Active,2025-11-04,Detroit,60
CMP-0634,Campaign-5-South-4,Email,South,2025-10-31,2025-12-23,33598,6079,0.1097,11200.00,Current,2025-11-05,Atlanta,20
CMP-0635,Campaign-6-East-5,Search,East,2025-11-01,2025-12-19,30995,120,0.0304,2126.82,Live,2025-11-03,Philadelphia,34
CMP-0636,Campaign-7-West-6,Display,West,2025-11-02,2026-01-28,25684,755,0.1248,2618.94,Paused,2025-11-07,Portland,60
CMP-0637,Campaign-8-North-7,Social,North,2025-11-03,2025-11-11,49615,2671,0.0482,5426.97,Active,2025-11-06,Seattle,20
CMP-0638,Campaign-9-South-1,Paid Social,South,2025-11-04,2025-11-12,38128,1424,0.1083,13176.70,Current,2025-11-13,Miami,35
CMP-0639,Campaign-10-East-2,paid_social,East,2025-11-05,2026-01-13,79191,5213,0.0101,9255.92,Live,2025-11-08,Baltimore,50
CMP-0640,Campaign-11-West-3,Paid-Social,West,2025-11-06,2025-12-23,15345,5689,0.1304,1845.48,Paused,2025-11-15,Los Angeles,64
CMP-0641,Campaign-12-North-4,Email,North,2025-11-07,2026-02-01,61924,5305,0.1080,2862.91,Active,2025-11-12,Chicago,35
CMP-0642,Campaign-13-South-5,Search,South,2025-11-08,2026-01-18,50454,6218,0.0462,4117.59,Current,2025-11-15,Austin,50
CMP-0643,Campaign-14-East-6,Display,East,2025-11-09,2026-01-15,15942,4618,0.1183,1931.28,Live,2025-11-18,New York,65
CMP-0644,Campaign-15-West-7,Social,West,2025-11-10,2025-12-20,12801,5299,0.0706,8249.21,Paused,2025-11-16,San Francisco,24
CMP-0645,Campaign-16-North-1,Paid Social,North,2025-11-11,2026-02-03,57480,4845,0.1169,1720.63,Active,2025-11-12,Boston,39
CMP-0646,Campaign-17-South-2,paid_social,South,2025-11-12,2026-01-17,38039,4273,0.0998,5527.34,Current,2025-11-20,Austin,65
CMP-0647,,Paid-Social,East,2025-11-13,2026-02-02,45952,814,0.0140,3196.70,Live,2025-11-18,Boston,25
CMP-0648,Campaign-19-West-4,Email,West,2025-11-14,2026-01-12,43934,4984,0.1382,2224.59,Paused,2025-11-20,Denver,40
CMP-0649,Campaign-20-North-5,Search,North,2025-11-15,2026-01-30,41368,5576,0.1101,7037.29,Active,2025-11-21,Detroit,54
CMP-0650,Campaign-21-South-6,Display,South,2025-11-16,2026-01-25,27234,6590,4.53,1718.25,Current,2025-11-19,Atlanta,69
CMP-0651,Campaign-22-East-7,Social,East,2025-11-17,2026-01-22,69644,2739,0.0373,6257.38,Live,2025-11-20,Philadelphia,40
CMP-0652,Campaign-23-West-1,Paid Social,West,2025-11-18,2026-02-11,54382,2032,0.0477,2583.21,Paused,2025-11-28,Portland,55
CMP-0653,Campaign-24-North-2,paid_social,North,2025-11-19,2026-02-02,51711,226,0.0479,2537.03,Active,2025-11-21,Seattle,70
CMP-0654,Campaign-25-South-3,Paid-Social,South,2025-11-20,2025-12-30,68278,3426,0.1171,5766.11,Current,2025-11-23,Miami,29
CMP-0655,Campaign-26-East-4,Email,East,2025-11-21,2026-01-01,9562,3042,0.1195,1821.37,Live,2025-11-25,Baltimore,44
CMP-0656,Campaign-27-West-5,Search,West,2025-11-22,2026-02-03,94099,5588,0.0950,6888.89,Paused,2025-11-30,Los Angeles,70
CMP-0657,Campaign-28-North-6,Display,North,11/23/2025,2025-12-07,54909,5125,0.0816,2203.87,Active,2025-11-25,Chicago,30
CMP-0658,Campaign-29-South-7,Social,South,2025-11-24,2026-02-17,5887,1991,0.1165,28.76,Current,2025-12-02,Austin,44
CMP-0659,Campaign-30-East-1,Paid Social,East,2025-11-25,2025-12-12,77823,1258,0.0778,4620.45,Live,,New York,59
CMP-0660,Campaign-31-West-2,paid_social,West,2025-11-26,2026-01-05,31811,7005,0.1050,2021.59,Paused,2025-12-06,San Francisco,19
CMP-0661,Campaign-32-North-3,Paid-Social,North,2025-01-01,2025-03-15,91449,5178,0.0657,6972.78,Active,2025-01-10,Boston,45
CMP-0662,Campaign-33-South-4,Email,South,2025-01-02,2025-03-03,62654,349,0.0426,2003.45,Current,2025-01-07,Austin,60
CMP-0663,Campaign-34-East-5,Search,East,2025-01-03,2025-01-26,63973,363,0.0619,3348.87,Live,2025-01-09,Boston,19
CMP-0664,,Display,West,2025-01-04,2025-02-15,3791,4428,0.0209,3700.26,Paused,2025-01-10,Denver,34
CMP-0665,N/A,Social,North,2025-01-05,2025-01-12,66200,1932,0.0991,2315.37,Active,2025-01-08,Detroit,49
CMP-0666,Campaign-37-South-1,Paid Social,South,2025-01-06,2025-02-11,76876,1072,0.0250,6538.36,Current,2025-01-14,Atlanta,20
CMP-0667,Campaign-1-East-2,paid_social,East,2025-01-07,2025-01-19,80488,455,0.1329,11218.15,Live,2025-01-12,Philadelphia,34
CMP-0668,Campaign-2-West-3,Paid-Social,West,2025-01-08,2025-04-07,64776,7120,0.0233,4425.84,Paused,2025-01-15,Portland,49
CMP-0669,Campaign-3-North-4,Email,North,2025-01-09,2025-03-27,27195,1030,0.0473,3025.88,Active,2025-01-18,Seattle,64
CMP-0670,Campaign-4-South-5,Search,South,2025-01-10,2025-03-02,1701,5063,0.1431,902.00,Current,2025-01-13,Miami,24
CMP-0671,Campaign-5-East-6,Display,East,2025-01-11,2025-02-14,4545,2393,0.0108,5768.29,Live,2025-01-13,Baltimore,50
CMP-0672,Campaign-6-West-7,Social,West,2025-01-12,2025-03-27,60345,5573,0.1115,2020.57,Paused,2025-01-15,Los Angeles,64
CMP-0673,Campaign-7-North-1,Paid Social,North,2025-01-13,2025-03-29,39799,3512,0.0388,5295.03,Active,2025-01-16,Chicago,24
CMP-0674,Campaign-8-South-2,paid_social,South,2025-01-14,2025-03-19,89318,6340,0.0789,,Current,2025-01-17,Austin,39
CMP-0675,Campaign-9-East-3,Paid-Social,East,2025-01-15,2025-03-24,7351,819,0.0205,1703.22,Live,2025-01-20,New York,54
CMP-0676,Campaign-10-West-4,Email,West,2025-01-16,2025-02-24,56872,6401,0.0623,4884.35,Paused,2025-01-19,San Francisco,24
CMP-0677,Campaign-11-North-5,Search,North,2025-01-17,2025-04-12,21873,3129,0.1139,2234.43,Active,2025-01-26,Boston,39
CMP-0678,Campaign-12-South-6,Display,South,2025-01-18,2025-02-04,61802,1905,0.1311,5788.84,Current,2025-01-27,Austin,54
CMP-0679,Campaign-13-East-7,Social,East,2025-01-19,2025-02-28,14229,6350,0.1487,,Live,2025-01-25,Boston,69
CMP-0680,Campaign-14-West-1,Paid Social,West,2025-01-20,2025-03-01,68765,5727,0.1130,2489.64,Paused,2025-01-29,Denver,29
CMP-0681,,paid_social,North,2025-01-21,2025-01-31,86200,6932,0.1060,4059.78,Active,2025-01-24,Detroit,54
CMP-0682,Campaign-16-South-3,Paid-Social,South,2025-01-22,2025-04-21,22381,1668,0.0355,533.08,Current,2025-01-28,Atlanta,69
CMP-0683,Campaign-17-East-4,Email,East,2025-01-23,2025-03-24,43708,85,0.0542,5831.32,Live,2025-01-28,Philadelphia,29
CMP-0684,Campaign-18-West-5,Search,West,2025-01-24,2025-03-11,20685,2712,0.0447,2220.93,Paused,2025-01-27,Portland,44
CMP-0685,Campaign-19-North-6,Display,North,2025-01-25,2025-02-01,16192,5819,0.0523,3340.34,Active,2025-01-28,Seattle,58
CMP-0686,Campaign-20-South-7,Social,South,2025-01-26,2025-04-17,36999,1802,0.0316,3389.62,Current,2025-01-31,Miami,29
CMP-0687,Campaign-21-East-1,Paid Social,East,2025-01-27,2025-03-10,42857,6478,0.0662,1002.62,Live,2025-01-31,Baltimore,44
CMP-0688,Campaign-22-West-2,paid_social,West,2025-01-28,2025-04-12,19989,1751,0.1009,5479.84,Paused,2025-02-06,Los Angeles,59
CMP-0689,Campaign-23-North-3,Paid-Social,North,2025-01-29,2025-03-05,65217,3958,0.0521,2303.11,Active,2025-02-04,Chicago,19
CMP-0690,Campaign-24-South-4,Email,South,2025-01-30,2025-02-12,11957,1491,0.0343,,Current,2025-02-02,Austin,33
CMP-0691,Campaign-25-East-5,Search,East,2025-01-31,2025-04-12,38724,4872,0.0894,2906.11,Live,2025-02-04,New York,59
CMP-0692,Campaign-26-West-6,Display,West,2025-02-01,2025-02-10,34571,7247,0.0720,1450.45,Paused,2025-02-04,San Francisco,19
CMP-0693,Campaign-27-North-7,Social,North,2025-02-02,2025-03-10,77345,383,0.1192,4885.77,Active,2025-02-03,Boston,34
CMP-0694,Campaign-28-South-1,Paid Social,South,2025-02-03,2025-04-20,45904,2742,0.1081,512.36,Current,2025-02-04,Austin,49
CMP-0695,Campaign-29-East-2,paid_social,East,2025-02-04,2025-04-21,41274,2981,0.0449,,Live,2025-02-08,Boston,63
CMP-0696,Campaign-30-West-3,Paid-Social,West,2025-02-05,2025-04-29,77560,6478,0.0120,17759.61,Paused,2025-02-07,Denver,34
CMP-0697,Campaign-31-North-4,Email,North,2025-02-06,2025-04-09,42159,6705,0.1507,2002.68,Active,2025-02-10,Detroit,49
CMP-0698,,Search,South,02/07/2025,2025-03-08,2857,3700,0.0710,4218.59,Current,2025-02-14,Atlanta,64
CMP-0699,Campaign-33-East-6,Display,East,2025-02-08,2025-03-19,52771,461,0.0515,797.00,Live,2025-02-15,Philadelphia,23
CMP-0700,Campaign-34-West-7,Social,West,2025-02-09,2025-02-27,64052,6937,0.0893,5054.01,Paused,2025-02-14,Portland,38
CMP-0701,Campaign-35-North-1,Paid Social,North,2025-02-10,2025-02-27,82050,2381,0.0638,2512.24,Active,2025-02-16,Seattle,64
CMP-0702,Campaign-36-South-2,paid_social,South,2025-02-11,2025-03-25,19476,3475,0.0818,2651.00,Current,2025-02-15,Miami,24
CMP-0703,Campaign-37-East-3,Paid-Social,East,2025-02-12,2025-04-04,32722,934,0.1239,3608.47,Live,2025-02-20,Baltimore,39
CMP-0704,Campaign-1-West-4,Email,West,2025-02-13,2025-04-02,76751,1041,0.0257,1024.44,Paused,2025-02-19,Los Angeles,53
CMP-0705,Campaign-2-North-5,Search,North,2025-02-14,2025-02-27,85177,6316,0.0713,62.33,Active,2025-02-18,Chicago,68
CMP-0706,Campaign-3-South-6,Display,South,2025-02-15,2025-03-21,14405,584,0.0239,,Current,,Austin,39
CMP-0707,Campaign-4-East-7,Social,East,2025-02-16,2025-03-28,82773,6896,0.0528,3328.87,Live,2025-02-26,New York,54
CMP-0708,Campaign-5-West-1,Paid Social,West,2025-02-17,2025-05-11,89588,4030,0.0226,3130.96,Paused,2025-02-22,San Francisco,68
CMP-0709,Campaign-6-North-2,paid_social,North,2025-02-18,2025-04-23,28264,1868,2.20,1324.78,Active,2025-02-28,Boston,28
CMP-0710,Campaign-7-South-3,Paid-Social,South,2025-02-19,2025-03-30,27838,1413,0.0952,4657.28,Current,2025-02-24,Austin,43
CMP-0711,Campaign-8-East-4,Email,East,2025-02-20,2025-03-31,50995,2798,0.1007,,Live,2025-02-21,Boston,69
CMP-0712,Campaign-9-West-5,Search,West,21 Feb 2025,2025-04-11,2617,127,0.1290,3924.30,Paused,2025-02-22,Denver,29
CMP-0713,Campaign-10-North-6,Display,North,2025-02-22,2025-03-13,28105,4692,0.1176,2826.67,Active,2025-02-24,Detroit,43
CMP-0714,Campaign-11-South-7,Social,South,2025-02-23,2025-03-18,32785,1333,0.1021,1722.57,Current,2025-02-25,Atlanta,58
CMP-0715,,Paid Social,East,2025-02-24,2025-05-02,69187,2009,0.1044,4159.38,Live,2025-03-03,Philadelphia,18
CMP-0716,Campaign-13-West-2,paid_social,West,2025-02-25,2025-05-25,33940,1644,0.1548,970.50,Paused,2025-03-04,Portland,44
CMP-0717,Campaign-14-North-3,Paid-Social,North,2025-02-26,2025-05-15,60625,5260,0.0658,4317.28,Active,2025-03-07,Seattle,58
CMP-0718,Campaign-15-South-4,Email,South,2025-02-27,2025-03-13,62929,6576,0.0667,1816.31,Current,2025-03-01,Miami,18
CMP-0719,Campaign-16-East-5,Search,East,2025-02-28,2025-04-07,41661,1362,0.0114,2214.59,Live,2025-03-10,Baltimore,33
CMP-0720,Campaign-17-West-6,Display,West,2025-03-01,2025-04-10,17411,5515,0.0634,3632.41,Paused,2025-03-04,Los Angeles,48
CMP-0721,Campaign-18-North-7,Social,North,2025-03-02,2025-05-12,46826,2336,0.0783,1090.61,Active,2025-03-09,Chicago,19
CMP-0722,Campaign-19-South-1,Paid Social,South,2025-03-03,2025-05-31,66346,3653,0.0639,,Current,2025-03-08,Austin,33
CMP-0723,Campaign-20-East-2,paid_social,East,2025-03-04,2025-05-14,74548,1056,0.0120,1452.78,Live,2025-03-14,New York,48
CMP-0724,Campaign-21-West-3,Paid-Social,West,2025-03-05,2025-04-09,46948,6353,0.1067,2762.34,Paused,2025-03-14,San Francisco,63
CMP-0725,Campaign-22-North-4,Email,North,2025-03-06,2025-06-03,56422,1960,0.1255,15801.07,Active,2025-03-11,Boston,23
CMP-0726,Campaign-23-South-5,Search,South,2025-03-07,2025-05-07,34577,2356,0.1332,1290.28,Current,2025-03-10,Austin,49
CMP-0727,Campaign-24-East-6,Display,East,2025-03-08,2025-05-28,39903,5959,0.0406,,Live,2025-03-09,Boston,63
CMP-0728,Campaign-25-West-7,Social,West,2025-03-09,2025-04-18,78253,2571,0.1336,1252.31,Paused,2025-03-17,Denver,23
CMP-0729,Campaign-26-North-1,Paid Social,North,2025-03-10,2025-04-17,47562,4045,0.1296,3287.91,Active,2025-03-11,Detroit,38
CMP-0730,Campaign-27-South-2,paid_social,South,2025-03-11,2025-05-17,17376,290,0.0173,4606.86,Current,2025-03-18,Atlanta,53
CMP-0731,Campaign-28-East-3,Paid-Social,East,2025-03-12,2025-04-09,65251,75,0.1344,1578.34,Live,2025-03-17,Philadelphia,23
CMP-0732,,Email,West,2025-03-13,2025-05-07,10745,6172,0.1193,3904.69,Paused,2025-03-20,Portland,38
CMP-0733,Campaign-30-North-5,Search,North,2025-03-14,2025-05-13,80230,2588,0.0203,1182.23,Active,2025-03-18,Seattle,53
CMP-0734,Campaign-31-South-6,Display,South,2025-03-15,2025-06-12,55369,6566,0.1377,3689.51,Current,2025-03-21,Miami,68
CMP-0735,Campaign-32-East-7,Social,East,2025-03-16,2025-05-01,78454,1571,0.0721,2792.81,Live,2025-03-25,Baltimore,28
CMP-0736,Campaign-33-West-1,Paid Social,West,2025-03-17,2025-05-14,23587,7069,0.0236,1952.98,Paused,2025-03-22,Los Angeles,53
CMP-0737,Campaign-34-North-2,paid_social,North,2025-03-18,2025-05-24,63459,6031,0.0225,3425.39,Active,2025-03-26,Chicago,68
CMP-0738,Campaign-35-South-3,Paid-Social,South,2025-03-19,2025-05-03,52735,6534,0.0304,,Current,2025-03-20,Austin,28
CMP-0739,Campaign-36-East-4,Email,East,03/20/2025,2025-04-16,17979,6361,0.0975,3877.29,Live,2025-03-26,New York,43
CMP-0740,Campaign-37-West-5,Search,West,2025-03-21,2025-06-04,72086,4377,0.0929,2042.48,Paused,2025-03-22,San Francisco,68
CMP-0741,Campaign-1-North-6,Display,North,2025-03-22,2025-06-03,71528,1164,0.0885,2390.31,Active,2025-03-28,Boston,28
CMP-0742,Campaign-2-South-7,Social,South,2025-03-23,2025-06-11,34176,7126,0.1371,10036.88,Current,2025-03-27,Austin,43
CMP-0743,Campaign-3-East-1,Paid Social,East,2025-03-24,2025-05-10,39710,4776,0.0249,,Live,2025-03-30,Boston,58
CMP-0744,Campaign-4-West-2,paid_social,West,2025-03-25,2025-04-19,44673,4188,0.0376,3808.95,Paused,2025-03-29,Denver,18
CMP-0745,Campaign-5-North-3,Paid-Social,North,2025-03-26,2025-05-27,30365,635,0.0898,1647.70,Active,2025-04-03,Detroit,43
CMP-0746,Campaign-6-South-4,Email,South,2025-03-27,2025-05-21,86874,5574,0.1006,2834.86,Current,2025-04-01,Atlanta,58
CMP-0747,Campaign-7-East-5,Search,East,2025-03-28,2025-06-18,9838,2783,0.1191,5366.21,Live,2025-04-06,Philadelphia,18
CMP-0748,N/A,Display,West,2025-03-29,2025-04-15,74491,595,0.1493,1534.37,Paused,2025-04-05,Portland,33
CMP-0749,,Social,North,2025-03-30,2025-05-04,90256,4078,0.1501,3489.53,Active,2025-04-01,Seattle,47
CMP-0750,Campaign-10-South-1,Paid Social,South,2025-03-31,2025-06-05,18830,5163,0.1120,1453.16,Current,2025-04-03,Miami,18
CMP-0751,Campaign-11-East-2,paid_social,East,2025-04-01,2025-05-25,51985,6741,0.0452,3202.04,Live,2025-04-05,Baltimore,33
CMP-0752,Campaign-12-West-3,Paid-Social,West,2025-04-02,2025-05-25,35085,2897,0.0624,15.90,Paused,2025-04-05,Los Angeles,48
CMP-0753,Campaign-13-North-4,Email,North,2025-04-03,2025-04-10,61833,1733,0.1324,1820.59,Active,,Chicago,63
CMP-0754,Campaign-14-South-5,Search,South,2025-04-04,2025-06-06,34699,2681,0.1278,13842.52,Current,2025-04-11,Austin,22
CMP-0755,Campaign-15-East-6,Display,East,2025-04-05,2025-04-19,19114,5079,0.1368,1392.87,Live,2025-04-11,New York,48
CMP-0756,Campaign-16-West-7,Social,West,2025-04-06,2025-06-22,27268,4528,0.1328,3397.20,Paused,2025-04-12,San Francisco,63
CMP-0757,Campaign-17-North-1,Paid Social,North,2025-04-07,2025-05-11,34195,4434,0.1038,2679.35,Active,2025-04-12,Boston,23
CMP-0758,Campaign-18-South-2,paid_social,South,2025-04-08,2025-06-02,41722,6582,0.1452,,Current,2025-04-17,Austin,37
CMP-0759,Campaign-19-East-3,Paid-Social,East,2025-04-09,2025-06-27,41865,1563,0.0933,8519.29,Live,2025-04-17,Boston,52
CMP-0760,Campaign-20-West-4,Email,West,2025-04-10,2025-05-16,33681,4635,0.0357,1437.02,Paused,2025-04-11,Denver,23
CMP-0761,Campaign-21-North-5,Search,North,2025-04-11,2025-05-09,19906,5068,0.0328,3333.97,Active,2025-04-12,Detroit,38
CMP-0762,Campaign-22-South-6,Display,South,2025-04-12,2025-05-08,81043,5113,0.0789,2109.31,Current,2025-04-18,Atlanta,53
CMP-0763,Campaign-23-East-7,Social,East,2025-04-13,2025-05-28,64106,4356,0.0626,2543.98,Live,2025-04-16,Philadelphia,67
CMP-0764,Campaign-24-West-1,Paid Social,West,2025-04-14,2025-05-02,2994,6864,0.1196,6031.72,Paused,2025-04-23,Portland,27
CMP-0765,Campaign-25-North-2,paid_social,North,2025-04-15,2025-06-07,78077,7085,0.0775,1572.69,Active,2025-04-18,Seattle,53
CMP-0766,,Paid-Social,South,2025-04-16,2025-06-21,9708,258,0.1234,11200.00,Current,2025-04-17,Miami,68
CMP-0767,Campaign-27-East-4,Email,East,2025-04-17,2025-05-08,87385,3755,0.0262,1787.92,Live,2025-04-26,Baltimore,28
CMP-0768,Campaign-28-West-5,Search,West,2025-04-18,2025-06-01,89710,7177,9.99,2865.02,Paused,2025-04-22,Los Angeles,42
CMP-0769,Campaign-29-North-6,Display,North,2025-04-19,2025-06-10,87824,7272,0.1363,4410.61,Active,2025-04-26,Chicago,57
CMP-0770,Campaign-30-South-7,Social,South,2025-04-20,2025-05-05,70824,3834,0.0293,,Current,2025-04-21,Austin,28
CMP-0771,Campaign-31-East-1,Paid Social,East,2025-04-21,2025-06-20,93518,4476,0.0700,9770.04,Live,2025-04-25,New York,43
CMP-0772,Campaign-32-West-2,paid_social,West,2025-04-22,2025-07-01,39702,5976,0.0884,1634.95,Paused,2025-05-01,San Francisco,57
CMP-0773,Campaign-33-North-3,Paid-Social,North,2025-04-23,2025-05-10,2840,3047,0.0924,,Active,2025-04-27,Boston,72
CMP-0774,Campaign-34-South-4,Email,South,2025-04-24,2025-06-06,11374,4089,0.0147,,Current,2025-04-28,Austin,32
CMP-0775,Campaign-35-East-5,Search,East,2025-04-25,2025-06-24,20425,2475,0.0972,,Live,2025-04-28,Boston,58
CMP-0776,Campaign-36-West-6,Display,West,2025-04-26,2025-07-04,83011,3237,0.1209,7964.36,Paused,2025-05-05,Denver,18
CMP-0777,Campaign-37-North-7,Social,North,2025-04-27,2025-06-18,59010,3283,0.1275,32840.00,Active,2025-05-01,Detroit,32
CMP-0778,Campaign-1-South-1,Paid Social,South,2025-04-28,2025-05-29,62618,3070,0.1519,7914.67,Current,2025-05-07,Atlanta,47
CMP-0779,Campaign-2-East-2,paid_social,East,2025-04-29,2025-07-19,63330,62,0.0298,2614.95,Live,2025-05-02,Philadelphia,62
CMP-0780,Campaign-3-West-3,Paid-Social,West,04/30/2025,2025-06-11,12503,1747,0.0300,2401.34,Paused,2025-05-09,Portland,33
CMP-0781,Campaign-4-North-4,Email,North,2025-05-01,2025-06-04,40572,487,0.1009,6355.68,Active,2025-05-05,Seattle,47
CMP-0782,Campaign-5-South-5,Search,South,2025-05-02,2025-06-15,18423,2583,0.0219,1684.67,Current,2025-05-09,Miami,62
CMP-0783,,Display,East,2025-05-03,2025-07-14,25363,3676,0.0822,11883.98,Live,2025-05-09,Baltimore,22
CMP-0784,Campaign-7-West-7,Social,West,2025-05-04,2025-06-16,6261,3131,0.0421,2175.74,Paused,2025-05-09,Los Angeles,37
CMP-0785,Campaign-8-North-1,Paid Social,North,2025-05-05,2025-05-14,89219,87,0.0285,2690.67,Active,2025-05-15,Chicago,63
CMP-0786,Campaign-9-South-2,paid_social,South,2025-05-06,2025-06-19,83543,2418,0.1388,4979.77,Current,2025-05-14,Austin,22
CMP-0787,Campaign-10-East-3,Paid-Social,East,2025-05-07,2025-06-18,13931,810,0.0370,1854.49,Live,2025-05-12,New York,37
CMP-0788,Campaign-11-West-4,Email,West,2025-05-08,2025-05-23,43179,6459,0.0115,7750.39,Paused,2025-05-09,San Francisco,52
CMP-0789,Campaign-12-North-5,Search,North,2025-05-09,2025-05-31,66613,5180,0.0189,,Active,2025-05-17,Boston,67
CMP-0790,Campaign-13-South-6,Display,South,2025-05-10,2025-07-08,45023,5823,0.1064,,Current,2025-05-11,Austin,37
CMP-0791,Campaign-14-East-7,Social,East,11 May 2025,2025-05-29,35395,2186,0.0920,3899.79,Live,2025-05-17,Boston,52
CMP-0792,Campaign-15-West-1,Paid Social,West,2025-05-12,2025-06-06,88035,5478,0.1225,2105.95,Paused,2025-05-17,Denver,67
CMP-0793,Campaign-16-North-2,paid_social,North,2025-05-13,2025-06-04,55802,4507,0.1519,7208.13,Active,2025-05-14,Detroit,27
CMP-0794,Campaign-17-South-3,Paid-Social,South,2025-05-14,2025-07-28,33136,4848,0.1192,1837.00,Current,2025-05-19,Atlanta,42
CMP-0795,Campaign-18-East-4,Email,East,2025-05-15,2025-07-31,83602,6927,0.1178,4602.93,Live,2025-05-18,Philadelphia,67
CMP-0796,Campaign-19-West-5,Search,West,2025-05-16,2025-07-31,43408,7270,0.1112,3115.28,Paused,2025-05-24,Portland,27
CMP-0797,Campaign-20-North-6,Display,North,2025-05-17,2025-06-16,83415,5071,0.0934,2420.18,Active,2025-05-22,Seattle,42
CMP-0798,Campaign-21-South-7,Social,South,2025-05-18,2025-07-27,90237,521,0.1215,6304.44,Current,2025-05-25,Miami,57
CMP-0799,Campaign-22-East-1,Paid Social,East,2025-05-19,2025-07-07,41057,2078,0.1163,49.48,Live,2025-05-21,Baltimore,72
CMP-0800,,paid_social,West,2025-05-20,2025-07-13,49119,4078,0.1471,5605.19,Paused,,Los Angeles,42
CMP-0801,Campaign-24-North-3,Paid-Social,North,2025-05-21,2025-08-13,50926,2135,0.1352,2586.34,Active,2025-05-29,Chicago,57
CMP-0802,Campaign-25-South-4,Email,South,2025-05-22,2025-07-25,93385,2903,0.0258,1380.45,Current,2025-05-30,Austin,72
CMP-0803,Campaign-26-East-5,Search,East,2025-05-23,2025-07-03,62966,1509,0.0774,5277.87,Live,2025-06-02,New York,32
CMP-0804,Campaign-27-West-6,Display,West,2025-05-24,2025-06-28,20443,1297,0.1317,2007.50,Paused,2025-05-30,San Francisco,46
CMP-0805,Campaign-28-North-7,Social,North,2025-05-25,2025-06-15,88059,5760,0.0874,,Active,2025-05-26,Boston,72
CMP-0806,Campaign-29-South-1,Paid Social,South,2025-05-26,2025-08-08,41209,3922,0.1233,,Current,2025-05-30,Austin,32
CMP-0807,Campaign-30-East-2,paid_social,East,2025-05-27,2025-08-06,61280,2030,0.1056,2357.77,Live,2025-06-02,Boston,47
CMP-0808,Campaign-31-West-3,Paid-Social,West,2025-05-28,2025-07-18,30958,2593,0.0401,4321.95,Paused,2025-06-03,Denver,62
CMP-0809,Campaign-32-North-4,Email,North,2025-05-29,2025-07-17,90987,6994,0.0996,2272.72,Active,2025-06-01,Detroit,21
CMP-0810,Campaign-33-South-5,Search,South,2025-05-30,2025-06-22,76100,4130,0.0813,6297.65,Current,2025-06-09,Atlanta,47
CMP-0811,Campaign-34-East-6,Display,East,2025-05-31,2025-08-03,51265,2874,0.0676,2112.04,Live,2025-06-06,Philadelphia,62
CMP-0812,Campaign-35-West-7,Social,West,2025-06-01,2025-07-15,61222,5805,0.0332,18425.44,Paused,2025-06-07,Portland,22
CMP-0813,Campaign-36-North-1,Paid Social,North,2025-06-02,2025-08-03,94793,3835,0.0276,3541.91,Active,2025-06-11,Seattle,36
CMP-0814,Campaign-37-South-2,paid_social,South,2025-06-03,2025-08-31,66563,7109,0.0113,695.06,Current,2025-06-09,Miami,51
CMP-0815,Campaign-1-East-3,Paid-Social,East,2025-06-04,2025-06-18,21473,6990,0.0939,5935.30,Live,2025-06-08,Baltimore,22
CMP-0816,Campaign-2-West-4,Email,West,2025-06-05,2025-07-22,14926,3677,0.0788,2108.76,Paused,2025-06-10,Los Angeles,37
CMP-0817,,Search,North,2025-06-06,2025-07-29,92567,6865,0.0645,4234.94,Active,2025-06-07,Chicago,52
CMP-0818,Campaign-4-South-6,Display,South,2025-06-07,2025-06-20,12123,4392,0.0593,2969.10,Current,2025-06-14,Austin,66
CMP-0819,Campaign-5-East-7,Social,East,2025-06-08,2025-08-31,80785,4630,0.0211,1271.38,Live,2025-06-18,New York,26
CMP-0820,Campaign-6-West-1,Paid Social,West,2025-06-09,2025-06-26,83921,582,0.1113,5280.97,Paused,2025-06-19,San Francisco,52
CMP-0821,Campaign-7-North-2,paid_social,North,06/10/2025,2025-07-13,13119,5208,0.0580,,Active,2025-06-12,Boston,67
CMP-0822,Campaign-8-South-3,Paid-Social,South,2025-06-11,2025-07-15,6462,3128,0.1316,,Current,2025-06-20,Austin,26
CMP-0823,Campaign-9-East-4,Email,East,2025-06-12,2025-08-11,49332,5338,0.1151,2595.52,Live,2025-06-13,Boston,41
CMP-0824,Campaign-10-West-5,Search,West,2025-06-13,2025-06-26,51867,3578,0.0352,1865.38,Paused,2025-06-17,Denver,56
CMP-0825,Campaign-11-North-6,Display,North,2025-06-14,2025-07-27,42374,2843,0.0196,4527.27,Active,2025-06-22,Detroit,27
CMP-0826,Campaign-12-South-7,Social,South,2025-06-15,2025-07-12,7172,1632,0.0119,527.17,Current,2025-06-18,Atlanta,42
CMP-0827,Campaign-13-East-1,Paid Social,East,2025-06-16,2025-08-04,63593,448,7.12,5360.71,Live,2025-06-24,Philadelphia,56
CMP-0828,Campaign-14-West-2,paid_social,West,2025-06-17,2025-07-30,3248,3922,0.0449,2405.48,Paused,2025-06-25,Portland,71
CMP-0829,Campaign-15-North-3,Paid-Social,North,2025-06-18,2025-07-18,68734,1098,0.1366,2563.48,Active,2025-06-26,Seattle,31
CMP-0830,Campaign-16-South-4,Email,South,2025-06-19,2025-07-14,28124,4867,0.0801,3824.91,Current,2025-06-22,Miami,57
CMP-0831,N/A,Search,East,2025-06-20,2025-07-06,79208,3302,0.1452,863.97,Live,2025-06-25,Baltimore,72
CMP-0832,Campaign-18-West-6,Display,West,2025-06-21,2025-06-29,38186,2972,0.0800,5361.53,Paused,2025-06-30,Los Angeles,31
CMP-0833,Campaign-19-North-7,Social,North,2025-06-22,2025-09-02,48988,2258,0.1160,2407.63,Active,2025-06-29,Chicago,46
CMP-0834,,Paid Social,South,2025-06-23,2025-08-30,58747,4273,0.0122,3315.00,Current,2025-06-28,Austin,61
CMP-0835,Campaign-21-East-2,paid_social,East,2025-06-24,2025-07-15,71018,430,0.1546,3259.56,Live,2025-07-04,New York,32
CMP-0836,Campaign-22-West-3,Paid-Social,West,2025-06-25,2025-09-13,61221,3586,0.1190,1183.44,Paused,2025-07-01,San Francisco,46
CMP-0837,Campaign-23-North-4,Email,North,2025-06-26,2025-08-25,85454,4950,0.1474,,Active,2025-06-28,Boston,61
CMP-0838,Campaign-24-South-5,Search,South,2025-06-27,2025-09-02,43044,280,0.1130,650.93,Current,2025-07-05,Austin,21
CMP-0839,Campaign-25-East-6,Display,East,2025-06-28,2025-07-27,17289,3246,0.1274,4006.86,Live,2025-07-02,Boston,36
CMP-0840,Campaign-26-West-7,Social,West,2025-06-29,2025-08-27,53895,3895,0.0452,2866.93,Paused,2025-06-30,Denver,62
CMP-0841,Campaign-27-North-1,Paid Social,North,2025-06-30,2025-09-15,57466,4004,0.0335,16466.89,Active,2025-07-05,Detroit,21
CMP-0842,Campaign-28-South-2,paid_social,South,2025-07-01,2025-09-08,23574,4297,0.0174,4497.24,Current,2025-07-02,Atlanta,36
CMP-0843,Campaign-29-East-3,Paid-Social,East,2025-07-02,2025-08-05,76956,7202,0.1204,827.74,Live,2025-07-10,Philadelphia,51
CMP-0844,Campaign-30-West-4,Email,West,2025-07-03,2025-07-29,34349,5273,0.1525,4503.91,Paused,2025-07-10,Portland,66
CMP-0845,Campaign-31-North-5,Search,North,2025-07-04,2025-09-09,32276,3692,0.1117,2668.72,Active,2025-07-10,Seattle,36
CMP-0846,Campaign-32-South-6,Display,South,2025-07-05,2025-08-08,3867,2183,0.1479,83.05,Current,2025-07-08,Miami,51
CMP-0847,Campaign-33-East-7,Social,East,2025-07-06,2025-07-18,77673,5264,0.1548,3914.25,Live,,Baltimore,66
CMP-0848,Campaign-34-West-1,Paid Social,West,2025-07-07,2025-09-06,37010,863,0.1355,965.71,Paused,2025-07-13,Los Angeles,26
CMP-0849,Campaign-35-North-2,paid_social,North,2025-07-08,2025-07-26,66133,5549,0.0156,4708.08,Active,2025-07-14,Chicago,41
CMP-0850,Campaign-36-South-3,Paid-Social,South,2025-07-09,2025-09-03,66966,1990,0.0836,1226.83,Current,2025-07-10,Austin,66
CMP-0851,,Email,East,2025-07-10,2025-09-24,2927,650,0.1008,2698.67,Live,2025-07-13,New York,26
CMP-0852,Campaign-1-West-5,Search,West,2025-07-11,2025-09-03,6674,7090,0.0090,3391.62,Paused,2025-07-15,San Francisco,41
CMP-0853,Campaign-2-North-6,Display,North,2025-07-12,2025-07-22,74711,1109,0.0866,,Active,2025-07-19,Boston,56
CMP-0854,Campaign-3-South-7,Social,South,2025-07-13,2025-08-26,18906,1081,0.0223,,Current,2025-07-20,Austin,26
CMP-0855,Campaign-4-East-1,Paid Social,East,2025-07-14,2025-08-20,92752,5951,0.1498,1131.37,Live,2025-07-18,Boston,41
CMP-0856,Campaign-5-West-2,paid_social,West,2025-07-15,2025-08-04,73716,553,0.0668,3294.52,Paused,2025-07-20,Denver,56
CMP-0857,Campaign-6-North-3,Paid-Social,North,2025-07-16,2025-07-30,63315,1954,0.0811,2997.68,Active,2025-07-23,Detroit,71
CMP-0858,Campaign-7-South-4,Email,South,2025-07-17,2025-08-05,58613,3504,0.0700,1456.12,Current,2025-07-20,Atlanta,31
CMP-0859,Campaign-8-East-5,Search,East,2025-07-18,2025-09-10,75031,359,0.0702,4261.53,Live,2025-07-25,Philadelphia,56
CMP-0860,Campaign-9-West-6,Display,West,2025-07-19,2025-08-29,10566,777,0.1226,1075.14,Paused,2025-07-26,Portland,71
CMP-0861,Campaign-10-North-7,Social,North,2025-07-20,2025-08-25,91781,5991,0.0223,3788.63,Active,2025-07-26,Seattle,31
CMP-0862,Campaign-11-South-1,Paid Social,South,07/21/2025,2025-09-11,88322,865,0.0298,2927.64,Current,2025-07-24,Miami,46
CMP-0863,Campaign-12-East-2,paid_social,East,2025-07-22,2025-10-14,35466,3396,0.0563,1838.09,Live,2025-07-31,Baltimore,60
CMP-0864,Campaign-13-West-3,Paid-Social,West,2025-07-23,2025-10-19,65123,5017,0.1411,3792.43,Paused,2025-08-02,Los Angeles,31
CMP-0865,Campaign-14-North-4,Email,North,2025-07-24,2025-08-01,63103,3698,0.0791,1104.96,Active,2025-07-27,Chicago,46
CMP-0866,Campaign-15-South-5,Search,South,2025-07-25,2025-10-11,68196,2164,0.0304,4077.43,Current,2025-07-26,Austin,61
CMP-0867,Campaign-16-East-6,Display,East,2025-07-26,2025-09-14,33583,2122,0.0576,2012.71,Live,2025-07-28,New York,21
CMP-0868,,Social,West,2025-07-27,2025-08-12,17302,5294,0.0188,2299.16,Paused,2025-08-04,San Francisco,35
CMP-0869,Campaign-18-North-1,Paid Social,North,2025-07-28,2025-09-03,50415,121,0.0734,,Active,2025-08-03,Boston,61
CMP-0870,Campaign-19-South-2,paid_social,South,29 Jul 2025,2025-09-12,25674,790,0.0295,14508.35,Current,2025-08-07,Austin,21
CMP-0871,Campaign-20-East-3,Paid-Social,East,2025-07-30,2025-09-01,28497,6210,0.0427,4104.30,Live,2025-08-01,Boston,36
CMP-0872,Campaign-21-West-4,Email,West,2025-07-31,2025-10-25,50861,6310,0.0781,1582.07,Paused,2025-08-05,Denver,51
CMP-0873,Campaign-22-North-5,Search,North,2025-08-01,2025-09-10,6824,835,0.0875,2792.30,Active,2025-08-07,Detroit,65
CMP-0874,Campaign-23-South-6,Display,South,2025-08-02,2025-10-23,66171,240,0.1368,6859.47,Current,2025-08-12,Atlanta,36
CMP-0875,Campaign-24-East-7,Social,East,2025-08-03,2025-09-14,7629,236,0.1035,1416.06,Live,2025-08-13,Philadelphia,51
CMP-0876,Campaign-25-West-1,Paid Social,West,2025-08-04,2025-09-02,93177,1916,0.1159,3880.55,Paused,2025-08-14,Portland,66
CMP-0877,Campaign-26-North-2,paid_social,North,2025-08-05,2025-10-28,67929,6110,0.0765,1371.29,Active,2025-08-13,Seattle,25
CMP-0878,Campaign-27-South-3,Paid-Social,South,2025-08-06,2025-10-07,31297,2424,0.0168,3236.78,Current,2025-08-08,Miami,40
CMP-0879,Campaign-28-East-4,Email,East,2025-08-07,2025-10-03,37510,4540,0.1406,3938.11,Live,2025-08-10,Baltimore,66
CMP-0880,Campaign-29-West-5,Search,West,2025-08-08,2025-10-20,62893,5147,0.0109,1700.20,Paused,2025-08-11,Los Angeles,26
CMP-0881,Campaign-30-North-6,Display,North,2025-08-09,2025-09-26,57821,2841,0.0742,3458.39,Active,2025-08-12,Chicago,41
CMP-0882,Campaign-31-South-7,Social,South,2025-08-10,2025-10-31,44455,6721,0.1182,1299.03,Current,2025-08-12,Austin,55
CMP-0883,Campaign-32-East-1,Paid Social,East,2025-08-11,2025-09-29,28820,5362,0.0747,3536.22,Live,2025-08-20,New York,70
CMP-0884,Campaign-33-West-2,paid_social,West,2025-08-12,2025-09-19,63311,721,0.1489,2748.16,Paused,2025-08-15,San Francisco,41
CMP-0885,,Paid-Social,North,2025-08-13,2025-09-20,81165,1991,0.0349,,Active,2025-08-15,Boston,56
CMP-0886,Campaign-35-South-4,Email,South,2025-08-14,2025-09-03,57790,3270,4.55,11200.00,Current,2025-08-17,Austin,70
CMP-0887,Campaign-36-East-5,Search,East,2025-08-15,2025-10-15,57968,297,0.1464,1331.27,Live,2025-08-16,Boston,30
CMP-0888,Campaign-37-West-6,Display,West,2025-08-16,2025-10-10,3364,4450,0.1439,3610.34,Paused,2025-08-18,Denver,45
CMP-0889,Campaign-1-North-7,Social,North,2025-08-17,2025-11-12,76555,1925,0.0275,2095.08,Active,2025-08-26,Detroit,71
CMP-0890,Campaign-2-South-1,Paid Social,South,2025-08-18,2025-09-11,66287,7287,0.0554,2464.07,Current,2025-08-23,Atlanta,31
CMP-0891,Campaign-3-East-2,paid_social,East,2025-08-19,2025-10-25,68840,1970,0.1521,6967.46,Live,2025-08-29,Philadelphia,45
CMP-0892,Campaign-4-West-3,Paid-Social,West,2025-08-20,2025-10-03,19875,6404,0.0593,1454.69,Paused,2025-08-28,Portland,60
CMP-0893,Campaign-5-North-4,Email,North,2025-08-21,2025-10-23,51288,4759,0.0625,36.62,Active,2025-08-27,Seattle,20
CMP-0894,Campaign-6-South-5,Search,South,2025-08-22,2025-09-03,87560,1770,0.0586,1733.04,Current,,Miami,46
CMP-0895,Campaign-7-East-6,Display,East,2025-08-23,2025-10-20,88941,5646,0.1478,2847.27,Live,2025-08-24,Baltimore,60
CMP-0896,Campaign-8-West-7,Social,West,2025-08-24,2025-11-19,68619,4841,0.0548,4796.19,Paused,2025-09-02,Los Angeles,20
CMP-0897,Campaign-9-North-1,Paid Social,North,2025-08-25,2025-09-15,14716,2764,0.0857,1663.44,Active,2025-08-26,Chicago,35
CMP-0898,Campaign-10-South-2,paid_social,South,2025-08-26,2025-10-17,24166,1279,0.0609,11200.00,Current,2025-08-27,Austin,50
CMP-0899,Campaign-11-East-3,Paid-Social,East,2025-08-27,2025-10-06,5801,1314,0.0679,12549.80,Live,2025-09-01,New York,21
CMP-0900,Campaign-12-West-4,Email,West,2025-08-28,2025-10-06,80460,2764,0.0526,3119.90,Paused,2025-09-02,San Francisco,35
CMP-0901,Campaign-13-North-5,Search,North,2025-08-29,2025-11-18,47491,105,0.1530,3481.57,Active,2025-09-08,Boston,50
CMP-0902,,Display,South,2025-08-30,2025-10-03,8332,2091,0.0363,1947.91,Current,2025-09-03,Austin,65
CMP-0903,Campaign-15-East-7,Social,East,08/31/2025,2025-09-27,68323,1758,0.0339,9440.48,Live,2025-09-07,Boston,25
CMP-0904,Campaign-16-West-1,Paid Social,West,2025-09-01,2025-11-25,59927,3101,0.0765,1506.78,Paused,2025-09-05,Denver,51
CMP-0905,Campaign-17-North-2,paid_social,North,2025-09-02,2025-11-06,79894,5784,0.0244,3173.63,Active,2025-09-08,Detroit,65
CMP-0906,Campaign-18-South-3,Paid-Social,South,2025-09-03,2025-09-29,17371,4044,0.0137,2658.34,Current,2025-09-10,Atlanta,25
CMP-0907,Campaign-19-East-4,Email,East,2025-09-04,2025-10-26,51600,5263,0.0459,2282.42,Live,2025-09-09,Philadelphia,40
CMP-0908,Campaign-20-West-5,Search,West,2025-09-05,2025-11-23,14959,2752,0.1024,7149.37,Paused,2025-09-12,Portland,55
CMP-0909,Campaign-21-North-6,Display,North,2025-09-06,2025-11-29,11190,2662,0.1442,1563.53,Active,2025-09-10,Seattle,25
CMP-0910,Campaign-22-South-7,Social,South,2025-09-07,2025-11-15,45521,3640,0.0747,10359.24,Current,2025-09-10,Miami,40
CMP-0911,Campaign-23-East-1,Paid Social,East,2025-09-08,2025-10-19,91883,3998,0.0491,2154.96,Live,2025-09-17,Baltimore,55
CMP-0912,Campaign-24-West-2,paid_social,West,2025-09-09,2025-09-21,12732,996,0.0355,2613.64,Paused,2025-09-13,Los Angeles,70
CMP-0913,Campaign-25-North-3,Paid-Social,North,2025-09-10,2025-10-02,15674,2383,0.1078,5426.17,Active,2025-09-13,Chicago,30
CMP-0914,N/A,Email,South,2025-09-11,2025-10-19,90287,5800,0.0999,1712.36,Current,2025-09-18,Austin,55
CMP-0915,Campaign-27-East-5,Search,East,2025-09-12,2025-10-28,41004,6553,0.1255,8970.27,Live,2025-09-14,New York,70
CMP-0916,Campaign-28-West-6,Display,West,2025-09-13,2025-11-02,28250,1595,0.0425,1869.73,Paused,2025-09-23,San Francisco,30
CMP-0917,Campaign-29-North-7,Social,North,2025-09-14,2025-10-27,63709,2250,0.0525,2850.26,Active,2025-09-21,Boston,45
CMP-0918,Campaign-30-South-1,Paid Social,South,2025-09-15,2025-09-29,85742,4852,0.0454,4137.79,Current,2025-09-18,Austin,59
CMP-0919,,paid_social,East,2025-09-16,2025-12-08,62183,1365,0.0219,1942.85,Live,2025-09-21,Boston,30
CMP-0920,Campaign-32-West-3,Paid-Social,West,2025-09-17,2025-10-21,83453,7237,0.0827,8103.99,Paused,2025-09-23,Denver,45
CMP-0921,Campaign-33-North-4,Email,North,2025-09-18,2025-09-30,67177,3460,0.0240,1741.91,Active,2025-09-23,Detroit,60
CMP-0922,Campaign-34-South-5,Search,South,2025-09-19,2025-12-18,77357,3521,0.1268,5127.02,Current,2025-09-20,Atlanta,20
CMP-0923,Campaign-35-East-6,Display,East,2025-09-20,2025-11-25,85978,5923,0.0941,3222.80,Live,2025-09-22,Philadelphia,34
CMP-0924,Campaign-36-West-7,Social,West,2025-09-21,2025-10-21,48080,4838,0.0183,2235.14,Paused,2025-09-30,Portland,60
CMP-0925,Campaign-37-North-1,Paid Social,North,2025-09-22,2025-12-17,7924,5863,0.0131,6969.34,Active,2025-09-28,Seattle,20
CMP-0926,Campaign-1-South-2,paid_social,South,2025-09-23,2025-12-08,33382,2519,0.0889,1737.71,Current,2025-09-24,Miami,35
CMP-0927,Campaign-2-East-3,Paid-Social,East,2025-09-24,2025-12-05,45648,6958,0.0657,6071.01,Live,2025-09-30,Baltimore,49
CMP-0928,Campaign-3-West-4,Email,West,2025-09-25,2025-12-04,94027,5762,0.1138,10591.26,Paused,2025-09-26,Los Angeles,64
CMP-0929,Campaign-4-North-5,Search,North,2025-09-26,2025-10-26,16521,609,0.0922,2548.52,Active,2025-10-01,Chicago,35
CMP-0930,Campaign-5-South-6,Display,South,2025-09-27,2025-12-22,56784,7174,0.1368,5744.39,Current,2025-10-03,Austin,50
CMP-0931,Campaign-6-East-7,Social,East,2025-09-28,2025-11-19,49669,3203,0.0579,1840.31,Live,2025-10-05,New York,65
CMP-0932,Campaign-7-West-1,Paid Social,West,2025-09-29,2025-11-14,86925,462,0.1533,6737.27,Paused,2025-10-05,San Francisco,24
CMP-0933,Campaign-8-North-2,paid_social,North,2025-09-30,2025-11-16,37725,6614,0.1344,2228.33,Active,2025-10-03,Boston,39
CMP-0934,Campaign-9-South-3,Paid-Social,South,2025-10-01,2025-11-23,20340,2467,0.0607,2136.49,Current,2025-10-03,Austin,65
CMP-0935,Campaign-10-East-4,Email,East,2025-10-02,2025-11-10,66611,2852,0.1154,4623.91,Live,2025-10-04,Boston,25
CMP-0936,,Search,West,2025-10-03,2025-11-07,6211,4431,0.1398,2042.14,Paused,2025-10-13,Denver,40
CMP-0937,Campaign-12-North-6,Display,North,2025-10-04,2025-12-24,68139,3599,0.0196,6859.26,Active,2025-10-08,Detroit,54
CMP-0938,Campaign-13-South-7,Social,South,2025-10-05,2025-12-31,84447,985,0.1528,2026.49,Current,2025-10-11,Atlanta,69
CMP-0939,Campaign-14-East-1,Paid Social,East,2025-10-06,2025-12-24,56405,5311,0.0912,3281.34,Live,2025-10-08,Philadelphia,40
CMP-0940,Campaign-15-West-2,paid_social,West,2025-10-07,2025-11-08,71765,3428,0.0921,70.20,Paused,2025-10-09,Portland,55
CMP-0941,Campaign-16-North-3,Paid-Social,North,2025-10-08,2025-11-08,38999,375,0.1210,2343.75,Active,,Seattle,69
CMP-0942,Campaign-17-South-4,Email,South,2025-10-09,2025-11-22,3064,3057,0.0161,6464.71,Current,2025-10-11,Miami,29
CMP-0943,Campaign-18-East-5,Search,East,2025-10-10,2025-12-09,84112,2898,0.0914,1970.23,Live,2025-10-16,Baltimore,44
CMP-0944,Campaign-19-West-6,Display,West,10/11/2025,2025-11-22,1314,6756,0.0993,4337.06,Paused,2025-10-14,Los Angeles,70
CMP-0945,Campaign-20-North-7,Social,North,2025-10-12,2025-11-29,76332,6194,3.39,3045.80,Active,2025-10-18,Chicago,30
CMP-0946,Campaign-21-South-1,Paid Social,South,2025-10-13,2025-11-23,6608,5671,0.0553,967.88,Current,2025-10-20,Austin,44
CMP-0947,Campaign-22-East-2,paid_social,East,2025-10-14,2025-11-17,32546,2982,0.0599,5728.95,Live,2025-10-18,New York,59
CMP-0948,Campaign-23-West-3,Paid-Social,West,2025-10-15,2025-12-02,16595,5311,0.1264,2046.08,Paused,2025-10-21,San Francisco,19
CMP-0949,Campaign-24-North-4,Email,North,16 Oct 2025,2025-12-03,62990,2161,0.0332,5198.84,Active,2025-10-20,Boston,45
CMP-0950,Campaign-25-South-5,Search,South,2025-10-17,2025-11-09,46588,3261,0.0780,2596.20,Current,2025-10-22,Austin,59
CMP-0001,,Paid Social,North,01/01/2025,2025-01-23,43075,4176,11.33,1695.31,Active,,Boston,19
CMP-0002,Campaign-2-South-2,paid_social,South,2025-01-02,2025-01-22,30466,4983,0.0994,4869.73,Current,2025-01-12,Atlanta,34
CMP-0003,Campaign-3-East-3,Paid-Social,East,2025-01-03,2025-03-21,65543,6212,0.1216,2271.17,Live,2025-01-04,Philadelphia,49
CMP-0004,Campaign-4-West-4,Email,West,2025-01-04,2025-03-30,11780,967,0.0502,5699.39,Paused,2025-01-05,Denver,20
CMP-0005,Campaign-5-North-5,Search,North,2025-01-05,2025-03-15,90248,2634,0.0389,2336.52,Active,2025-01-11,Detroit,34
CMP-0006,Campaign-6-South-6,Display,South,2025-01-06,2025-03-02,68516,5284,0.0192,2459.00,Current,2025-01-15,Miami,49
CMP-0007,Campaign-7-East-7,Social,East,2025-01-07,2025-03-23,39488,2416,0.0752,17132.72,Live,2025-01-17,Baltimore,64
CMP-0008,Campaign-8-West-1,Paid Social,West,2025-01-08,2025-02-23,4442,7005,0.1125,599.85,Paused,2025-01-15,Portland,24
CMP-0009,Campaign-9-North-2,paid_social,North,2025-01-09,2025-01-27,53468,4858,0.0895,5759.27,Active,2025-01-16,Seattle,49
CMP-0010,Campaign-10-South-3,Paid-Social,South,2025-01-10,2025-03-22,79864,7231,0.0802,2246.17,Current,2025-01-15,Austin,64
CMP-0011,Campaign-11-East-4,Email,East,2025-01-11,2025-03-12,75124,3985,0.0834,3290.91,Live,2025-01-21,New York,24
CMP-0012,Campaign-12-West-5,Search,West,2025-01-12,2025-02-16,18108,6762,0.0152,3398.76,Paused,2025-01-14,Los Angeles,39
CMP-0013,Campaign-13-North-6,Display,North,2025-01-13,2025-04-09,57483,3910,0.0289,1015.06,Active,2025-01-15,Chicago,54
CMP-0014,Campaign-14-South-7,Social,South,2025-01-14,2025-04-11,93043,3802,0.1071,,Current,2025-01-23,Austin,24
CMP-0015,Campaign-15-East-1,Paid Social,East,2025-01-15,2025-02-23,74573,3353,0.1065,2339.47,Live,2025-01-24,Boston,39
CMP-0016,Campaign-16-West-2,paid_social,West,2025-01-16,2025-03-25,53884,3607,0.0378,4084.73,Paused,2025-01-17,San Francisco,54
CMP-0017,Campaign-17-North-3,Paid-Social,North,2025-01-17,2025-01-28,20840,5431,0.1377,,Active,2025-01-26,Boston,69
CMP-0018,,Email,South,2025-01-18,2025-03-28,48377,1697,0.0462,1449.12,Current,2025-01-27,Atlanta,39
CMP-0019,Campaign-19-East-5,Search,East,2025-01-19,2025-03-30,58115,4629,0.1056,4855.25,Live,2025-01-24,Philadelphia,54
CMP-0020,Campaign-20-West-6,Display,West,2025-01-20,2025-03-08,61185,6711,0.0225,583.53,Paused,2025-01-29,Denver,69
CMP-0021,Campaign-21-North-7,Social,North,2025-01-21,2025-03-02,60565,1559,0.1502,4691.65,Active,2025-01-29,Detroit,29
CMP-0022,Campaign-22-South-1,Paid Social,South,2025-01-22,2025-02-06,86206,2242,0.1408,2628.56,Current,2025-01-26,Miami,44
CMP-0023,Campaign-23-East-2,paid_social,East,2025-01-23,2025-03-23,20383,3741,0.1427,1988.42,Live,2025-01-31,Baltimore,69
CMP-0024,Campaign-24-West-3,Paid-Social,West,2025-01-24,2025-04-15,72842,6911,0.0202,4203.12,Paused,2025-01-28,Portland,29
CMP-0025,Campaign-25-North-4,Email,North,2025-01-25,2025-02-16,82605,425,0.1185,817.70,Active,2025-01-31,Seattle,44
CMP-0976,Campaign-26-South-5,Search,South,2025-01-26,2025-02-21,1872,2627,0.1057,4989.78,Current,2025-02-03,Austin,59
CMP-0977,Campaign-27-East-6,Display,East,2025-01-27,2025-02-20,72739,1886,0.0775,2538.57,Live,2025-02-06,New York,19
CMP-0978,Campaign-28-West-7,Social,West,2025-01-28,2025-04-09,39300,751,0.0694,2623.27,Paused,2025-01-31,Los Angeles,44
CMP-0979,Campaign-29-North-1,Paid Social,North,2025-01-29,2025-04-21,41308,4219,0.0686,3602.92,Active,2025-02-07,Chicago,59
CMP-0980,Campaign-30-South-2,paid_social,South,2025-01-30,2025-03-03,50483,175,0.1489,1035.54,Current,2025-02-01,Austin,19
CMP-0981,Campaign-31-East-3,Paid-Social,East,2025-01-31,2025-02-13,46684,5354,0.0600,4943.54,Live,2025-02-01,Boston,34
CMP-0982,Campaign-32-West-4,Email,West,2025-02-01,2025-02-11,68097,3959,0.0562,896.04,Paused,2025-02-07,San Francisco,48
CMP-0983,Campaign-33-North-5,Search,North,2025-02-02,2025-02-24,66417,3882,0.0920,3288.69,Active,2025-02-05,Boston,19
CMP-0984,Campaign-34-South-6,Display,South,2025-02-03,2025-04-26,69306,1755,0.0717,3131.62,Current,2025-02-13,Atlanta,34
CMP-0985,,Social,East,2025-02-04,2025-03-12,90132,5883,0.0182,1328.35,Live,2025-02-08,Philadelphia,49
CMP-0986,Campaign-36-West-1,Paid Social,West,2025-02-05,2025-05-05,23923,430,0.1033,15174.17,Paused,2025-02-06,Denver,64
CMP-0987,Campaign-37-North-2,paid_social,North,2025-02-06,2025-04-11,85197,1604,0.0791,23.77,Active,2025-02-07,Detroit,23
CMP-0988,Campaign-1-South-3,Paid-Social,South,2025-02-07,2025-03-02,85826,4401,0.0402,3875.17,Current,2025-02-10,Miami,49
CMP-0989,Campaign-2-East-4,Email,East,2025-02-08,2025-03-07,87867,6977,0.0353,2832.59,Live,2025-02-17,Baltimore,64
CMP-0990,Campaign-3-West-5,Search,West,2025-02-09,2025-04-10,11509,3199,0.0528,1717.92,Paused,2025-02-14,Portland,24
CMP-0991,Campaign-4-North-6,Display,North,2025-02-10,2025-04-17,66421,6451,0.1278,4128.87,Active,2025-02-13,Seattle,38
CMP-0992,Campaign-5-South-7,Social,South,02/11/2025,2025-03-31,69270,4008,0.0734,989.43,Current,2025-02-20,Austin,53
CMP-0993,Campaign-6-East-1,Paid Social,East,2025-02-12,2025-03-26,13594,7005,0.0395,4264.53,Live,2025-02-14,New York,24
CMP-0994,Campaign-7-West-2,paid_social,West,2025-02-13,2025-04-19,85830,2766,0.0680,1912.53,Paused,2025-02-16,Los Angeles,39
CMP-0995,Campaign-8-North-3,Paid-Social,North,2025-02-14,2025-02-24,47330,6994,0.0310,2200.54,Active,2025-02-24,Chicago,54
CMP-0996,Campaign-9-South-4,Email,South,2025-02-15,2025-05-01,29582,958,0.0993,3609.25,Current,2025-02-25,Austin,68
CMP-0997,Campaign-10-East-5,Search,East,2025-02-16,2025-03-22,75889,2474,0.0907,1103.47,Live,2025-02-19,Boston,28
CMP-0998,Campaign-11-West-6,Display,West,2025-02-17,2025-03-08,35765,849,0.1484,4380.81,Paused,,San Francisco,54
CMP-0999,Campaign-12-North-7,Social,North,2025-02-18,2025-03-04,47894,5977,0.1259,,Active,2025-02-20,Boston,69
CMP-1000,Campaign-13-South-1,Paid Social,South,2025-02-19,2025-05-01,42297,2327,0.0945,2738.33,Current,2025-02-25,Atlanta,28
