encounter_id,appointment_date,facility,department,visit_type,patient_age_years,payer_type,language_preference,scheduled_time,check_in_time,provider_start_time,discharge_time,appointment_lead_days,wait_time_min,visit_duration_min,no_show_flag,triage_acuity,diagnosis_group,procedure_group,charge_amount_usd,allowed_amount_usd,patient_responsibility_usd,claim_status,satisfaction_score,readmission_30d_flag,referral_source
ENC-0510001,2025-12-12,North Campus,Primary Care,Follow-up,48,Commercial,English,14:21,14:11,14:36,15:00,17,25,24,No,5,Preventive care,Vaccination,310.56,211.18,44.35,Paid,4,Yes,Emergency transfer
ENC-0510002,2025-11-21,Central Medical Pavilion,Neurology,Follow-up,80,Commercial,English,14:52,14:53,15:22,16:34,37,29,72,No,4,Neuropathy,EEG,1148.21,,,Pending,5,No,Self referral
ENC-0510003,2025-06-30,Central Medical Pavilion,Oncology,Follow-up,51,Medicare,English,09:10,09:01,09:50,11:26,26,49,96,No,2,Solid tumor,Laboratory monitoring,2330.29,1258.36,100.67,Paid,4,No,Emergency transfer
ENC-0510004,2025-10-23,North Campus,Cardiology,Telehealth,59,Commercial,English,16:36,16:57,17:03,17:56,0,6,53,No,2,Heart failure,Echocardiogram,810.66,,,Pending,,Yes,
ENC-0510005,2025-10-29,North Campus,ER,Emergency,79,Medicare,English,20:29,20:26,21:25,23:16,0,59,111,No,4,Neurologic symptoms,Laboratory panel,3602.48,,,Under review,,No,Community outreach
ENC-0510006,2025-09-26,West Community Hospital,Cardiology,Procedure,29,Commercial,English,14:46,15:09,15:31,16:24,28,22,53,No,4,Heart failure,Echocardiogram,1507.69,1025.23,215.3,Paid,,No,Primary care referral
ENC-0510007,2025-04-01,North Campus,Orthopedics,Follow-up,80,Medicaid,Arabic,13:26,13:27,13:34,14:31,24,7,57,No,4,Joint pain,Injection,529.84,,,Pending,4,No,Emergency transfer
ENC-0510008,2025-11-27,CENTRAL MEDICAL PAVILION,Orthopedics,Follow-up,51,Medicaid,English,15:25,15:11,15:37,16:09,15,26,32,No,4,Sports injury,Consultation,744.56,,,Under review,,No,Emergency transfer
ENC-0510009,2025-02-05,Lakeside Clinic,Orthopedics,Follow-up,58,Commercial,Other,08:32,08:39,08:52,09:58,31,13,66,No,4,Joint pain,Injection,612.59,416.56,87.48,Paid,5,No,Emergency transfer
ENC-0510010,2025-06-23,North Campus,Imaging,New patient,74,Medicaid,English,10:52,11:03,11:18,11:53,,15,35,No,5,Cancer surveillance,CT,696.33,334.24,26.74,Paid,4,No,Self referral
ENC-0510011,2025-12-06,West Community Hospital,Neurology,Follow-up,52,Commercial,Spanish,15:54,,,,25,,,Yes,5,NOT_RECORDED,NOT_PERFORMED,0,,,Not submitted,,NOT_APPLICABLE,Primary care referral
ENC-0510012,09/19/2025,North Campus,Imaging,Follow-up,9,Medicaid,English,11:03,10:44,11:06,11:43,35,22,37,No,3,Musculoskeletal imaging,MRI,615.6,295.49,23.64,Paid,,No,Primary care referral
ENC-0510013,2025-04-09,North Campus,Primary Care,Follow-up,56,COMM,English,15:43,15:49,16:00,16:28,37,11,28,No,4,Preventive care,Vaccination,371.92,,,Under review,,No,Primary care referral
ENC-0510014,2025-09-23,North Campus,Oncology,Procedure,66,Self-pay,English,15:02,15:01,15:36,16:53,23,35,77,No,4,Hematologic malignancy,Infusion,4154.12,,3103.13,Paid,5,No,Specialist referral
ENC-0510015,2025-02-25,West Community Hospital,Oncology,Telehealth,59,Workers compensation,English,10:24,10:37,11:25,12:43,24,48,78,No,4,Solid tumor,Consultation,2276.33,0,0,Denied,4,No,Self referral
ENC-0510016,2025-07-06,Lakeside Clinic,Oncology,Follow-up,58,Medicare,Other,07:32,07:27,07:44,09:04,20,17,80,No,2,Solid tumor,Consultation,1617.33,0,0,Denied,,No,Specialist referral
ENC-0510017,2025-08-23,Central Medical Pavilion,Neurology,New patient,71,Workers compensation,English,11:48,11:54,12:05,12:46,2,11,41,No,5,Cognitive symptoms,Consultation,697.63,495.32,39.63,Paid,5,No,Community outreach
ENC-0510018,2025-04-08,North Campus,Orthopedics,Follow-up,39,Medicaid,Spanish,08:05,08:09,08:24,08:54,10,15,30,No,4,Spine disorder,Consultation,771.4,370.27,29.62,Paid,5,No,Specialist referral
ENC-0510019,2025-11-12,Central Medical Pavilion,Imaging,Follow-up,55,Medicaid,English,09:27,09:30,10:06,10:36,22,36,30,No,5,Diagnostic imaging,CT,619.55,297.38,23.79,Paid,5,No,Emergency transfer
ENC-0510020,2025-07-26,North Campus,Primary Care,New patient,60,Commercial,English,14:43,14:34,14:34,15:06,9,0,32,No,5,Diabetes,Vaccination,251.66,171.13,35.94,Paid,5,No,Primary care referral
ENC-0510021,2025-04-13,West Community Hospital,Cardiology,New patient,52,Commercial,English,10:14,10:00,10:31,11:27,22,31,56,No,5,Arrhythmia,Echocardiogram,862.02,0,0,Denied,,No,Emergency transfer
ENC-0510022,2025-06-11,West Community Hospital,Imaging,Follow-up,96,Medicare,Spanish,14:36,14:31,15:21,16:10,0,50,49,No,4,Diagnostic imaging,X-ray,421.87,,,Pending,4,No,Primary care referral
ENC-0510023,2025-03-06,West Community Hospital,Imaging,New patient,49,Medicare,English,14:29,14:19,14:42,15:09,13,23,27,No,4,Cancer surveillance,MRI,467.96,252.7,20.22,Paid,4,No,Primary care referral
ENC-0510024,2025-03-22,Lakeside Clinic,Cardiology,New patient,54,Commercial,English,08:30,08:36,08:56,09:38,26,20,42,No,3,Hypertension,Consultation,1034.39,703.39,147.71,Paid,,No,Primary care referral
ENC-0510025,2025-12-01,West Community Hospital,Orthopedics,New patient,53,Medicare,English,13:54,,,,50,,,Yes,4,NOT_RECORDED,NOT_PERFORMED,0,,,Not submitted,,NOT_APPLICABLE,Primary care referral
ENC-0510026,2025-01-21,Central Medical Pavilion,Orthopedics,Procedure,67,Self-pay,English,08:26,08:20,08:21,09:09,0,1,48,No,5,Sports injury,Consultation,949.43,788.03,709.23,Paid,,No,Primary care referral
ENC-0510027,2025-08-12,Central Medical Pavilion,Primary Care,Follow-up,55,Commercial,English,10:29,10:48,10:53,11:24,34,5,31,No,5,Preventive care,Vaccination,253.69,172.51,36.23,Paid,5,No,Specialist referral
ENC-0510028,2025-12-15,North Campus,Emergency,Emergency,73,Medicare,English,18:26,18:45,20:21,22:24,0,,123,No,1,Injury,Evaluation and management,2234.19,,,Under review,3,No,Specialist referral
ENC-0510029,2025-09-13,North Campus,Orthopedics,Telehealth,20,Medicaid,English,16:16,16:11,16:37,17:18,18,26,41,No,3,Sports injury,X-ray,618.76,297,23.76,Paid,,No,Self referral
ENC-0510030,2025-09-09,West Community Hospital,Primary Care,Follow-up,45,Commercial,English,15:18,15:35,15:46,16:11,21,11,25,No,4,Hypertension,Vaccination,380.4,,,Under review,,Yes,Specialist referral
ENC-0510031,2025-05-23,West Community Hospital,Emergency,Emergency,55,Commercial,English,15:28,15:27,16:37,18:44,0,70,127,No,3,Injury,Minor procedure,2763.55,1879.21,394.63,Paid,3,No,Specialist referral
ENC-0510032,2025-06-05,Central Medical Pavilion,Imaging,Procedure,41,Commercial,English,13:53,13:49,13:49,14:26,36,0,37,No,5,Musculoskeletal imaging,Ultrasound,1178.84,801.61,168.34,Paid,,No,Primary care referral
ENC-0510033,2025-12-20,Central Medical Pavilion,Oncology,New patient,35,Medicare,English,11:44,12:16,12:30,13:45,14,14,75,No,5,Hematologic malignancy,Infusion,1681.2,,,Pending,4,No,Emergency transfer
ENC-0510034,2025-04-21,North Campus,Emergency,Emergency,51,Self-pay,English,04:03,04:01,05:03,06:59,0,62,116,No,1,Injury,Minor procedure,3350.28,2780.73,2502.66,Paid,4,No,Emergency transfer
ENC-0510035,2025-05-11,Lakeside Clinic,Imaging,Follow-up,83,Self-pay,English,10:27,10:17,10:46,11:32,13,29,46,No,5,Musculoskeletal imaging,MRI,606.27,503.2,452.88,Paid,3,Yes,Primary care referral
ENC-0510036,2025-08-03,North Campus,Primary Care,Follow-up,53,Medicare,English,12:29,12:51,13:10,13:36,40,19,26,No,5,Hypertension,Screening,288.88,156,12.48,Paid,,No,Emergency transfer
ENC-0510037,2025-07-14,West Community Hospital,Emergency,Emergency,84,Commercial,English,01:47,02:08,03:58,05:12,0,,74,No,4,Neurologic symptoms,Evaluation and management,3231.02,,,Pending,3,No,Primary care referral
ENC-0510038,2025-08-24,Lakeside Clinic,Primary Care,Follow-up,50,Medicaid,English,15:10,15:05,15:47,16:04,18,42,17,No,4,Respiratory infection,Screening,341.5,163.92,13.11,Paid,4,No,Emergency transfer
ENC-0510039,2025-05-12,Central Medical Pavilion,Imaging,Follow-up,54,Self-pay,English,11:07,11:10,11:21,11:48,12,11,27,No,3,Diagnostic imaging,Ultrasound,663.69,550.86,495.77,Paid,,No,Primary care referral
ENC-0510040,2025-06-06,West Community Hospital,Emergency,Emergency,31,Workers compensation,English,03:47,04:05,04:29,07:17,0,24,168,No,4,Injury,Evaluation and management,3592.12,2550.41,204.03,Paid,,No,Employer program
ENC-0510041,2025-03-17,North Campus,Emergency,Emergency,43,Commercial,English,05:25,05:08,06:08,07:44,0,60,96,No,3,Neurologic symptoms,Minor procedure,2675.41,,,Under review,,No,Self referral
ENC-0510042,2025-04-13,Lakeside Clinic,Cardiology,Follow-up,66,Commercial,English,09:32,09:44,10:15,10:56,0,31,41,No,4,Arrhythmia,Echocardiogram,758.11,515.51,108.26,Paid,5,No,Self referral
ENC-0510043,2025-06-23,West Community Hospital,Orthopedics,New patient,93,Medicare,English,09:21,09:04,09:27,10:19,34,23,52,No,4,Spine disorder,Consultation,582.25,314.42,25.15,Paid,,No,Primary care referral
ENC-0510044,2025-05-28,West Community Hospital,Imaging,Follow-up,22,Medicaid,Spanish,15:09,15:05,15:25,15:57,28,20,32,No,4,Diagnostic imaging,CT,413.77,0,0,Denied,4,No,Primary care referral
ENC-0510045,2025-09-11,West Community Hospital,Orthopedics,Procedure,72,Medicare,Spanish,11:20,11:20,11:59,12:53,21,39,54,No,4,Spine disorder,Consultation,1060.28,572.55,45.8,Paid,4,No,Specialist referral
ENC-0510046,2025-02-22,Central Medical Pavilion,Orthopedics,Follow-up,50,Commercial,Arabic,16:15,16:23,16:33,17:12,0,10,39,No,5,Spine disorder,Consultation,710.71,483.28,101.49,Paid,5,No,Self referral
ENC-0510047,2025-11-01,North Campus,Emergency,Emergency,76,Medicaid,English,23:17,23:07,00:21,03:00,0,74,159,No,4,Respiratory symptoms,Evaluation and management,3392.01,1628.16,130.25,Paid,,No,Primary care referral
ENC-0510048,2025-11-25,Central Medical Pavilion,Cardiology,New patient,14,Commercial,Spanish,09:15,09:10,09:10,10:04,29,0,54,No,2,Hypertension,Consultation,797.08,542.01,113.82,Paid,5,No,Self referral
ENC-0510049,2025-10-09,North Campus,Imaging,Follow-up,43,Self-pay,English,16:24,16:28,16:50,17:17,18,22,27,No,4,Cancer surveillance,X-ray,408.41,338.98,305.08,Paid,,No,Primary care referral
ENC-0510050,2025-02-14,North Campus,Imaging,New patient,43,Medicaid,English,10:45,,,,15,,,Yes,4,NOT_RECORDED,NOT_PERFORMED,0,,,Not submitted,,NOT_APPLICABLE,Primary care referral
ENC-0510051,2025-12-14,Lakeside Clinic,Cardiology,New patient,76,Commercial,Other,11:03,11:09,11:21,12:11,39,12,50,No,2,Hypertension,Echocardiogram,613.28,417.03,87.58,Paid,5,No,
ENC-0510052,2025-06-28,North Campus,Emergency,Emergency,43,Medicaid,English,05:39,05:51,06:44,08:34,0,53,110,No,4,Injury,Laboratory panel,3562.89,1710.19,136.82,Paid,3,No,Emergency transfer
ENC-0510053,2025-08-08,Central Medical Pavilion,Primary Care,New patient,48,Commercial,English,12:42,12:35,12:56,13:30,9,21,34,No,5,Hypertension,Office visit,365.23,248.36,52.16,Paid,4,No,Primary care referral
ENC-0510054,2025-07-14,North Campus,Emergency,Emergency,69,Commercial,English,00:12,00:18,02:49,04:40,0,,111,No,2,Neurologic symptoms,Laboratory panel,2283.78,,,Pending,,No,Primary care referral
ENC-0510055,2025-08-27,Lakeside Clinic,Imaging,Follow-up,33,Medicaid,English,16:59,17:18,17:45,18:26,11,27,41,No,4,Cancer surveillance,CT,689.49,330.96,26.48,Paid,,No,Self referral
ENC-0510056,2025-10-27,Central Medical Pavilion,Primary Care,New patient,44,Self-pay,English,13:13,13:29,13:43,14:00,26,14,17,No,4,Preventive care,Screening,252.71,209.75,188.78,Paid,,No,Self referral
ENC-0510057,2025-02-03,Lakeside Clinic,Primary Care,New patient,45,Medicare,English,15:09,15:37,15:37,16:16,0,0,39,No,5,Hypertension,Office visit,239.16,129.15,10.33,Paid,,No,Primary care referral
ENC-0510058,2025-01-08,West Community Hospital,Primary Care,Procedure,50,Commercial,English,13:21,13:11,13:15,13:42,2,4,27,No,3,Respiratory infection,Office visit,630.93,,,Pending,,No,Specialist referral
ENC-0510059,2025-10-21,Lakeside Clinic,Emergency,Emergency,64,Commercial,Spanish,17:44,17:56,19:08,21:13,0,72,125,No,3,Injury,Laboratory panel,3572.95,2429.61,510.22,Paid,,No,Self referral
ENC-0510060,2025-08-31,Central Medical Pavilion,Oncology,New patient,65,Medicare,English,11:24,11:18,11:49,13:16,30,31,87,No,3,Hematologic malignancy,Consultation,2395.43,,,Pending,5,No,Self referral
ENC-0510061,2025-02-07,Central Medical Pavilion,Primary Care,Follow-up,55,Commercial,English,09:52,10:00,10:02,10:30,27,2,28,No,5,Respiratory infection,Vaccination,367.63,,,Pending,5,No,Self referral
ENC-0510062,2025-06-20,Lakeside Clinic,Cardiology,Follow-up,62,Medicare,English,10:26,10:45,11:01,11:33,19,16,32,No,3,Coronary disease,ECG,586.94,,,Pending,,No,Emergency transfer
ENC-0510063,2025-10-13,North Campus,Emergency,Emergency,79,Commercial,English,07:50,07:47,08:55,10:55,0,68,120,No,4,Injury,Minor procedure,4075.93,,,Under review,,No,Primary care referral
ENC-0510064,2025-10-27,West Community Hospital,Primary Care,Follow-up,55,Medicare,English,14:03,,,,15,,,Yes,3,NOT_RECORDED,NOT_PERFORMED,0,,,Not submitted,,NOT_APPLICABLE,Specialist referral
ENC-0510065,2025-04-13,Lakeside Clinic,Emergency,Emergency,30,Workers compensation,Mandarin,10:16,10:30,11:58,13:43,0,88,105,No,3,Respiratory symptoms,Laboratory panel,3363.2,,,Under review,,No,Community outreach
ENC-0510066,2025-12-11,North Campus,Emergency,Emergency,19,Commercial,English,18:01,17:49,18:45,21:33,0,56,168,No,5,Neurologic symptoms,Minor procedure,3345.37,0,0,Denied,,No,Emergency transfer
ENC-0510067,2025-10-24,North Campus,Cardiology,Follow-up,61,Medicaid,English,12:17,12:38,12:42,13:47,26,4,65,No,5,Arrhythmia,Echocardiogram,1089.83,523.12,41.85,Paid,5,No,Self referral
ENC-0510068,2025-04-22,North Campus,Emergency,Emergency,63,Medicaid,Spanish,02:41,02:31,03:52,05:40,0,81,108,No,2,Neurologic symptoms,Minor procedure,3537.27,1697.89,135.83,Paid,4,No,Primary care referral
ENC-0510069,2025-05-29,North Campus,Emergency,Emergency,26,Commercial,English,10:31,10:27,11:11,13:44,0,44,153,No,3,Chest pain,Minor procedure,2683.02,1824.45,383.13,Paid,,No,Primary care referral
ENC-0510070,2025-08-06,West Community Hospital,Cardiology,Telehealth,35,Self-pay,English,09:30,09:50,10:04,10:46,6,14,42,No,5,Arrhythmia,Echocardiogram,715.43,593.81,534.43,Paid,,No,Primary care referral
ENC-0510071,2025-07-21,West Community Hospital,Orthopedics,Follow-up,7,Commercial,Mandarin,09:40,09:40,09:40,10:17,22,0,37,No,4,Sports injury,Injection,517.19,351.69,73.85,Paid,5,No,Primary care referral
ENC-0510072,2025-05-10,North Campus,Emergency,Emergency,67,Commercial,English,09:37,09:40,11:35,13:34,0,,119,No,2,Neurologic symptoms,Evaluation and management,2989.74,2033.02,426.93,Paid,3,No,Self referral
ENC-0510073,2025-02-13,Lakeside Clinic,Primary Care,Follow-up,62,Medicare,Spanish,11:46,11:34,11:35,12:04,22,1,29,No,4,Diabetes,Office visit,241.53,130.43,10.43,Paid,5,No,Primary care referral
ENC-0510074,2025-07-15,Lakeside Clinic,Emergency,Emergency,77,Medicare,English,15:14,15:18,15:40,18:15,0,22,155,No,4,Abdominal pain,Laboratory panel,2646.26,1428.98,114.32,Paid,5,No,Emergency transfer
ENC-0510075,2025-07-14,Central Medical Pavilion,Imaging,Follow-up,4,Commercial,French,12:03,12:22,12:49,13:23,15,27,34,No,4,Cancer surveillance,X-ray,393.88,267.84,56.25,Paid,5,No,Primary care referral
ENC-0510076,2025-08-19,North Campus,Cardio,Follow-up,56,Workers compensation,English,09:51,09:58,10:37,11:16,13,39,39,No,4,Coronary disease,ECG,1052.48,,,Under review,4,No,Employer program
ENC-0510077,2025-01-30,West Community Hospital,Orthopedics,New patient,76,Medicare,English,12:38,12:57,13:15,13:56,32,18,41,No,4,Fracture follow-up,Injection,484.48,0,0,Denied,,No,Employer program
ENC-0510078,2025-01-19,North Campus,Emergency,Emergency,37,Self-pay,English,21:09,21:22,22:39,00:09,0,77,90,No,2,Chest pain,Laboratory panel,3042.96,0,0,Denied,,No,Specialist referral
ENC-0510079,2025-01-18,West Community Hospital,Neurology,New patient,30,Commercial,English,15:18,15:27,16:19,17:26,0,52,67,No,4,Migraine,EEG,724.72,492.81,103.49,Paid,,No,Self referral
ENC-0510080,2025-02-01,North Campus,Imaging,Procedure,87,Medicare,English,14:11,14:25,14:26,15:10,0,1,44,No,4,Diagnostic imaging,CT,916.71,495.02,39.6,Paid,,No,Primary care referral
ENC-0510081,2025-11-02,Lakeside Clinic,Emergency,Emergency,69,Medicaid,English,17:21,17:24,20:10,21:20,0,,70,No,4,Neurologic symptoms,Evaluation and management,3884.05,,,Under review,1,No,Specialist referral
ENC-0510082,2025-06-06,Lakeside Clinic,Primary Care,Procedure,53,Medicaid,English,10:22,10:38,10:53,11:24,20,15,31,No,5,Hypertension,Screening,419.44,201.33,16.11,Paid,,No,Specialist referral
ENC-0510083,2025-11-09,Central Medical Pavilion,Orthopedics,Procedure,66,Medicare,Spanish,08:36,08:46,09:19,10:04,0,33,45,No,4,Spine disorder,Injection,1136.24,613.57,49.09,Paid,,No,Self referral
ENC-0510084,2025-02-02,North Campus,Primary Care,Follow-up,50,Commercial,English,08:40,08:51,08:51,09:21,26,0,30,No,4,Diabetes,Office visit,371.94,252.92,53.11,Paid,,No,Employer program
ENC-0510085,2025-05-01,Lakeside Clinic,Orthopedics,New patient,19,Medicaid,English,09:14,,,,9,,,Yes,4,NOT_RECORDED,NOT_PERFORMED,0,,,Not submitted,,NOT_APPLICABLE,Specialist referral
ENC-0510086,2025-12-08,Central Medical Pavilion,Primary Care,Follow-up,40,Commercial,English,09:10,09:10,09:28,10:04,34,18,36,No,4,Respiratory infection,Screening,322.56,219.34,46.06,Paid,,No,Emergency transfer
ENC-0510087,2025-12-09,West Community Hospital,Cardiology,Follow-up,27,Commercial,Spanish,12:05,11:54,12:23,13:17,0,29,54,No,4,Arrhythmia,Echocardiogram,918.21,624.38,131.12,Paid,,No,Community outreach
ENC-0510088,2025-05-11,West Community Hospital,Oncology,Procedure,26,Commercial,English,08:15,08:22,09:00,09:29,16,38,29,No,4,Solid tumor,Laboratory monitoring,2518.88,1712.84,359.7,Paid,,Yes,Emergency transfer
ENC-0510089,2025-10-08,North Campus,Orthopedics,Procedure,69,Medicare,English,15:29,15:39,15:39,16:15,5,0,36,No,3,Fracture follow-up,X-ray,1387.96,749.5,59.96,Paid,5,No,Self referral
ENC-0510090,2025-01-14,West Community Hospital,Primary Care,Follow-up,33,Self-pay,English,14:43,14:43,15:06,15:39,13,23,33,No,5,Hypertension,Office visit,302.53,,,Under review,,No,Self referral
ENC-0510091,2025-10-02,NORTH CAMPUS,Neurology,Procedure,60,Self-pay,Mandarin,15:37,15:45,16:02,17:08,9,17,66,No,4,Seizure disorder,EEG,1995.74,,,Pending,,No,Self referral
ENC-0510091,2025-07-20,North Campus,Primary Care,Follow-up,38,COMM,English,13:39,13:23,13:38,14:04,2,15,26,No,4,Hypertension,Vaccination,277.46,188.67,39.62,Paid,,No,Self referral
ENC-0510093,2025-11-22,West Community Hospital,Primary Care,New patient,22,Commercial,English,16:45,16:42,16:53,17:39,37,11,46,No,4,Respiratory infection,Vaccination,294.37,,,Pending,,No,Self referral
ENC-0510094,2025-01-28,Lakeside Clinic,Imaging,New patient,46,Commercial,English,15:46,16:00,16:00,16:30,16,0,30,No,4,Diagnostic imaging,MRI,686.33,466.7,98.01,Paid,5,No,Emergency transfer
ENC-0510095,2025-09-24,West Community Hospital,Cardiology,Follow-up,44,Commercial,Spanish,13:55,13:49,14:27,15:19,25,38,52,No,4,Heart failure,ECG,771.9,524.89,110.23,Paid,,No,Emergency transfer
ENC-0510096,2025-05-24,North Campus,Primary Care,New patient,52,Commercial,English,12:51,13:06,13:06,13:36,28,0,30,No,5,Diabetes,Vaccination,354.27,,,Under review,,No,Self referral
ENC-0510097,2025-07-18,North Campus,Orthopedics,Follow-up,60,Medicaid,Spanish,13:07,,,,6,,,Yes,4,NOT_RECORDED,NOT_PERFORMED,0,,,Not submitted,,NOT_APPLICABLE,Specialist referral
ENC-0510098,2025-08-07,North Campus,Imaging,Procedure,96,Medicare,English,12:41,12:55,13:04,13:31,12,9,27,No,4,Musculoskeletal imaging,CT,1099.35,593.65,47.49,Paid,,No,
ENC-0510099,2025-10-22,Central Medical Pavilion,Primary Care,Follow-up,52,Self-pay,English,16:33,16:20,16:20,16:37,2,0,17,No,4,Respiratory infection,Screening,298.59,0,0,Denied,5,No,Primary care referral
ENC-0510100,2025-01-10,Lakeside Clinic,Primary Care,Follow-up,48,Self-pay,English,15:25,15:40,15:40,16:25,18,0,45,No,4,Hypertension,Vaccination,242.92,201.62,181.46,Paid,4,No,Self referral
ENC-0510101,2025-04-16,West Community Hospital,Neurology,New patient,78,Medicare,English,09:04,09:09,09:48,10:47,4,39,59,No,3,Migraine,EEG,1150.76,621.41,49.71,Paid,,No,Primary care referral
ENC-0510102,2025-10-30,West Community Hospital,Emergency,Emergency,79,Medicare,English,12:04,11:47,12:00,13:48,0,13,108,No,2,Respiratory symptoms,Evaluation and management,2110.19,1139.5,91.16,Paid,5,No,Self referral
ENC-0510103,2025-04-03,West Community Hospital,Oncology,New patient,33,Medicaid,Spanish,13:57,13:58,14:59,16:10,39,61,71,No,4,Hematologic malignancy,Consultation,2544.23,1221.23,97.7,Paid,4,No,Specialist referral
ENC-0510104,2025-03-02,Central Medical Pavilion,Imaging,Follow-up,82,Medicare,English,09:30,09:30,10:10,10:52,38,40,42,No,5,Cancer surveillance,X-ray,654.24,,,Pending,,No,Specialist referral
ENC-0510105,2025-01-02,West Community Hospital,Neurology,Follow-up,34,Commercial,English,12:50,12:58,13:16,14:14,0,18,58,No,4,Neuropathy,Nerve study,875.69,595.47,125.05,Paid,,No,Primary care referral
ENC-0510106,2025-08-22,North Campus,Imaging,Follow-up,78,Medicare,English,14:21,14:33,15:03,15:38,28,30,35,No,4,Musculoskeletal imaging,MRI,494.37,,,Under review,4,No,Self referral
ENC-0510107,2025-10-21,Lakeside Clinic,Primary Care,Follow-up,71,Medicare,English,14:59,15:05,15:32,16:02,16,27,30,No,5,Preventive care,Office visit,363.76,,,Pending,5,No,Emergency transfer
ENC-0510108,2025-07-26,West Community Hospital,Emergency,Emergency,29,Medicare,English,13:49,14:08,15:03,16:52,0,55,109,No,5,Neurologic symptoms,Minor procedure,3107.71,1678.16,134.25,Paid,,No,Self referral
ENC-0510109,03/30/2025,Lakeside Clinic,Oncology,Procedure,11,Commercial,English,15:17,15:24,15:41,16:44,6,17,63,No,5,Solid tumor,Laboratory monitoring,4416.64,0,0,Denied,,No,Primary care referral
ENC-0510110,2025-01-08,North Campus,Neurology,Follow-up,33,Medicare,English,07:45,07:44,08:12,09:13,0,28,61,No,3,Cognitive symptoms,Nerve study,935.35,0,0,Denied,4,No,Employer program
ENC-0510111,2025-05-10,North Campus,Cardiology,New patient,38,Workers compensation,English,07:56,08:15,08:34,09:24,31,19,50,No,3,Coronary disease,Consultation,1078.65,765.84,61.27,Paid,4,No,Specialist referral
ENC-0510112,2025-08-11,North Campus,Emergency,Emergency,16,Commercial,English,00:09,00:11,00:36,01:33,0,25,57,No,2,Injury,Minor procedure,2488.02,0,0,Denied,,No,Primary care referral
ENC-0510113,2025-04-25,Lakeside Clinic,Cardiology,New patient,44,Medicare,Spanish,14:43,14:49,15:24,16:22,9,35,58,No,4,Arrhythmia,ECG,680.6,,,Pending,5,No,Community outreach
ENC-0510114,2025-06-08,Lakeside Clinic,Neurology,New patient,67,Medicare,Spanish,13:51,13:57,14:26,15:16,39,29,50,No,3,Neuropathy,Nerve study,1094.62,591.09,47.29,Paid,4,No,Self referral
ENC-0510115,2025-02-26,West Community Hospital,Neurology,New patient,68,Medicare,English,14:57,14:48,15:26,16:33,31,38,67,No,5,Migraine,EEG,982.62,,,Pending,5,No,Self referral
ENC-0510116,2025-02-16,Lakeside Clinic,Oncology,Procedure,24,Commercial,Spanish,14:45,14:48,15:18,16:19,,30,61,No,4,Therapy follow-up,Laboratory monitoring,3911.09,,,Under review,4,No,Self referral
ENC-0510117,2025-11-23,West Community Hospital,Primary Care,New patient,59,Commercial,English,16:17,16:27,16:58,17:27,11,31,29,No,5,Respiratory infection,Office visit,282.24,191.92,40.3,Paid,4,No,Self referral
ENC-0510118,2025-01-28,Central Medical Pavilion,Emergency,Emergency,61,Medicare,English,12:03,12:28,13:41,15:51,0,73,130,No,5,Neurologic symptoms,Evaluation and management,4498.35,,194.33,Paid,3,No,Emergency transfer
ENC-0510119,2025-01-24,North Campus,Primary Care,Procedure,77,Medicare,English,10:54,10:55,11:22,11:42,23,27,20,No,4,Preventive care,Screening,648.71,,,Pending,5,No,Employer program
ENC-0510120,2025-05-19,Central Medical Pavilion,Cardiology,Follow-up,45,Medicare,English,12:44,,,,0,,,Yes,5,NOT_RECORDED,NOT_PERFORMED,0,,,Not submitted,,NOT_APPLICABLE,Self referral
ENC-0510121,2025-03-05,West Community Hospital,Primary Care,Follow-up,74,Commercial,Other,12:53,13:03,13:29,13:49,37,26,20,No,4,Hypertension,Vaccination,254.78,173.25,36.38,Paid,,No,Self referral
ENC-0510122,2025-11-27,Central Medical Pavilion,Primary Care,Follow-up,70,Commercial,English,13:05,13:00,13:18,13:54,21,18,36,No,5,Hypertension,Screening,391.42,,,Under review,,No,Emergency transfer
ENC-0510123,2025-05-05,Lakeside Clinic,Primary Care,New patient,68,Commercial,English,07:41,07:43,08:12,08:52,37,29,40,No,3,Preventive care,Office visit,240.39,163.47,34.33,Paid,4,No,Primary care referral
ENC-0510124,2025-08-12,Lakeside Clinic,Orthopedics,Follow-up,55,Medicare,English,13:47,13:47,14:07,15:05,19,20,58,No,3,Joint pain,Consultation,662.83,357.93,28.63,Paid,3,No,Employer program
ENC-0510125,2025-09-23,Central Medical Pavilion,Oncology,Follow-up,74,Commercial,Spanish,09:52,09:46,10:17,11:41,0,31,84,No,3,Therapy follow-up,Laboratory monitoring,2013.5,1369.18,287.53,Paid,,No,Specialist referral
ENC-0510126,2025-02-12,Central Medical Pavilion,Orthopedics,Follow-up,32,Commercial,English,14:13,14:15,14:55,15:26,8,40,31,No,5,Spine disorder,X-ray,481,327.08,68.69,Paid,4,No,Employer program
ENC-0510127,2025-06-23,Lakeside Clinic,Emergency,Emergency,31,Commercial,English,20:39,20:40,21:41,23:23,0,61,102,No,4,Chest pain,Laboratory panel,2823.46,1919.95,403.19,Paid,4,Yes,Primary care referral
ENC-0510128,2025-04-06,Central Medical Pavilion,Cardiology,Follow-up,37,Medicaid,English,09:41,09:44,10:19,11:08,27,35,49,No,5,Hypertension,Echocardiogram,1051.16,0,0,Denied,,No,Specialist referral
ENC-0510129,2025-01-27,Lakeside Clinic,Orthopedics,Procedure,72,Medicare,Spanish,12:49,13:03,13:36,14:15,20,33,39,No,3,Sports injury,Consultation,1268.49,684.98,54.8,Paid,5,No,Primary care referral
ENC-0510130,2025-05-27,Central Medical Pavilion,Primary Care,New patient,67,Commercial,English,07:47,07:51,08:04,08:46,39,13,42,No,4,Respiratory infection,Office visit,282.15,,,Under review,5,No,Primary care referral
ENC-0510131,2025-12-16,North Campus,Oncology,Follow-up,30,Workers compensation,English,07:58,08:00,08:35,09:53,24,35,78,No,3,Solid tumor,Consultation,2019.34,,,Pending,4,No,Community outreach
ENC-0510132,2025-10-05,Lakeside Clinic,Emergency,Emergency,19,Commercial,English,00:14,00:14,01:30,02:27,0,76,57,No,2,Injury,Laboratory panel,2269.73,,,Pending,,No,Primary care referral
ENC-0510133,2025-07-15,West Community Hospital,Emergency,Emergency,38,Medicaid,English,06:47,06:45,06:54,08:56,0,9,122,No,3,Neurologic symptoms,Laboratory panel,3393.22,0,0,Denied,,No,Self referral
ENC-0510134,2025-11-13,Lakeside Clinic,Orthopedics,New patient,63,Commercial,English,13:09,13:37,13:55,14:38,39,18,43,No,5,Joint pain,X-ray,656.24,446.24,93.71,Paid,,No,Self referral
ENC-0510135,2025-12-11,Central Medical Pavilion,Oncology,New patient,64,Medicare,English,14:32,14:39,15:18,16:45,10,39,87,No,4,Solid tumor,Laboratory monitoring,2422.76,1308.29,104.66,Paid,4,No,Self referral
ENC-0510136,2025-01-14,Lakeside Clinic,Primary Care,Follow-up,30,Commercial,English,12:40,12:27,12:48,13:26,13,21,38,No,3,Respiratory infection,Office visit,374.87,,,Pending,5,No,Community outreach
ENC-0510137,2025-08-31,Central Medical Pavilion,Cardiology,Follow-up,50,Commercial,English,16:56,17:14,17:39,18:41,10,25,62,No,5,Arrhythmia,Echocardiogram,682.73,,,Pending,,No,Primary care referral
ENC-0510138,2025-10-02,North Campus,Emergency,Emergency,53,Medicaid,English,15:52,15:49,16:52,18:42,0,63,110,No,4,Chest pain,Laboratory panel,2594.16,1245.2,99.62,Paid,,No,Employer program
ENC-0510139,2025-04-15,North Campus,Primary Care,Follow-up,5,Self-pay,English,14:32,14:25,14:50,15:29,36,25,39,No,4,Respiratory infection,Vaccination,299.34,248.45,223.6,Paid,,No,Specialist referral
ENC-0510140,2025-10-22,Central Medical Pavilion,Emergency,Emergency,63,Commercial,English,00:35,00:34,01:10,03:25,0,36,135,No,2,Neurologic symptoms,Minor procedure,3363.71,,,Under review,4,Yes,Primary care referral
ENC-0510141,2025-02-28,West Community Hospital,Imaging,Follow-up,30,Medicare,English,08:11,08:41,09:14,09:56,12,33,42,No,4,Cancer surveillance,X-ray,511.26,276.08,22.09,Paid,,No,Community outreach
ENC-0510142,2025-10-18,Lakeside Clinic,Primary Care,Follow-up,78,Medicare,English,16:05,15:59,16:03,16:24,22,4,21,No,5,Preventive care,Vaccination,308.65,166.67,13.33,Paid,,No,Community outreach
ENC-0510143,2025-03-16,West Community Hospital,Oncology,Follow-up,25,Medicaid,English,10:29,10:26,11:02,12:18,14,36,76,No,4,Therapy follow-up,Consultation,1525.37,732.18,58.57,Paid,,No,Self referral
ENC-0510144,2025-04-27,Lakeside Clinic,Primary Care,New patient,57,Commercial,Spanish,14:44,14:56,15:09,15:27,14,13,18,No,4,Hypertension,Vaccination,235.2,159.94,33.59,Paid,4,No,Specialist referral
ENC-0510145,2025-10-22,West Community Hospital,Primary Care,Follow-up,52,Medicaid,English,08:15,08:24,08:34,09:01,10,10,27,No,4,Respiratory infection,Office visit,303.29,,,Pending,4,No,
ENC-0510146,2025-06-03,North Campus,Orthopedics,Follow-up,80,Medicare,English,12:27,12:56,12:56,13:49,1,615,53,No,4,Sports injury,X-ray,470.34,253.98,20.32,Paid,,No,Specialist referral
ENC-0510147,2025-05-09,Central Medical Pavilion,primary care,Procedure,73,Commercial,Mandarin,15:21,15:29,15:58,16:40,20,29,42,No,5,Hypertension,Vaccination,501.37,340.93,71.6,Paid,,Yes,Primary care referral
ENC-0510148,2025-10-18,West Community Hospital,Cardiology,Follow-up,27,Workers compensation,Spanish,14:00,14:08,14:46,15:30,44,38,44,No,4,Coronary disease,Consultation,867.5,0,0,Denied,,No,Primary care referral
ENC-0510149,2025-09-30,Lakeside Clinic,Orthopedics,Telehealth,49,Medicaid,English,16:19,16:22,16:22,17:05,18,0,43,No,3,Sports injury,Injection,789.05,,,Under review,5,No,Self referral
ENC-0510150,2025-06-25,Central Medical Pavilion,Neurology,New patient,44,Commercial,English,11:42,11:35,12:15,13:30,24,40,75,No,3,Migraine,Consultation,1180.14,802.5,168.53,Paid,4,Yes,Primary care referral
ENC-0510151,2025-09-27,Central Medical Pavilion,Cardiology,Procedure,64,Medicare,Spanish,08:49,08:41,09:31,10:30,32,50,59,No,4,Hypertension,Echocardiogram,1419.18,766.36,61.31,Paid,,No,Emergency transfer
ENC-0510152,2025-10-01,Lakeside Clinic,Oncology,Telehealth,52,Commercial,English,08:52,09:00,09:10,10:45,5,10,95,No,4,Hematologic malignancy,Laboratory monitoring,1608.11,1093.51,229.64,Paid,5,No,Self referral
ENC-0510153,2025-10-29,Central Medical Pavilion,Orthopedics,Telehealth,45,Medicaid,English,09:00,,,,9,,,Yes,4,NOT_RECORDED,NOT_PERFORMED,0,,,Not submitted,,NOT_APPLICABLE,Employer program
ENC-0510154,2025-09-16,Central Medical Pavilion,Primary Care,Procedure,71,Commercial,English,10:21,10:12,10:52,11:09,17,40,17,No,5,Preventive care,Screening,446.73,303.78,63.79,Paid,,No,Emergency transfer
ENC-0510155,2025-07-10,Lakeside Clinic,Cardiology,Follow-up,16,Self-pay,English,10:23,10:31,10:47,11:13,2,16,26,No,5,Arrhythmia,ECG,937.93,0,0,Denied,4,No,Primary care referral
ENC-0510156,2025-03-27,Lakeside Clinic,Primary Care,Follow-up,50,Commercial,English,14:38,15:00,15:17,15:40,24,17,23,No,4,Respiratory infection,Office visit,309.75,,,Pending,,No,Employer program
ENC-0510157,2025-03-19,West Community Hospital,Emergency,Emergency,70,Medicaid,English,09:05,08:47,09:25,10:54,0,38,89,No,4,Respiratory symptoms,Minor procedure,3107.88,,,Under review,,No,Primary care referral
ENC-0510158,2025-02-23,North Campus,Emergency,Emergency,55,Workers compensation,Spanish,11:57,11:49,12:48,14:52,0,59,124,No,3,Abdominal pain,Evaluation and management,2926.71,,,Pending,2,No,Self referral
ENC-0510159,2025-08-01,North Campus,Imaging,New patient,43,Commercial,French,16:10,16:34,16:53,17:38,9,19,45,No,5,Cancer surveillance,X-ray,554.24,,,Pending,5,No,Primary care referral
ENC-0510160,2025-06-10,North Campus,Primary Care,Follow-up,66,Commercial,English,12:43,,,,28,,,Yes,4,NOT_RECORDED,NOT_PERFORMED,0,,,Not submitted,,NOT_APPLICABLE,Primary care referral
ENC-0510161,2025-05-20,North Campus,Primary Care,New patient,62,Commercial,English,13:57,14:12,14:28,14:47,29,16,19,No,5,Respiratory infection,Screening,323.16,219.75,46.15,Paid,4,No,Emergency transfer
ENC-0510162,2025-11-08,Lakeside Clinic,Oncology,Follow-up,0,Medicaid,English,15:58,15:53,15:58,17:08,43,5,70,No,3,Solid tumor,Infusion,2230.74,1070.76,85.66,Paid,,No,Emergency transfer
ENC-0510163,2025-01-21,North Campus,Neurology,Procedure,24,Commercial,English,13:51,13:59,14:19,14:50,36,20,31,No,3,Seizure disorder,Nerve study,1259.86,,,Under review,,No,Employer program
ENC-0510164,2025-12-29,Lakeside Clinic,Orthopedics,Follow-up,41,Commercial,Arabic,12:57,13:05,13:27,13:59,0,22,32,No,4,Fracture follow-up,Consultation,489.81,333.07,69.94,Paid,5,No,Primary care referral
ENC-0510165,2025-08-17,West Community Hospital,Emergency,Emergency,83,Commercial,English,09:34,09:31,10:11,12:20,0,40,129,No,1,Injury,Evaluation and management,2472.22,1681.11,353.03,Paid,4,No,Self referral
ENC-0510166,2025-01-19,Central Medical Pavilion,Imaging,New patient,80,Commercial,English,12:48,12:54,13:04,13:35,41,10,31,No,5,Diagnostic imaging,Ultrasound,601.37,408.93,85.88,Paid,5,No,Emergency transfer
ENC-0510167,2025-10-30,Central Medical Pavilion,Oncology,Follow-up,37,Medicaid,English,13:10,,,,1,,,Yes,2,NOT_RECORDED,NOT_PERFORMED,0,,,Not submitted,,NOT_APPLICABLE,Emergency transfer
ENC-0510168,2025-10-07,Lakeside Clinic,Cardiology,Follow-up,55,Medicaid,English,10:14,10:35,10:48,11:16,26,13,28,No,4,Heart failure,Echocardiogram,1085.48,521.03,41.68,Paid,,No,Employer program
ENC-0510169,2025-03-02,Lakeside Clinic,Oncology,New patient,23,Commercial,Spanish,07:50,07:58,08:14,09:26,,16,72,No,5,Solid tumor,Consultation,1839.66,1250.97,262.7,Paid,,No,Specialist referral
ENC-0510170,2025-07-14,Lakeside Clinic,Emergency,Emergency,70,Medicare,English,03:57,03:55,05:26,08:03,0,,157,No,4,Respiratory symptoms,Laboratory panel,2595.51,1401.58,112.13,Paid,3,No,Specialist referral
ENC-0510171,2025-06-05,Lakeside Clinic,Oncology,Follow-up,60,medicaid,Spanish,16:00,16:17,16:17,17:40,15,0,83,No,4,Hematologic malignancy,Infusion,1461.17,,,Pending,,No,Primary care referral
ENC-0510172,2025-05-11,Lakeside Clinic,Cardiology,New patient,50,Commercial,English,09:16,09:28,10:16,10:57,46,48,41,No,3,Arrhythmia,Echocardiogram,840.43,,,Under review,,No,Emergency transfer
ENC-0510173,2025-11-27,Central Medical Pavilion,Neurology,Follow-up,37,Commercial,English,11:26,11:16,11:29,12:11,21,13,42,No,4,Neuropathy,EEG,1101.26,748.86,157.26,Paid,5,No,Specialist referral
ENC-0510174,2025-02-22,LAKESIDE CLINIC,Orthopedics,Follow-up,42,Commercial,English,09:37,09:57,09:57,10:54,52,0,57,No,3,Joint pain,X-ray,465.59,,,Under review,,No,Self referral
ENC-0510175,2025-08-28,North Campus,Primary Care,Follow-up,69,Commercial,English,16:14,16:30,16:46,17:16,15,16,30,No,3,Diabetes,Vaccination,235.3,,,Pending,,No,Primary care referral
ENC-0510176,2025-05-05,West Community Hospital,Primary Care,Follow-up,69,Medicare,English,13:31,13:40,13:45,14:18,6,5,33,No,5,Diabetes,Office visit,315.4,170.32,13.63,Paid,,No,Community outreach
ENC-0510177,2025-05-15,West Community Hospital,Neurology,Follow-up,61,Commercial,English,13:56,13:52,14:20,15:24,0,28,64,No,3,Migraine,Consultation,934.65,635.56,133.47,Paid,4,No,Self referral
ENC-0510178,2025-11-27,Central Medical Pavilion,Primary Care,Follow-up,96,Medicare,French,13:43,13:44,13:44,14:21,44,0,37,No,4,Respiratory infection,Office visit,287.34,155.16,12.41,Paid,,No,Emergency transfer
ENC-0510179,2025-12-04,Lakeside Clinic,Cardiology,New patient,44,Commercial,English,13:28,13:27,13:48,14:54,32,21,66,No,3,Heart failure,Echocardiogram,943.38,641.5,134.72,Paid,,No,Primary care referral
ENC-0510180,2025-08-07,Lakeside Clinic,Neurology,New patient,42,Commercial,English,09:53,10:00,10:28,11:17,0,28,49,No,3,Cognitive symptoms,EEG,912.9,620.77,130.36,Paid,4,No,Employer program
ENC-0510181,2025-03-28,North Campus,Imaging,Follow-up,32,Self-pay,French,12:22,12:38,12:52,13:17,11,14,25,No,5,Musculoskeletal imaging,X-ray,449.87,,,Pending,4,No,Community outreach
ENC-0510182,2025-09-02,North Campus,Cardiology,Follow-up,29,Commercial,English,14:23,14:21,14:46,15:16,26,25,30,No,3,Heart failure,ECG,610.43,415.09,87.17,Paid,5,No,Specialist referral
ENC-0510183,2025-10-14,Central Medical Pavilion,Neurology,New patient,64,Commercial,Spanish,16:00,16:01,16:22,17:00,11,21,38,No,3,Migraine,Nerve study,1130.6,,,Under review,,No,Primary care referral
ENC-0510184,2025-05-03,North Campus,Oncology,Follow-up,88,Self-pay,English,07:59,07:58,08:15,09:27,22,17,72,No,3,Hematologic malignancy,Infusion,1948.91,,,Pending,5,No,Community outreach
ENC-0510185,2025-10-28,North Campus,Primary Care,Follow-up,23,Commercial,English,16:14,16:29,17:04,17:30,17,35,26,No,5,Preventive care,Office visit,260.1,176.87,37.14,Paid,,No,Primary care referral
ENC-0510186,2025-10-21,Central Medical Pavilion,Primary Care,Follow-up,59,Workers compensation,English,09:47,10:00,10:01,10:30,36,1,29,No,5,Diabetes,Screening,383.58,272.34,21.79,Paid,4,No,Self referral
ENC-0510187,2025-04-13,North Campus,Neurology,Telehealth,23,Commercial,English,15:06,15:16,15:25,16:21,28,9,56,No,3,Migraine,EEG,810.83,551.36,115.79,Paid,,No,Employer program
ENC-0510188,2025-06-04,Lakeside Clinic,Neurology,New patient,58,Commercial,Spanish,09:31,09:31,09:41,10:39,20,10,58,No,4,Neuropathy,Nerve study,1145.81,779.15,163.62,Paid,5,No,Self referral
ENC-0510189,2025-01-29,North Campus,Emergency,Emergency,51,Medicare,Mandarin,07:47,07:38,08:15,10:36,0,37,141,No,3,Chest pain,Laboratory panel,2458.32,,,Under review,,No,Self referral
ENC-0510190,2025-09-13,West Community Hospital,Imaging,Procedure,83,Medicare,English,14:37,14:48,15:05,15:45,0,17,40,No,4,Diagnostic imaging,CT,1123.51,606.7,48.54,Paid,,No,Primary care referral
ENC-0510191,2025-09-23,West Community Hospital,Orthopedics,Follow-up,68,Self-pay,English,11:06,11:04,11:40,12:19,13,36,39,No,4,Sports injury,X-ray,749.35,,,Pending,,No,Primary care referral
ENC-0510192,2025-06-26,North Campus,Emergency,Emergency,51,Commercial,English,08:17,08:21,09:17,12:27,0,56,190,No,2,Neurologic symptoms,Minor procedure,2482.79,1688.3,354.54,Paid,,No,
ENC-0510193,2025-12-14,Lakeside Clinic,Emergency,Emergency,28,Medicaid,Arabic,01:51,02:01,03:00,04:51,0,59,111,No,4,Neurologic symptoms,Minor procedure,2521.7,1210.42,96.83,Paid,,No,Self referral
ENC-0510194,2025-05-14,West Community Hospital,Orthopedics,Telehealth,50,Medicaid,English,10:14,10:24,10:42,11:31,11,18,49,No,3,Spine disorder,Consultation,698.63,,,Under review,5,No,Self referral
ENC-0510195,2025-03-18,Central Medical Pavilion,Neurology,Telehealth,49,Medicare,English,14:46,14:46,15:00,15:33,13,14,33,No,4,Seizure disorder,EEG,888.34,479.7,38.38,Paid,,No,Primary care referral
ENC-0510196,2025-10-02,Central Medical Pavilion,Neurology,Follow-up,72,Commercial,English,13:01,13:24,13:54,15:01,18,30,67,No,4,Neuropathy,Nerve study,1282.45,,,Pending,5,No,Primary care referral
ENC-0510197,2025-06-21,West Community Hospital,Neurology,Follow-up,62,Commercial,English,16:11,16:03,16:54,18:03,14,51,69,No,5,Cognitive symptoms,Nerve study,1018.66,692.69,145.46,Paid,,No,Emergency transfer
ENC-0510198,2025-08-01,Lakeside Clinic,Emergency,Emergency,82,Commercial,Other,00:46,00:48,01:49,03:30,0,61,101,No,1,Chest pain,Laboratory panel,2255.48,1533.73,322.08,Paid,,No,Employer program
ENC-0510199,2025-07-28,Central Medical Pavilion,Orthopedics,New patient,39,Commercial,English,09:11,09:22,09:51,10:29,21,29,38,No,4,Spine disorder,Injection,740,503.2,105.67,Paid,,No,Community outreach
ENC-0510200,2025-11-27,Central Medical Pavilion,Cardiology,New patient,78,Medicaid,English,11:34,11:39,12:09,13:03,35,30,54,No,3,Hypertension,Consultation,766.86,368.09,29.45,Paid,5,No,Primary care referral
ENC-0510201,2025-11-01,West Community Hospital,Orthopedics,Follow-up,40,Commercial,English,11:57,11:59,12:26,12:52,25,27,26,No,3,Sports injury,Consultation,567.05,385.59,80.97,Paid,4,No,Primary care referral
ENC-0510202,2025-03-14,North Campus,Imaging,Follow-up,74,Medicaid,English,13:44,13:35,13:56,14:33,24,21,37,No,4,Musculoskeletal imaging,Ultrasound,598.71,287.38,22.99,Paid,,No,Self referral
ENC-0510203,2025-02-10,Lakeside Clinic,Cardiology,Follow-up,47,Commercial,English,09:21,09:11,10:02,10:37,11,51,35,No,3,Heart failure,ECG,1022.6,,,Under review,,No,Primary care referral
ENC-0510204,2025-02-09,North Campus,Primary Care,Follow-up,64,Medicaid,Mandarin,09:41,,,,25,,,Yes,4,NOT_RECORDED,NOT_PERFORMED,0,,,Not submitted,,NOT_APPLICABLE,Community outreach
ENC-0510205,2025-11-12,West Community Hospital,Emergency,Emergency,56,Workers compensation,English,06:19,06:29,07:52,10:29,0,83,157,No,3,Respiratory symptoms,Minor procedure,2290.15,,,Under review,3,No,Primary care referral
ENC-0510206,06/12/2025,Lakeside Clinic,Emergency,Emergency,45,Commercial,English,09:56,09:36,10:42,12:19,0,66,97,No,1,Abdominal pain,Laboratory panel,3254.91,2213.34,464.8,Paid,,No,Community outreach
ENC-0510207,2025-10-09,North Campus,Orthopedics,Procedure,10,Commercial,English,15:12,15:20,15:48,16:24,43,28,36,No,4,Spine disorder,X-ray,821.77,,,Pending,,No,Emergency transfer
ENC-0510208,2025-10-09,North Campus,Emergency,Emergency,46,Medicaid,English,18:32,18:44,20:06,22:31,0,82,145,No,3,Neurologic symptoms,Evaluation and management,3843.63,,147.6,Paid,4,No,Emergency transfer
ENC-0510209,2025-09-05,Central Medical Pavilion,Primary Care,Follow-up,49,Commercial,English,15:47,15:50,16:00,16:40,7,10,40,No,3,Diabetes,Office visit,280.78,379.05,40.1,Paid,5,No,Self referral
ENC-0510210,2025-03-12,West Community Hospital,Cardiology,Follow-up,38,Commercial,English,13:09,13:09,13:22,14:02,25,13,40,No,4,Coronary disease,Consultation,674.73,458.82,96.35,Paid,5,No,Emergency transfer
ENC-0510211,2025-03-07,Lakeside Clinic,Emergency,Emergency,63,Self-pay,English,06:14,06:26,07:48,09:16,0,82,88,No,3,Injury,Laboratory panel,2419.09,,,Pending,3,No,Self referral
ENC-0510212,2025-05-10,Central Medical Pavilion,Neurology,Follow-up,96,Commercial,English,11:08,11:25,11:26,11:57,30,1,31,No,3,Migraine,Consultation,784.57,533.51,112.04,Paid,,No,Primary care referral
ENC-0510213,2025-02-28,West Community Hospital,Emergency,Emergency,53,Commercial,English,09:38,09:42,11:01,13:26,0,79,145,No,2,Injury,Minor procedure,3047.96,2072.61,435.25,Paid,4,No,Community outreach
ENC-0510214,2025-03-26,West Community Hospital,Emergency,Emergency,96,Medicare,English,23:59,00:06,00:48,03:17,0,42,149,No,2,Abdominal pain,Evaluation and management,3515.23,1898.22,151.86,Paid,,No,Employer program
ENC-0510215,2025-11-03,West Community Hospital,Imaging,Follow-up,33,Commercial,English,15:50,15:53,16:20,16:57,30,27,37,No,4,Diagnostic imaging,CT,710.17,482.92,101.41,Paid,,Yes,Specialist referral
ENC-0510216,2025-12-16,West Community Hospital,Primary Care,Follow-up,60,Medicaid,English,12:59,,,,0,,,Yes,4,NOT_RECORDED,NOT_PERFORMED,0,,,Not submitted,,NOT_APPLICABLE,Community outreach
ENC-0510217,2025-01-15,Central Medical Pavilion,Primary Care,Follow-up,29,Medicaid,English,14:57,15:03,15:18,15:48,17,15,30,No,4,Diabetes,Vaccination,250.34,120.16,9.61,Paid,5,No,Employer program
ENC-0510218,2025-04-03,Central Medical Pavilion,Radiology,Telehealth,53,Workers compensation,English,14:23,14:22,14:49,15:14,0,27,25,No,4,Musculoskeletal imaging,Ultrasound,459.14,325.99,26.08,Paid,5,No,Community outreach
ENC-0510219,2025-06-20,Lakeside Clinic,Primary Care,New patient,89,Medicare,English,10:37,10:54,11:25,11:47,18,31,22,No,4,Respiratory infection,Vaccination,265.38,143.31,11.46,Paid,4,No,Self referral
ENC-0510220,2025-05-26,Lakeside Clinic,Oncology,Follow-up,69,Medicare,English,14:04,,,,21,,,Yes,2,NOT_RECORDED,NOT_PERFORMED,0,,,Not submitted,,NOT_APPLICABLE,Primary care referral
ENC-0510221,2025-11-11,Central Medical Pavilion,Imaging,Follow-up,42,Medicaid,English,12:26,,,,13,,,Yes,5,NOT_RECORDED,NOT_PERFORMED,0,,,Not submitted,,NOT_APPLICABLE,Primary care referral
ENC-0510222,2025-05-08,North Campus,Emergency,Emergency,64,Commercial,English,13:13,13:18,13:42,15:53,0,24,131,No,3,Chest pain,Evaluation and management,3076.26,,,Pending,4,Yes,Primary care referral
ENC-0510223,2025-04-22,Central Medical Pavilion,Orthopedics,Follow-up,63,Commercial,English,08:18,08:28,08:39,09:23,0,11,44,No,3,Fracture follow-up,X-ray,712.16,484.27,101.7,Paid,,No,Primary care referral
ENC-0510224,2025-11-19,Lakeside Clinic,Emergency,Emergency,45,Commercial,English,09:28,09:51,10:07,12:23,0,16,136,No,3,Chest pain,Minor procedure,3314.97,2254.18,473.38,Paid,,No,Self referral
ENC-0510225,2025-02-12,North Campus,Primary Care,Telehealth,12,Commercial,English,14:05,14:17,14:24,14:52,40,7,28,No,5,Respiratory infection,Vaccination,244.67,166.38,34.94,Paid,,Yes,Primary care referral
ENC-0510226,2025-03-01,Lakeside Clinic,Cardiology,New patient,24,Commercial,English,13:52,13:32,14:06,14:58,21,34,52,No,4,Coronary disease,ECG,626.67,0,0,Denied,,Yes,Primary care referral
ENC-0510227,2025-06-05,Central Medical Pavilion,Primary Care,Follow-up,48,Workers compensation,English,13:27,13:12,13:25,14:08,1,13,43,No,4,Diabetes,Vaccination,350.95,0,0,Denied,,No,Primary care referral
ENC-0510228,2025-09-12,Central Medical Pavilion,Primary Care,Follow-up,52,Medicaid,English,12:16,,,,27,,,Yes,4,NOT_RECORDED,NOT_PERFORMED,0,,,Not submitted,,NOT_APPLICABLE,Specialist referral
ENC-0510229,2025-05-25,West Community Hospital,Primary Care,Follow-up,59,Commercial,English,12:56,12:50,13:12,13:37,20,22,25,No,4,Diabetes,Office visit,365.48,248.53,52.19,Paid,,No,Self referral
ENC-0510230,2025-03-12,West Community Hospital,Neurology,Procedure,62,Self-pay,English,08:36,08:44,09:11,09:57,29,27,46,No,5,Neuropathy,Nerve study,1755.88,1457.38,1311.64,Paid,,No,Self referral
ENC-0510231,2025-10-09,North Campus,Primary Care,Follow-up,44,Commercial,English,14:24,14:28,14:59,15:24,20,31,25,No,3,Preventive care,Screening,386.6,262.89,55.21,Paid,4,No,Self referral
ENC-0510232,2025-01-08,Lakeside Clinic,Cardiology,Follow-up,59,Medicaid,English,12:50,12:51,13:31,14:22,12,40,51,No,4,Arrhythmia,Echocardiogram,659.82,316.71,25.34,Paid,4,No,Self referral
ENC-0510233,2025-01-03,Lakeside Clinic,Imaging,Procedure,51,Workers compensation,English,13:23,13:10,13:10,13:44,21,0,34,No,5,Musculoskeletal imaging,MRI,980.81,696.38,55.71,Paid,5,Yes,Primary care referral
ENC-0510234,2025-11-04,Central Medical Pavilion,Cardiology,Follow-up,64,Self-pay,English,11:16,11:21,11:33,12:18,54,12,45,No,4,Coronary disease,ECG,727.3,603.66,543.29,Paid,,No,Emergency transfer
ENC-0510235,2025-01-15,North Campus,Primary Care,Follow-up,49,Commercial,Arabic,13:29,13:16,13:16,13:59,30,0,43,No,4,Respiratory infection,Vaccination,304.34,,,Under review,,No,Specialist referral
ENC-0510236,2025-01-09,West Community Hospital,Emergency,Emergency,56,Medicare,English,18:57,18:53,19:35,22:21,0,42,166,No,3,Neurologic symptoms,Laboratory panel,3667.76,1980.59,158.45,Paid,,No,Employer program
ENC-0510237,2025-03-10,North Campus,Imaging,New patient,0,Commercial,English,12:15,,,,27,,,Yes,4,NOT_RECORDED,NOT_PERFORMED,0,,,Not submitted,,NOT_APPLICABLE,Emergency transfer
ENC-0510238,2025-06-13,North Campus,Emergency,Emergency,11,Commercial,English,00:06,00:13,01:26,04:10,0,73,164,No,2,Neurologic symptoms,Evaluation and management,2013.74,1369.34,287.56,Paid,5,Yes,Primary care referral
ENC-0510239,2025-08-23,Lakeside Clinic,Primary Care,Procedure,96,Medicare,English,10:31,10:33,10:33,11:11,7,0,38,No,3,Diabetes,Office visit,432.46,,,Under review,4,No,
ENC-0510240,2025-08-12,Central Medical Pavilion,Neurology,Procedure,96,Medicare,English,13:06,13:02,13:21,14:07,25,19,46,No,3,Cognitive symptoms,EEG,2029.84,1096.11,87.69,Paid,,No,Specialist referral
ENC-0510241,2025-05-29,Lakeside Clinic,Oncology,Follow-up,56,Medicaid,English,11:04,11:08,11:36,12:55,17,28,79,No,4,Solid tumor,Consultation,1727.46,829.18,66.33,Paid,4,Yes,Primary care referral
ENC-0510242,2025-06-03,West Community Hospital,Primary Care,New patient,51,Workers compensation,Mandarin,08:37,08:43,09:17,09:49,22,34,32,No,5,Diabetes,Screening,255.67,,,Pending,4,No,Emergency transfer
ENC-0510243,2025-01-14,Central Medical Pavilion,Oncology,Procedure,40,Commercial,English,16:11,16:03,16:38,17:35,9,35,57,No,3,Solid tumor,Consultation,2794.74,1900.42,399.09,Paid,,No,Primary care referral
ENC-0510244,2025-02-09,North Campus,Orthopedics,New patient,66,Medicare,English,16:14,16:13,16:27,17:15,0,14,48,No,4,Joint pain,Consultation,713.3,,,Under review,5,No,Specialist referral
ENC-0510245,2025-05-21,Lakeside Clinic,Imaging,New patient,47,Commercial,English,10:09,10:21,10:30,10:59,34,9,29,No,4,Musculoskeletal imaging,X-ray,493.11,335.31,70.42,Paid,,No,Specialist referral
ENC-0510246,2025-12-19,Central Medical Pavilion,Cardiology,New patient,92,Medicare,English,15:30,15:47,15:51,16:12,19,4,21,No,4,Hypertension,Echocardiogram,670.93,,,Pending,,No,Employer program
ENC-0510247,2025-03-10,North Campus,Primary Care,Follow-up,52,Commercial,English,14:00,14:13,14:20,14:41,22,7,21,No,5,Preventive care,Screening,291.04,197.91,41.56,Paid,4,No,Emergency transfer
ENC-0510248,2025-06-23,North Campus,Emergency,Emergency,74,Commercial,English,04:53,05:18,06:05,08:04,0,47,119,No,3,Neurologic symptoms,Minor procedure,3604.68,2451.18,514.75,Paid,5,No,Self referral
ENC-0510249,2025-07-16,Central Medical Pavilion,Oncology,Telehealth,71,Medicare,English,13:47,,,,46,,,Yes,3,NOT_RECORDED,NOT_PERFORMED,0,,,Not submitted,,NOT_APPLICABLE,Self referral
ENC-0510250,2025-10-11,Lakeside Clinic,Oncology,New patient,36,COMM,English,16:34,16:47,17:51,19:09,25,64,78,No,4,Therapy follow-up,Consultation,2046.41,1391.56,292.23,Paid,3,Yes,Emergency transfer
ENC-0510251,2025-03-20,Lakeside Clinic,Imaging,Follow-up,78,Medicare,English,10:02,10:14,10:18,10:46,15,4,28,No,5,Musculoskeletal imaging,X-ray,399.84,215.91,17.27,Paid,,No,Specialist referral
ENC-0510252,2025-06-20,Central Medical Pavilion,Emergency,Emergency,64,Medicare,Mandarin,05:48,05:30,06:10,07:45,0,40,95,No,3,Respiratory symptoms,Laboratory panel,3030.63,,,Under review,4,Yes,Self referral
ENC-0510253,2025-04-30,Central Medical Pavilion,Cardiology,Follow-up,18,Medicaid,English,11:17,11:15,11:49,12:35,9,34,46,No,5,Arrhythmia,Echocardiogram,715.28,,,Under review,,No,Primary care referral
ENC-0510254,2025-05-19,North Campus,Cardiology,Follow-up,70,Commercial,English,09:23,09:29,09:42,10:37,16,13,55,No,5,Heart failure,Echocardiogram,866.57,,,Under review,5,No,Emergency transfer
ENC-0510255,2025-11-20,North Campus,Primary Care,New patient,44,Workers compensation,English,16:59,16:59,17:00,17:21,14,1,21,No,5,Diabetes,Office visit,295.79,210.01,16.8,Paid,5,No,Community outreach
ENC-0510256,2025-03-29,Central Medical Pavilion,Imaging,Follow-up,53,Medicaid,English,13:31,13:25,13:34,14:01,16,9,27,No,4,Diagnostic imaging,Ultrasound,582.61,279.65,22.37,Paid,,No,Primary care referral
ENC-0510257,2025-11-17,CENTRAL MEDICAL PAVILION,Neurology,Follow-up,60,Medicaid,English,12:21,,,,8,,,Yes,3,NOT_RECORDED,NOT_PERFORMED,0,,,Not submitted,,NOT_APPLICABLE,Employer program
ENC-0510258,2025-01-24,Central Medical Pavilion,Cardiology,New patient,75,Commercial,English,10:29,10:34,10:57,11:50,16,23,53,No,5,Heart failure,Echocardiogram,868.04,590.27,123.96,Paid,,No,Specialist referral
ENC-0510259,2025-02-23,Central Medical Pavilion,Imaging,New patient,66,Commercial,English,11:22,11:40,12:11,12:42,14,31,31,No,4,Diagnostic imaging,MRI,435.61,0,0,Denied,4,No,Specialist referral
ENC-0510260,2025-02-06,West Community Hospital,Imaging,New patient,41,Commercial,English,15:15,15:15,15:36,16:09,12,21,33,No,3,Cancer surveillance,CT,467.92,318.19,66.82,Paid,,No,Specialist referral
ENC-0510261,2025-08-25,Central Medical Pavilion,Emergency,Emergency,44,Commercial,English,18:00,18:08,18:46,21:39,0,38,173,No,4,Chest pain,Minor procedure,3697.24,2514.12,527.97,Paid,4,No,Self referral
ENC-0510262,2025-05-31,Central Medical Pavilion,Orthopedics,Follow-up,64,Self-pay,English,09:39,09:56,10:31,10:43,8,35,12,No,5,Joint pain,X-ray,633.47,0,0,Denied,,No,Primary care referral
ENC-0510263,2025-10-02,Lakeside Clinic,Orthopedics,New patient,46,Medicaid,Arabic,10:52,,,,0,,,Yes,4,NOT_RECORDED,NOT_PERFORMED,0,,,Not submitted,,NOT_APPLICABLE,Primary care referral
ENC-0510264,2025-12-25,North Campus,Emergency,Emergency,96,Medicare,English,20:27,20:29,21:38,23:28,0,69,110,No,3,Neurologic symptoms,Evaluation and management,2741.56,1480.44,118.44,Paid,3,No,Specialist referral
ENC-0510265,2025-02-25,Lakeside Clinic,Neurology,Follow-up,37,Commercial,Spanish,14:47,,,,45,,,Yes,5,NOT_RECORDED,NOT_PERFORMED,0,,,Not submitted,,NOT_APPLICABLE,Employer program
ENC-0510266,2025-10-19,North Campus,Imaging,Follow-up,61,Commercial,Arabic,09:26,09:38,10:16,11:06,27,38,50,No,5,Diagnostic imaging,CT,404.29,274.92,57.73,Paid,4,No,Emergency transfer
ENC-0510267,2025-05-07,Central Medical Pavilion,Neurology,Procedure,89,Medicare,Spanish,09:04,09:06,09:39,10:33,5,33,54,No,5,Seizure disorder,EEG,1662.34,897.66,71.81,Paid,,No,Emergency transfer
ENC-0510268,2025-03-31,Lakeside Clinic,Primary Care,New patient,40,Medicaid,English,15:47,16:03,16:22,17:05,28,19,43,No,4,Preventive care,Screening,390.43,187.41,14.99,Paid,,No,Primary care referral
ENC-0510269,2025-03-24,North Campus,Cardiology,Follow-up,30,Commercial,Spanish,16:13,16:34,16:56,17:35,4,22,39,No,4,Heart failure,Consultation,685.89,0,0,Denied,4,No,Specialist referral
ENC-0510270,2025-03-12,Lakeside Clinic,Emergency,Emergency,91,Medicare,Arabic,21:39,21:45,22:13,00:20,0,28,127,No,4,Neurologic symptoms,Minor procedure,2367.6,1278.5,102.28,Paid,,No,Specialist referral
ENC-0510271,2025-03-14,North Campus,Primary Care,Follow-up,33,Medicaid,English,09:12,,,,0,,,Yes,5,NOT_RECORDED,NOT_PERFORMED,0,,,Not submitted,,NOT_APPLICABLE,Employer program
ENC-0510272,2025-08-28,Central Medical Pavilion,Emergency,Emergency,78,Self-pay,English,04:19,04:05,04:41,05:49,0,36,68,No,4,Neurologic symptoms,Laboratory panel,2505.44,2079.52,1871.57,Paid,4,No,Primary care referral
ENC-0510273,2025-10-11,North Campus,Primary Care,New patient,39,Medicaid,English,11:24,11:07,11:07,11:51,49,0,44,No,3,Preventive care,Office visit,282.12,135.42,10.83,Paid,,No,Employer program
ENC-0510274,2025-04-18,West Community Hospital,Primary Care,New patient,38,Commercial,Spanish,12:51,,,,0,,,Yes,4,NOT_RECORDED,NOT_PERFORMED,0,,,Not submitted,,NOT_APPLICABLE,Primary care referral
ENC-0510275,2025-08-04,Central Medical Pavilion,Oncology,Telehealth,16,Medicare,English,08:18,08:00,08:38,10:15,,38,97,No,5,Solid tumor,Laboratory monitoring,1575.6,,,Pending,4,No,Primary care referral
ENC-0510276,2025-04-19,West Community Hospital,Primary Care,New patient,29,Commercial,English,12:19,12:22,12:42,13:21,31,20,39,No,4,Hypertension,Office visit,389.3,264.72,55.59,Paid,,Yes,Primary care referral
ENC-0510277,2025-10-28,Central Medical Pavilion,Orthopedics,Follow-up,72,Medicare,English,12:29,12:43,12:43,13:02,24,0,19,No,4,Joint pain,X-ray,711.43,384.17,30.73,Paid,5,No,Primary care referral
ENC-0510278,2025-03-08,North Campus,Oncology,New patient,96,Self-pay,English,16:00,16:17,17:07,17:50,23,50,43,No,4,Therapy follow-up,Infusion,1827.42,,,Pending,,No,Self referral
ENC-0510278,2025-06-22,Central Medical Pavilion,Neurology,New patient,95,Medicare,English,13:23,13:47,14:14,15:19,12,27,65,No,4,Seizure disorder,EEG,890.28,480.75,38.46,Paid,,No,Primary care referral
ENC-0510280,2025-05-03,West Community Hospital,Emergency,Emergency,86,Commercial,English,22:45,22:45,23:14,00:35,0,29,81,No,3,Neurologic symptoms,Laboratory panel,2261.78,0,0,Denied,5,No,Specialist referral
ENC-0510281,2025-05-12,West Community Hospital,Emergency,Emergency,57,Commercial,English,22:05,22:00,22:38,01:53,0,38,195,No,5,Injury,Minor procedure,3808.7,,543.88,Paid,,No,Specialist referral
ENC-0510282,2025-09-05,Central Medical Pavilion,Primary Care,Follow-up,24,Commercial,English,15:45,16:12,16:36,17:16,15,24,40,No,5,Diabetes,Vaccination,378.79,257.58,54.09,Paid,5,No,Specialist referral
ENC-0510283,2025-09-22,West Community Hospital,Primary Care,Follow-up,70,Commercial,English,15:44,15:40,15:56,16:20,19,16,24,No,4,Preventive care,Vaccination,320.87,,,Under review,,No,Self referral
ENC-0510284,2025-08-20,West Community Hospital,Primary Care,New patient,81,Medicaid,English,15:11,15:01,15:01,15:29,31,0,28,No,5,Preventive care,Office visit,286.62,137.58,11.01,Paid,,Yes,Emergency transfer
ENC-0510285,2025-04-30,Lakeside Clinic,Primary Care,New patient,75,Medicare,English,11:20,11:11,11:11,11:49,7,0,38,No,5,Diabetes,Vaccination,306.37,165.44,13.24,Paid,5,No,Primary care referral
ENC-0510286,2025-08-25,North Campus,Oncology,Follow-up,41,Commercial,English,09:47,10:17,10:17,11:01,13,0,44,No,5,Therapy follow-up,Laboratory monitoring,2648.82,1801.2,378.25,Paid,5,No,
ENC-0510287,2025-05-16,Central Medical Pavilion,Emergency,Emergency,41,Commercial,English,14:13,14:17,15:38,18:34,0,81,176,No,2,Neurologic symptoms,Laboratory panel,3247.29,2208.16,463.71,Paid,,No,Specialist referral
ENC-0510288,2025-08-15,West Community Hospital,Primary Care,Follow-up,95,Medicare,English,14:51,15:12,15:36,16:13,14,24,37,No,3,Preventive care,Screening,372.41,0,0,Denied,4,No,Specialist referral
ENC-0510289,2025-09-21,Lakeside Clinic,Radiology,Follow-up,89,Medicare,Other,09:37,09:49,10:06,11:10,17,17,64,No,4,Cancer surveillance,MRI,646.34,,,Pending,,No,Primary care referral
ENC-0510290,2025-08-12,Lakeside Clinic,Emergency,Emergency,28,Commercial,Other,06:50,06:45,07:55,09:31,0,70,96,No,3,Respiratory symptoms,Minor procedure,3138.46,2134.15,448.17,Paid,3,No,Primary care referral
ENC-0510291,2025-11-01,West Community Hospital,Primary Care,New patient,30,Commercial,English,12:55,12:54,13:40,14:00,16,46,20,No,5,Preventive care,Vaccination,346.48,235.61,49.48,Paid,,No,Primary care referral
ENC-0510292,2025-06-02,West Community Hospital,Neurology,Telehealth,30,Commercial,English,14:00,14:16,14:43,15:46,19,27,63,No,4,Seizure disorder,EEG,1234.13,0,0,Denied,4,No,Primary care referral
ENC-0510293,2025-06-11,West Community Hospital,Emergency,Emergency,81,Medicaid,English,04:08,03:59,05:42,07:10,0,,88,No,3,Abdominal pain,Evaluation and management,3092.26,1484.28,118.74,Paid,,No,Primary care referral
ENC-0510294,2025-06-10,West Community Hospital,Primary Care,New patient,84,Medicare,English,14:33,14:33,14:44,15:20,13,11,36,No,5,Respiratory infection,Vaccination,321.82,173.78,13.9,Paid,,No,Primary care referral
ENC-0510295,2025-11-16,Central Medical Pavilion,Primary Care,Procedure,34,Commercial,English,16:38,16:56,17:19,17:54,39,23,35,No,4,Hypertension,Screening,445.2,302.74,63.58,Paid,5,No,Primary care referral
ENC-0510296,2025-11-01,West Community Hospital,Neurology,Procedure,79,Medicare,English,10:21,10:28,10:35,11:26,0,7,51,No,4,Neuropathy,Consultation,1892.86,1022.14,81.77,Paid,,No,Primary care referral
ENC-0510297,2025-06-02,North Campus,Orthopedics,New patient,40,Commercial,English,13:56,14:13,14:36,15:03,0,23,27,No,4,Fracture follow-up,Injection,555.4,377.67,79.31,Paid,5,No,Specialist referral
ENC-0510298,2025-04-21,North Campus,Emergency,Emergency,30,Commercial,Mandarin,07:31,07:42,08:10,09:54,0,28,104,No,3,Respiratory symptoms,Laboratory panel,3936.32,,562.11,Paid,3,No,Primary care referral
ENC-0510299,2025-06-13,West Community Hospital,Emergency,Emergency,60,Medicare,Other,19:47,19:50,21:10,23:07,0,80,117,No,2,Respiratory symptoms,Minor procedure,3403.84,0,0,Denied,,No,Self referral
ENC-0510300,2025-01-19,North Campus,Oncology,Procedure,89,Medicare,English,15:19,15:21,15:52,17:04,14,31,72,No,4,Therapy follow-up,Infusion,3211.05,1733.97,138.72,Paid,,No,Specialist referral
ENC-0510301,2025-05-28,North Campus,Cardiology,Procedure,43,Commercial,English,14:14,14:10,14:27,14:51,35,17,24,No,4,Hypertension,Echocardiogram,1326.01,901.69,189.35,Paid,5,No,Specialist referral
ENC-0510302,2025-03-01,West Community Hospital,Neurology,New patient,44,Medicaid,Spanish,08:22,08:42,09:05,09:55,5,23,50,No,4,Seizure disorder,EEG,860.52,413.05,33.04,Paid,4,No,Primary care referral
ENC-0510303,01/04/2025,North Campus,Primary Care,Follow-up,93,Commercial,Spanish,10:46,,,,0,,,Yes,5,NOT_RECORDED,NOT_PERFORMED,0,,,Not submitted,,NOT_APPLICABLE,Emergency transfer
ENC-0510304,2025-07-30,Lakeside Clinic,Oncology,Telehealth,44,Medicare,English,15:01,14:57,15:35,16:57,33,38,82,No,5,Hematologic malignancy,Infusion,1426.14,770.12,61.61,Paid,,No,Primary care referral
ENC-0510305,2025-01-14,Lakeside Clinic,Orthopedics,Procedure,52,Medicare,English,12:03,12:08,12:46,13:12,30,38,26,No,4,Fracture follow-up,Consultation,1238.6,668.84,53.51,Paid,,No,Community outreach
ENC-0510306,2025-09-02,North Campus,Neurology,Telehealth,21,Commercial,English,09:01,,,,8,,,Yes,3,NOT_RECORDED,NOT_PERFORMED,0,,,Not submitted,,NOT_APPLICABLE,Primary care referral
ENC-0510307,2025-07-29,Central Medical Pavilion,Orthopedics,Follow-up,85,Medicare,English,13:19,13:29,13:43,14:09,12,14,26,No,4,Fracture follow-up,X-ray,816.48,440.9,35.27,Paid,5,No,Community outreach
ENC-0510308,2025-04-07,Central Medical Pavilion,Imaging,Follow-up,76,Commercial,English,11:32,11:43,11:45,12:21,22,2,36,No,5,Musculoskeletal imaging,X-ray,544.07,,,Pending,,No,Self referral
ENC-0510309,2025-11-03,Central Medical Pavilion,Oncology,Procedure,47,Medicare,English,12:13,12:27,12:40,13:27,18,13,47,No,5,Therapy follow-up,Consultation,3498.06,1888.95,151.12,Paid,,No,Self referral
ENC-0510310,2025-10-22,West Community Hospital,Primary Care,Telehealth,57,Workers compensation,English,11:03,11:09,11:28,12:00,8,19,32,No,5,Preventive care,Screening,218.53,,,Pending,,Yes,Primary care referral
ENC-0510311,2025-09-24,Central Medical Pavilion,Emergency,Emergency,22,Commercial,English,04:35,04:34,05:26,08:01,0,52,155,No,3,Respiratory symptoms,Laboratory panel,3766.96,2561.53,537.92,Paid,5,No,Self referral
ENC-0510312,2025-12-06,West Community Hospital,Cardiology,Follow-up,28,Medicaid,English,16:45,,,,6,,,Yes,4,NOT_RECORDED,NOT_PERFORMED,0,,,Not submitted,,NOT_APPLICABLE,Emergency transfer
ENC-0510313,2025-02-30,Lakeside Clinic,Imaging,Follow-up,96,Medicare,English,11:05,11:07,11:27,11:49,0,20,22,No,5,Cancer surveillance,Ultrasound,563.49,0,0,Denied,5,No,Specialist referral
ENC-0510314,2025-05-07,North Campus,Orthopedics,New patient,71,Commercial,Spanish,16:29,16:30,16:52,17:35,49,22,43,No,4,Spine disorder,Injection,838.09,569.9,119.68,Paid,5,No,Self referral
ENC-0510315,2025-12-31,West Community Hospital,Primary Care,Telehealth,35,Medicaid,Spanish,15:57,15:45,15:54,16:36,14,9,42,No,3,Preventive care,Screening,267.15,128.23,10.26,Paid,,No,Primary care referral
ENC-0510316,2025-07-26,Lakeside Clinic,Primary Care,Telehealth,13,Medicaid,English,09:04,08:48,09:17,10:00,17,29,43,No,4,Preventive care,Vaccination,214.86,103.13,8.25,Paid,,No,Specialist referral
ENC-0510317,2025-10-24,Lakeside Clinic,Imaging,Follow-up,77,Self-pay,Spanish,11:18,11:35,11:50,12:19,0,15,29,No,4,Cancer surveillance,X-ray,426.97,354.39,318.95,Paid,,No,Self referral
ENC-0510318,2025-01-24,Central Medical Pavilion,Primary Care,Telehealth,36,Medicaid,English,09:10,09:18,09:42,10:21,6,24,39,No,4,Preventive care,Screening,307.54,147.62,11.81,Paid,4,No,Community outreach
ENC-0510319,2025-09-22,Central Medical Pavilion,Emergency,Emergency,22,Medicare,Other,16:53,17:02,17:28,19:49,0,26,141,No,4,Abdominal pain,Evaluation and management,3829.6,,165.44,Paid,,No,Specialist referral
ENC-0510320,2025-08-06,North Campus,Oncology,Telehealth,37,Commercial,English,11:53,11:47,12:08,13:18,16,21,70,No,3,Therapy follow-up,Infusion,2165.99,,,Pending,,Yes,Primary care referral
ENC-0510321,2025-06-13,North Campus,Imaging,Follow-up,31,Commercial,Other,13:18,13:06,13:06,13:47,26,0,41,No,5,Diagnostic imaging,MRI,497.94,,,Pending,,No,Emergency transfer
ENC-0510322,2025-02-28,Central Medical Pavilion,Oncology,Follow-up,68,Medicare,English,09:36,09:27,09:48,10:38,50,21,50,No,3,Therapy follow-up,Infusion,1799.7,,,Pending,,No,Primary care referral
ENC-0510323,2025-03-10,West Community Hospital,Emergency,Emergency,59,Commercial,English,12:41,12:49,13:50,15:36,0,61,106,No,2,Respiratory symptoms,Evaluation and management,2318.28,1576.43,331.05,Paid,,No,Specialist referral
ENC-0510324,2025-04-16,West Community Hospital,Emergency,Emergency,65,Medicare,English,20:10,20:00,21:18,22:55,0,78,97,No,4,Respiratory symptoms,Minor procedure,3944.13,,170.39,Paid,,No,Specialist referral
ENC-0510325,2025-01-08,North Campus,Emergency,Emergency,24,Medicaid,English,08:30,08:50,09:18,11:08,0,28,110,No,2,Chest pain,Laboratory panel,3687.07,1769.79,141.58,Paid,,No,Specialist referral
ENC-0510326,2025-12-21,Lakeside Clinic,Imaging,New patient,64,Self-pay,English,10:08,10:18,10:26,10:48,3,8,22,No,4,Cancer surveillance,Ultrasound,703.91,,,Pending,5,No,Specialist referral
ENC-0510327,2025-10-30,Central Medical Pavilion,Primary Care,Follow-up,96,Self-pay,English,11:36,11:24,11:45,12:14,20,21,29,No,4,Preventive care,Screening,277.11,230,207,Paid,5,No,Employer program
ENC-0510328,2025-12-28,Lakeside Clinic,Primary Care,New patient,13,Commercial,English,15:23,15:11,15:11,15:40,,0,29,No,5,Preventive care,Screening,333.67,226.9,47.65,Paid,5,Yes,Specialist referral
ENC-0510329,2025-02-26,West Community Hospital,Cardiology,New patient,62,COMM,English,16:23,16:17,16:17,16:58,2,0,41,No,4,Heart failure,Consultation,757.49,0,0,Denied,,No,Emergency transfer
ENC-0510330,2025-10-18,Central Medical Pavilion,Cardiology,Follow-up,28,Medicaid,English,09:21,09:19,09:55,10:46,6,36,51,No,3,Coronary disease,ECG,1015.76,,,Pending,,No,Primary care referral
ENC-0510331,2025-03-08,North Campus,Emergency,Emergency,77,Commercial,English,17:44,17:50,18:45,20:40,0,55,115,No,3,Abdominal pain,Evaluation and management,3458.45,0,0,Denied,3,No,Specialist referral
ENC-0510332,2025-03-26,Central Medical Pavilion,Neurology,Follow-up,68,Medicare,English,09:08,09:13,09:58,10:45,27,45,47,No,2,Migraine,Nerve study,1183.26,638.96,51.12,Paid,4,No,Emergency transfer
ENC-0510333,2025-09-08,West Community Hospital,Oncology,New patient,38,Commercial,English,10:33,10:18,10:53,11:53,17,35,60,No,4,Therapy follow-up,Consultation,1926.3,0,0,Denied,4,No,
ENC-0510334,2025-02-28,Central Medical Pavilion,Primary Care,Follow-up,48,Medicaid,English,15:36,15:34,15:45,16:23,17,11,38,No,3,Preventive care,Screening,292.42,140.36,11.23,Paid,5,No,Primary care referral
ENC-0510335,2025-03-05,West Community Hospital,Oncology,Procedure,55,Medicaid,Other,09:08,,,,31,,,Yes,5,NOT_RECORDED,NOT_PERFORMED,0,,,Not submitted,,NOT_APPLICABLE,Emergency transfer
ENC-0510336,2025-09-08,Lakeside Clinic,Orthopedics,Follow-up,65,Commercial,English,16:12,16:13,16:34,17:09,4,21,35,No,3,Sports injury,Consultation,706.3,0,0,Denied,,No,Emergency transfer
ENC-0510337,2025-05-10,Lakeside Clinic,Imaging,New patient,67,Commercial,Arabic,11:17,11:11,11:25,11:38,34,14,13,No,4,Musculoskeletal imaging,MRI,643.1,437.31,91.84,Paid,,No,Primary care referral
ENC-0510338,2025-02-14,West Community Hospital,Orthopedics,New patient,49,Medicare,English,15:29,15:31,16:15,17:14,47,44,59,No,5,Sports injury,Consultation,497.88,,,Pending,,No,Employer program
ENC-0510339,2025-10-03,Lakeside Clinic,Neurology,Follow-up,61,Medicare,English,15:22,15:23,15:51,17:09,0,28,78,No,5,Cognitive symptoms,EEG,782.18,0,0,Denied,,No,Primary care referral
ENC-0510340,2025-06-09,CENTRAL MEDICAL PAVILION,Primary Care,Procedure,46,Self-pay,English,16:35,16:29,16:47,17:11,35,18,24,No,4,Hypertension,Screening,639.25,,,Under review,,No,Self referral
ENC-0510341,2025-12-15,West Community Hospital,Oncology,Follow-up,57,Commercial,English,15:53,16:13,16:51,17:41,5,38,50,No,3,Hematologic malignancy,Consultation,1603.94,,,Under review,5,Yes,Emergency transfer
ENC-0510342,2025-07-20,West Community Hospital,Cardiology,New patient,96,Medicare,English,13:56,13:49,14:22,15:12,14,33,50,No,3,Hypertension,ECG,751.79,405.97,32.48,Paid,,No,Self referral
ENC-0510343,2025-10-19,Central Medical Pavilion,Primary Care,New patient,53,Medicaid,English,10:20,10:32,10:51,11:24,19,19,33,No,4,Preventive care,Screening,388.66,186.56,14.92,Paid,,No,Primary care referral
ENC-0510344,2025-10-01,North Campus,Primary Care,New patient,45,Medicaid,English,13:28,13:38,13:49,14:29,16,11,40,No,4,Diabetes,Office visit,232.44,,,Under review,,No,Employer program
ENC-0510345,2025-02-16,Lakeside Clinic,Imaging,Telehealth,58,Commercial,English,09:44,09:48,10:18,10:51,5,30,33,No,4,Cancer surveillance,CT,414.85,,,Pending,5,No,Employer program
ENC-0510346,2025-11-15,Central Medical Pavilion,Imaging,New patient,44,Medicare,English,09:46,09:43,09:50,10:29,12,7,39,No,4,Diagnostic imaging,X-ray,619.16,,,Pending,,No,Specialist referral
ENC-0510347,2025-03-08,West Community Hospital,Orthopedics,Procedure,33,Medicaid,English,13:35,13:21,13:43,14:15,38,22,32,No,4,Sports injury,X-ray,1159.51,,,Pending,,No,Self referral
ENC-0510348,2025-06-10,Lakeside Clinic,Primary Care,Follow-up,78,Medicaid,English,15:43,15:41,15:45,16:20,13,4,35,No,4,Hypertension,Screening,260.36,0,0,Denied,,No,Self referral
ENC-0510349,2025-04-29,West Community Hospital,Emergency,Emergency,48,Medicaid,English,12:18,12:21,13:21,16:12,0,60,171,No,3,Neurologic symptoms,Laboratory panel,2220.62,1065.9,85.27,Paid,,No,Specialist referral
ENC-0510350,2025-04-19,West Community Hospital,Orthopedics,Telehealth,26,Medicaid,English,10:56,10:55,11:12,11:40,6,17,28,No,5,Fracture follow-up,Injection,860.48,413.03,33.04,Paid,4,No,Primary care referral
ENC-0510351,2025-02-06,North Campus,Oncology,Telehealth,75,Medicare,English,09:40,10:00,10:30,11:59,21,30,89,No,4,Hematologic malignancy,Consultation,2597.7,1402.76,112.22,Paid,,Yes,Specialist referral
ENC-0510352,2025-11-25,West Community Hospital,Primary Care,Follow-up,94,Medicare,English,11:27,11:40,11:52,12:23,18,12,31,No,4,Hypertension,Office visit,226.39,122.25,9.78,Paid,4,Yes,Community outreach
ENC-0510353,2025-03-10,West Community Hospital,Orthopedics,Procedure,46,Medicaid,Spanish,15:56,16:18,16:59,17:33,22,41,34,No,4,Spine disorder,X-ray,1410.71,677.14,54.17,Paid,,No,Specialist referral
ENC-0510354,2025-08-16,North Campus,Neurology,Follow-up,45,Commercial,English,11:22,11:33,12:05,13:01,43,32,56,No,4,Cognitive symptoms,EEG,1047.1,712.03,149.53,Paid,,No,Emergency transfer
ENC-0510355,2025-09-10,Central Medical Pavilion,Orthopedics,Follow-up,44,Commercial,Spanish,11:42,11:35,11:53,12:42,0,18,49,No,4,Fracture follow-up,Consultation,611.59,415.88,87.33,Paid,5,No,Primary care referral
ENC-0510356,2025-09-21,Lakeside Clinic,Orthopedics,Follow-up,60,Self-pay,Spanish,13:21,,,,7,,,Yes,5,NOT_RECORDED,NOT_PERFORMED,0,,,Not submitted,,NOT_APPLICABLE,Specialist referral
ENC-0510357,2025-06-07,Central Medical Pavilion,Orthopedics,New patient,48,Self-pay,English,12:02,12:14,12:29,12:53,29,15,24,No,3,Sports injury,Consultation,840,,,Under review,,No,Primary care referral
ENC-0510358,2025-06-17,Lakeside Clinic,Oncology,Telehealth,59,Commercial,English,10:33,10:40,10:57,12:21,16,17,84,No,5,Hematologic malignancy,Infusion,2023.13,1375.73,288.9,Paid,,No,Community outreach
ENC-0510359,2025-07-03,West Community Hospital,Oncology,Follow-up,39,Commercial,English,10:23,10:33,11:16,12:56,19,43,100,No,4,Therapy follow-up,Laboratory monitoring,2214.51,1505.87,316.23,Paid,,No,Primary care referral
ENC-0510360,2025-10-19,Central Medical Pavilion,ER,Emergency,89,Medicare,English,07:29,07:39,09:15,10:34,0,,79,No,3,Respiratory symptoms,Laboratory panel,2701.61,1458.87,116.71,Paid,2,Yes,Primary care referral
ENC-0510361,2025-02-14,West Community Hospital,Imaging,Follow-up,40,Commercial,English,07:57,07:44,08:11,08:46,8,27,35,No,5,Diagnostic imaging,X-ray,584.7,397.6,83.5,Paid,,No,Specialist referral
ENC-0510362,2025-11-10,Central Medical Pavilion,Primary Care,Follow-up,74,Medicare,English,10:38,10:32,10:32,11:06,9,0,34,No,4,Diabetes,Vaccination,269.21,,,Under review,,No,Employer program
ENC-0510363,2025-11-06,Lakeside Clinic,Imaging,Follow-up,66,Commercial,Mandarin,09:39,09:36,10:00,10:24,0,24,24,No,5,Cancer surveillance,Ultrasound,672.3,457.16,96,Paid,,No,Emergency transfer
ENC-0510364,2025-11-08,North Campus,Oncology,New patient,11,Commercial,English,09:56,10:04,10:40,12:05,20,36,85,No,3,Therapy follow-up,Consultation,2268.12,1542.32,323.89,Paid,,No,Emergency transfer
ENC-0510365,2025-09-11,West Community Hospital,Cardiology,Follow-up,32,Commercial,Mandarin,12:29,12:24,13:04,14:03,6,40,59,No,4,Arrhythmia,Echocardiogram,925.58,629.39,132.17,Paid,,No,Emergency transfer
ENC-0510366,2025-12-11,Central Medical Pavilion,Oncology,Procedure,95,Medicare,English,16:36,16:30,16:51,18:22,17,21,91,No,5,Hematologic malignancy,Laboratory monitoring,2463.91,0,0,Denied,,No,Specialist referral
ENC-0510367,2025-07-19,North Campus,Neurology,Follow-up,59,Commercial,Arabic,14:07,14:13,14:46,15:48,16,33,62,No,3,Neuropathy,Consultation,970.27,0,0,Denied,,No,Primary care referral
ENC-0510368,2025-08-16,North Campus,Emergency,Emergency,84,Medicaid,English,07:29,07:37,07:58,10:18,0,21,140,No,5,Abdominal pain,Laboratory panel,2880.15,1382.47,110.6,Paid,,No,Primary care referral
ENC-0510369,2025-06-27,West Community Hospital,Primary Care,Telehealth,58,Commercial,English,12:14,12:06,12:10,12:36,0,4,26,No,5,Respiratory infection,Screening,236.49,160.81,33.77,Paid,5,No,Specialist referral
ENC-0510370,2025-10-19,Lakeside Clinic,Cardiology,Follow-up,53,Self-pay,English,12:49,12:41,13:09,13:36,0,28,27,No,4,Arrhythmia,Echocardiogram,682.39,566.38,509.74,Paid,4,No,Employer program
ENC-0510371,2025-03-07,West Community Hospital,Oncology,Follow-up,96,Medicare,Arabic,16:36,16:28,17:02,17:47,19,34,45,No,4,Hematologic malignancy,Consultation,2578.06,,,Under review,,No,Specialist referral
ENC-0510372,2025-09-04,Central Medical Pavilion,Neurology,Follow-up,58,Medicare,English,08:02,08:05,08:57,09:37,23,52,40,No,4,Cognitive symptoms,Nerve study,1089.05,,,Under review,,No,Primary care referral
ENC-0510373,2025-04-30,North Campus,Neurology,Follow-up,43,Commercial,English,15:58,16:04,16:26,17:28,30,22,62,No,5,Cognitive symptoms,EEG,1224.78,832.85,174.9,Paid,,No,Self referral
ENC-0510374,2025-04-10,Lakeside Clinic,Imaging,Follow-up,55,Commercial,English,14:06,14:13,15:01,15:35,12,48,34,No,4,Diagnostic imaging,MRI,418.93,0,0,Denied,4,No,Self referral
ENC-0510375,2025-06-11,Lakeside Clinic,Imaging,New patient,60,Medicaid,English,16:58,17:11,17:37,18:12,10,26,35,No,3,Diagnostic imaging,X-ray,709.54,,,Under review,,No,Employer program
ENC-0510376,2025-10-30,Lakeside Clinic,Neurology,Procedure,74,Commercial,Spanish,15:40,,,,33,,,Yes,2,NOT_RECORDED,NOT_PERFORMED,0,,,Not submitted,,NOT_APPLICABLE,Specialist referral
ENC-0510377,2025-04-16,Lakeside Clinic,Emergency,Emergency,60,Self-pay,English,10:02,10:01,10:33,12:56,0,32,143,No,2,Neurologic symptoms,Evaluation and management,2473.13,2052.7,1847.43,Paid,,No,Self referral
ENC-0510378,2025-10-15,Central Medical Pavilion,Cardiology,Follow-up,51,Commercial,English,12:49,12:54,13:31,14:25,12,37,54,No,5,Coronary disease,Echocardiogram,889.82,0,0,Denied,,No,Primary care referral
ENC-0510379,2025-09-24,Central Medical Pavilion,Oncology,Follow-up,57,Commercial,English,14:48,14:45,15:01,15:47,20,16,46,No,4,Hematologic malignancy,Consultation,2416.48,,,Under review,,Yes,Primary care referral
ENC-0510380,2025-01-31,North Campus,Cardiology,Procedure,93,Medicare,English,09:05,09:17,09:48,10:45,4,31,57,No,4,Heart failure,Echocardiogram,1852.21,,,Under review,,No,
ENC-0510381,2025-05-21,North Campus,Neurology,New patient,96,Medicare,Spanish,07:37,07:29,07:56,08:32,,27,36,No,4,Neuropathy,Consultation,1024.02,552.97,44.24,Paid,5,No,Primary care referral
ENC-0510382,2025-09-21,Lakeside Clinic,Imaging,Follow-up,41,Commercial,English,12:25,12:34,12:44,13:46,16,10,62,No,4,Cancer surveillance,CT,712.85,,,Pending,5,No,Primary care referral
ENC-0510383,2025-08-08,Lakeside Clinic,Orthopedics,New patient,49,Self-pay,English,12:56,,,,35,,,Yes,5,NOT_RECORDED,NOT_PERFORMED,0,,,Not submitted,,NOT_APPLICABLE,Primary care referral
ENC-0510384,2025-07-15,West Community Hospital,Emergency,Emergency,41,Medicaid,English,06:10,06:23,06:50,08:55,0,27,125,No,3,Respiratory symptoms,Laboratory panel,2737.35,0,0,Denied,3,No,Self referral
ENC-0510385,2025-09-11,Lakeside Clinic,Primary Care,Telehealth,57,Workers compensation,English,09:29,09:43,10:21,10:44,14,38,23,No,4,Diabetes,Screening,264.96,188.12,272.77,Paid,,No,Employer program
ENC-0510386,2025-02-05,North Campus,Orthopedics,Follow-up,71,Medicare,Other,16:43,,,,37,,,Yes,3,NOT_RECORDED,NOT_PERFORMED,0,,,Not submitted,,NOT_APPLICABLE,Self referral
ENC-0510387,2025-02-15,Central Medical Pavilion,Primary Care,New patient,74,Commercial,Mandarin,09:16,,,,20,,,Yes,4,NOT_RECORDED,NOT_PERFORMED,0,,,Not submitted,,NOT_APPLICABLE,Emergency transfer
ENC-0510388,2025-10-13,West Community Hospital,Primary Care,Follow-up,61,Medicare,English,08:04,08:03,08:15,09:02,3,12,47,No,5,Preventive care,Screening,341.76,184.55,14.76,Paid,,No,Primary care referral
ENC-0510389,2025-12-12,North Campus,Emergency,Emergency,66,Commercial,Spanish,19:37,19:50,20:55,23:33,0,65,158,No,3,Neurologic symptoms,Minor procedure,3840.27,0,0,Denied,3,No,Community outreach
ENC-0510390,2025-09-10,West Community Hospital,Orthopedics,Follow-up,27,Medicaid,English,12:30,12:38,12:48,13:49,20,10,61,No,4,Joint pain,Consultation,772.68,370.89,29.67,Paid,,Yes,Specialist referral
ENC-0510391,2025-03-23,Lakeside Clinic,Emergency,Emergency,38,Commercial,English,11:30,11:24,12:19,14:20,0,55,121,No,5,Neurologic symptoms,Evaluation and management,3927.14,,560.8,Paid,4,No,Specialist referral
ENC-0510392,2025-07-17,West Community Hospital,Imaging,New patient,88,Medicare,Arabic,14:43,14:57,15:04,15:50,18,7,46,No,5,Diagnostic imaging,CT,691.73,373.53,29.88,Paid,,No,Specialist referral
ENC-0510393,2025-07-14,North Campus,Primary Care,New patient,44,Commercial,English,12:10,12:15,12:39,12:52,2,24,13,No,4,Preventive care,Office visit,260.39,177.07,37.18,Paid,,No,Primary care referral
ENC-0510394,2025-09-11,North Campus,Imaging,Follow-up,62,Medicare,English,13:53,13:45,14:09,14:28,30,24,19,No,5,Diagnostic imaging,X-ray,639.31,345.23,27.62,Paid,,No,Self referral
ENC-0510395,2025-11-26,West Community Hospital,Cardiology,Follow-up,62,Commercial,English,13:17,13:17,13:38,14:12,31,21,34,No,5,Hypertension,Consultation,665.28,452.39,95,Paid,,No,Primary care referral
ENC-0510396,2025-06-25,West Community Hospital,Primary Care,Follow-up,19,Commercial,English,14:34,14:19,14:19,14:31,18,0,12,No,4,Diabetes,Vaccination,275.62,,,Pending,5,No,Primary care referral
ENC-0510397,2025-02-05,Lakeside Clinic,Primary Care,Procedure,19,Commercial,English,11:11,11:16,11:23,11:50,20,7,27,No,4,Hypertension,Office visit,559.6,380.53,79.91,Paid,5,No,Emergency transfer
ENC-0510398,2025-02-06,Lakeside Clinic,Emergency,Emergency,56,Commercial,English,18:37,18:55,19:25,21:12,0,30,107,No,3,Neurologic symptoms,Evaluation and management,2893.32,0,0,Denied,5,No,Specialist referral
ENC-0510399,2025-08-01,Lakeside Clinic,Orthopedics,Follow-up,57,Self-pay,English,11:19,11:26,12:01,12:25,13,35,24,No,4,Spine disorder,X-ray,806.71,669.57,602.61,Paid,4,No,Specialist referral
ENC-0510400,01/13/2025,West Community Hospital,Neurology,Procedure,61,Commercial,English,15:12,14:47,15:08,15:54,11,21,46,No,4,Neuropathy,EEG,1344.71,914.4,192.02,Paid,,No,Community outreach
ENC-0510401,2025-05-20,North Campus,Orthopedics,Follow-up,66,Medicare,English,12:21,12:15,12:21,13:05,19,6,44,No,4,Fracture follow-up,Injection,488.01,263.53,21.08,Paid,5,No,Employer program
ENC-0510402,2025-04-07,North Campus,Oncology,Telehealth,36,Self-pay,Mandarin,14:32,14:44,14:45,15:55,50,1,70,No,4,Hematologic malignancy,Consultation,2241.23,1860.22,1674.2,Paid,,No,Specialist referral
ENC-0510403,2025-08-24,Central Medical Pavilion,Cardiology,Telehealth,39,Commercial,Other,10:40,10:54,10:54,11:47,9,0,53,No,2,Coronary disease,ECG,1058.63,719.87,151.17,Paid,,No,Primary care referral
ENC-0510404,2025-11-03,North Campus,Neurology,Procedure,68,Self-pay,English,15:56,16:02,17:11,18:29,15,69,78,No,4,Neuropathy,Nerve study,1768.28,,,Pending,,No,Self referral
ENC-0510405,2025-08-07,West Community Hospital,Emergency,Emergency,63,Commercial,English,12:23,12:16,13:28,16:01,0,72,153,No,4,Chest pain,Evaluation and management,2859.14,1944.22,408.29,Paid,,No,Self referral
ENC-0510406,2025-05-20,Lakeside Clinic,Emergency,Emergency,15,Medicaid,English,01:51,01:54,03:18,05:18,0,84,120,No,3,Chest pain,Minor procedure,3032.18,1455.45,116.44,Paid,4,No,Specialist referral
ENC-0510407,2025-10-16,Central Medical Pavilion,Cardiology,Follow-up,36,Medicare,English,14:41,14:40,15:00,15:40,27,20,40,No,5,Coronary disease,ECG,620.92,,,Under review,,No,Emergency transfer
ENC-0510408,2025-05-12,Central Medical Pavilion,Emergency,Emergency,7,COMM,English,00:58,01:01,01:29,03:00,0,28,91,No,4,Injury,Laboratory panel,2429.25,1651.89,346.9,Paid,,No,Primary care referral
ENC-0510409,2025-01-27,Central Medical Pavilion,Primary Care,Follow-up,94,Medicare,Spanish,08:36,08:46,09:13,09:49,17,27,36,No,4,Hypertension,Vaccination,360.17,194.49,15.56,Paid,5,No,Emergency transfer
ENC-0510410,2025-01-04,Central Medical Pavilion,Imaging,New patient,94,Medicare,English,15:53,16:22,16:29,17:02,46,7,33,No,3,Musculoskeletal imaging,Ultrasound,698.1,0,0,Denied,,No,Primary care referral
ENC-0510411,2025-04-27,West Community Hospital,Imaging,Follow-up,48,Commercial,Arabic,11:58,12:07,12:12,12:55,1,5,43,No,3,Musculoskeletal imaging,Ultrasound,533.87,363.03,76.24,Paid,,No,Primary care referral
ENC-0510412,2025-08-03,Central Medical Pavilion,Emergency,Emergency,76,Medicare,Spanish,09:21,09:26,10:01,12:10,0,35,129,No,2,Abdominal pain,Minor procedure,2300.56,1242.3,99.38,Paid,5,No,Primary care referral
ENC-0510413,2025-01-29,Central Medical Pavilion,Primary Care,Follow-up,55,Medicare,English,16:19,16:17,16:34,16:51,13,17,17,No,5,Preventive care,Vaccination,276.43,,,Pending,5,No,Primary care referral
ENC-0510414,2025-02-16,West Community Hospital,Orthopedics,New patient,26,Medicaid,English,14:53,14:42,15:02,15:32,30,20,30,No,4,Spine disorder,X-ray,700.81,336.39,26.91,Paid,4,No,Specialist referral
ENC-0510415,2025-10-04,North Campus,Neurology,Procedure,85,Medicare,English,15:45,15:38,16:12,17:09,30,34,57,No,4,Cognitive symptoms,Consultation,1808.38,976.53,78.12,Paid,4,No,Community outreach
ENC-0510416,2025-08-22,Lakeside Clinic,Emergency,Emergency,37,Workers compensation,English,21:06,20:50,21:12,23:03,0,22,111,No,3,Chest pain,Laboratory panel,3929.49,,223.2,Paid,,No,Specialist referral
ENC-0510417,2025-05-28,Central Medical Pavilion,Primary Care,Procedure,56,Commercial,English,16:33,16:41,16:56,17:28,33,15,32,No,4,Diabetes,Vaccination,495.93,,,Pending,,Yes,Primary care referral
ENC-0510418,2025-10-27,Central Medical Pavilion,Oncology,New patient,62,Medicare,English,13:08,13:17,13:58,14:49,30,41,51,No,3,Solid tumor,Laboratory monitoring,2547.66,,,Under review,,Yes,Specialist referral
ENC-0510419,2025-05-25,North Campus,Cardiology,New patient,77,Medicaid,English,09:36,09:46,10:07,11:04,23,21,57,No,4,Coronary disease,ECG,654.37,314.1,25.13,Paid,,No,Emergency transfer
ENC-0510420,2025-06-18,West Community Hospital,Emergency,Emergency,68,Medicare,English,10:24,10:36,11:38,13:22,0,62,104,No,3,Abdominal pain,Evaluation and management,3227.77,1743,139.44,Paid,,Yes,Primary care referral
ENC-0510421,2025-07-17,West Community Hospital,Primary Care,Procedure,62,Commercial,English,12:48,12:47,13:07,13:42,34,20,35,No,4,Diabetes,Office visit,361.06,245.52,51.56,Paid,,No,Self referral
ENC-0510422,2025-05-16,West Community Hospital,Emergency,Emergency,38,Medicaid,English,08:07,08:24,09:29,11:54,0,65,145,No,2,Respiratory symptoms,Evaluation and management,2897.83,,,Under review,,No,Self referral
ENC-0510423,2025-08-14,CENTRAL MEDICAL PAVILION,Primary Care,Follow-up,35,Medicaid,English,07:36,07:24,07:30,08:21,35,6,51,No,3,Preventive care,Screening,283.06,135.87,10.87,Paid,,No,Self referral
ENC-0510424,2025-01-26,North Campus,Imaging,New patient,33,Commercial,English,08:18,08:21,08:21,08:51,2,0,30,No,4,Diagnostic imaging,CT,432.59,0,0,Denied,,Yes,Primary care referral
ENC-0510425,2025-08-05,West Community Hospital,Orthopedics,Follow-up,51,Commercial,English,09:31,09:40,10:32,11:10,10,52,38,No,4,Joint pain,Injection,620.82,422.16,88.65,Paid,4,No,Community outreach
ENC-0510426,2025-04-01,Central Medical Pavilion,Primary Care,Follow-up,44,Commercial,English,16:58,17:10,17:30,18:03,20,20,33,No,3,Respiratory infection,Office visit,284.46,193.43,40.62,Paid,5,No,Self referral
ENC-0510427,2025-04-05,Central Medical Pavilion,Emergency,Emergency,54,Commercial,English,05:55,05:55,07:20,09:24,0,85,124,No,4,Neurologic symptoms,Laboratory panel,4116.87,,587.89,Paid,3,No,
ENC-0510428,2025-08-31,Central Medical Pavilion,Neurology,New patient,59,Medicaid,English,11:32,11:42,12:05,13:07,25,23,62,No,5,Seizure disorder,Consultation,1081.54,519.14,41.53,Paid,3,No,Primary care referral
ENC-0510429,2025-04-07,West Community Hospital,Neurology,New patient,29,Medicaid,English,11:10,11:10,11:12,12:03,1,2,51,No,3,Neuropathy,Nerve study,1253.62,601.74,48.14,Paid,5,No,Employer program
ENC-0510430,2025-03-03,North Campus,Primary Care,Follow-up,96,Medicare,English,16:03,16:04,16:37,16:56,32,33,19,Yes,3,Diabetes,Office visit,780,163.13,13.05,Paid,4,No,Primary care referral
ENC-0510431,2025-09-16,North Campus,Radiology,New patient,70,Medicaid,English,08:36,08:48,09:08,09:47,3,20,39,No,3,Cancer surveillance,MRI,696.33,,,Under review,,No,Primary care referral
ENC-0510432,2025-06-13,North Campus,Orthopedics,Procedure,31,Medicare,Arabic,09:04,,,,31,,,Yes,4,NOT_RECORDED,NOT_PERFORMED,0,,,Not submitted,,NOT_APPLICABLE,Self referral
ENC-0510433,2025-12-08,Central Medical Pavilion,Primary Care,New patient,47,Commercial,English,10:58,10:52,11:38,12:23,0,46,45,No,5,Respiratory infection,Screening,290.61,,,Pending,5,No,Primary care referral
ENC-0510434,2025-12-22,West Community Hospital,Primary Care,Telehealth,74,Commercial,English,10:03,09:57,10:30,10:51,,33,21,No,3,Hypertension,Vaccination,316.55,,,Under review,,No,Emergency transfer
ENC-0510435,2025-06-11,Central Medical Pavilion,Imaging,Telehealth,51,Commercial,English,14:31,14:46,14:48,15:38,24,2,50,No,3,Diagnostic imaging,CT,642.13,,,Pending,,No,Primary care referral
ENC-0510436,2025-03-17,Lakeside Clinic,Neurology,Follow-up,78,Medicare,Spanish,09:35,09:38,10:19,11:19,9,41,60,No,3,Seizure disorder,EEG,991.93,535.64,42.85,Paid,,No,Self referral
ENC-0510437,2025-10-07,Lakeside Clinic,Orthopedics,Procedure,56,Medicare,English,12:50,12:52,12:54,13:32,38,2,38,No,4,Fracture follow-up,Consultation,1187.9,641.47,51.32,Paid,,No,Specialist referral
ENC-0510438,2025-11-11,Lakeside Clinic,Cardiology,New patient,23,Commercial,English,15:22,15:23,15:56,17:01,28,33,65,No,3,Heart failure,ECG,790.97,537.86,112.95,Paid,5,No,Self referral
ENC-0510439,2025-04-18,Lakeside Clinic,Orthopedics,Follow-up,55,Medicaid,English,08:51,08:56,09:23,09:57,37,27,34,No,5,Spine disorder,X-ray,820.64,0,0,Denied,,No,Primary care referral
ENC-0510440,2025-08-08,Central Medical Pavilion,Cardiology,New patient,32,Commercial,English,08:52,08:58,09:13,10:17,14,15,64,No,3,Heart failure,Echocardiogram,936.56,0,0,Denied,,No,Self referral
ENC-0510441,2025-01-08,North Campus,Emergency,Emergency,31,Medicare,Mandarin,03:23,03:27,04:52,07:36,0,85,164,No,4,Respiratory symptoms,Evaluation and management,3663.74,1978.42,158.27,Paid,2,No,Self referral
ENC-0510442,2025-06-27,Central Medical Pavilion,Cardiology,New patient,55,Commercial,Other,14:24,14:10,14:40,14:50,0,30,10,No,4,Coronary disease,ECG,861.86,0,0,Denied,,Yes,Self referral
ENC-0510443,2025-12-03,North Campus,Imaging,New patient,38,Medicaid,English,12:48,13:11,13:48,14:28,16,37,40,No,5,Cancer surveillance,CT,388.5,,,Under review,,No,Specialist referral
ENC-0510444,2025-07-07,North Campus,Imaging,Follow-up,46,Medicaid,English,15:32,15:40,16:15,16:51,0,35,36,No,4,Cancer surveillance,CT,516.31,247.83,19.83,Paid,,No,Self referral
ENC-0510445,2025-09-24,Central Medical Pavilion,Orthopedics,Telehealth,96,Medicare,English,13:12,13:27,14:12,15:16,23,45,64,No,4,Joint pain,X-ray,497.42,,,Under review,,No,Emergency transfer
ENC-0510446,2025-02-23,West Community Hospital,Cardiology,Follow-up,78,Medicare,English,16:39,16:35,17:03,18:01,42,28,58,No,4,Arrhythmia,Consultation,975.69,526.87,42.15,Paid,3,No,Employer program
ENC-0510447,2025-01-02,Central Medical Pavilion,Primary Care,New patient,96,Medicare,English,09:56,09:54,10:16,10:58,5,22,42,No,4,Hypertension,Screening,223.2,,,Pending,,No,Primary care referral
ENC-0510448,2025-07-20,Lakeside Clinic,Cardiology,Follow-up,96,Medicare,English,07:38,07:47,08:11,09:03,14,24,52,No,4,Arrhythmia,Consultation,906.71,0,0,Denied,,No,Emergency transfer
ENC-0510449,2025-06-10,West Community Hospital,Neurology,Follow-up,94,Medicare,English,08:09,08:22,08:35,09:19,13,13,44,No,3,Cognitive symptoms,Consultation,1224.31,,,Under review,,No,Specialist referral
ENC-0510450,2025-11-21,Central Medical Pavilion,Neurology,Follow-up,0,Medicaid,English,15:29,15:14,15:46,16:20,19,32,34,No,3,Neuropathy,EEG,858.99,,,Pending,,No,Specialist referral
ENC-0510451,2025-12-23,Lakeside Clinic,Primary Care,Procedure,56,Medicaid,English,16:20,16:31,17:03,17:33,41,32,30,No,3,Respiratory infection,Office visit,536.08,257.32,20.59,Paid,4,No,Community outreach
ENC-0510452,2025-04-06,North Campus,Orthopedics,Follow-up,35,Self-pay,English,12:00,12:15,12:21,13:07,11,6,46,No,5,Joint pain,X-ray,504.53,418.76,376.88,Paid,,No,Primary care referral
ENC-0510453,2025-11-22,North Campus,Cardiology,New patient,60,Commercial,English,10:19,10:56,11:30,11:55,34,34,25,No,4,Coronary disease,ECG,894.77,608.44,127.77,Paid,5,No,Primary care referral
ENC-0510454,2025-03-19,West Community Hospital,Emergency,Emergency,38,Medicare,Spanish,03:17,03:25,04:07,06:14,0,42,127,No,3,Chest pain,Evaluation and management,2683.66,1449.18,115.93,Paid,4,No,Self referral
ENC-0510455,2025-03-07,Lakeside Clinic,Primary Care,Follow-up,31,Self-pay,English,11:38,11:48,11:48,12:06,8,0,18,No,5,Preventive care,Screening,386.34,320.66,288.59,Paid,5,No,Self referral
ENC-0510456,2025-01-07,Central Medical Pavilion,Primary Care,New patient,75,Medicaid,Arabic,09:28,09:38,10:26,11:01,11,48,35,No,5,Preventive care,Screening,227.14,,,Pending,,Yes,Specialist referral
ENC-0510457,2025-06-06,Lakeside Clinic,Orthopedics,Follow-up,44,Medicaid,English,11:09,11:16,11:59,12:26,4,43,27,No,4,Fracture follow-up,Injection,581.87,279.3,22.34,Paid,,No,Primary care referral
ENC-0510458,2025-12-17,Central Medical Pavilion,Cardiology,Telehealth,63,Medicare,English,16:53,17:05,17:30,18:43,31,25,73,No,3,Coronary disease,ECG,728.25,,,Pending,,No,Self referral
ENC-0510459,2025-03-23,Central Medical Pavilion,Orthopedics,Procedure,73,Commercial,English,09:47,09:35,09:40,10:25,11,5,45,No,4,Spine disorder,Injection,993.34,675.47,141.85,Paid,,No,Primary care referral
ENC-0510460,2025-03-17,Lakeside Clinic,Primary Care,Follow-up,96,Medicare,English,08:20,08:30,09:03,09:20,4,33,17,No,5,Diabetes,Office visit,252.05,136.11,10.89,Paid,3,No,Emergency transfer
ENC-0510461,2025-05-16,West Community Hospital,Oncology,Telehealth,8,Commercial,English,15:40,15:58,16:11,17:21,21,13,70,No,4,Solid tumor,Laboratory monitoring,1964.18,1335.64,280.48,Paid,,No,Primary care referral
ENC-0510462,2025-09-14,West Community Hospital,Cardiology,Follow-up,52,Commercial,English,10:15,10:24,10:45,11:17,23,21,32,No,4,Heart failure,ECG,626.17,,,Pending,,No,Specialist referral
ENC-0510463,2025-12-25,Lakeside Clinic,Primary Care,Procedure,79,Commercial,English,15:08,15:00,15:00,15:41,9,0,41,No,3,Preventive care,Vaccination,597.28,406.15,85.29,Paid,,No,Primary care referral
ENC-0510464,2025-05-17,Lakeside Clinic,Orthopedics,Telehealth,28,Self-pay,English,14:51,15:01,15:31,16:11,0,30,40,No,4,Fracture follow-up,X-ray,866.42,719.13,647.22,Paid,,No,Self referral
ENC-0510465,2025-05-10,North Campus,Cardiology,New patient,96,Medicare,English,08:33,08:42,09:03,10:01,41,21,58,No,3,Arrhythmia,ECG,1022.32,,,Under review,,No,Self referral
ENC-0510466,2025-01-11,Central Medical Pavilion,Imaging,Follow-up,64,Medicaid,English,12:19,,,,35,,,Yes,5,NOT_RECORDED,NOT_PERFORMED,0,,,Not submitted,,NOT_APPLICABLE,Primary care referral
ENC-0510467,2025-02-04,Central Medical Pavilion,Imaging,Follow-up,80,Medicare,Arabic,07:59,08:03,08:23,08:47,10,20,24,No,5,Cancer surveillance,CT,597.84,322.83,25.83,Paid,5,No,Primary care referral
ENC-0510468,2025-06-19,Lakeside Clinic,Neurology,Procedure,51,Commercial,English,07:53,08:06,08:28,09:20,24,22,52,No,5,Seizure disorder,EEG,1909.29,1298.32,272.65,Paid,5,No,Primary care referral
ENC-0510469,2025-03-26,Central Medical Pavilion,Orthopedics,Follow-up,29,Commercial,English,10:51,10:49,11:14,11:49,8,25,35,No,3,Sports injury,Injection,765.31,520.41,109.29,Paid,,No,Community outreach
ENC-0510470,2025-08-07,North Campus,Imaging,Follow-up,49,Medicaid,Spanish,07:57,08:04,08:32,09:32,20,28,60,No,5,Musculoskeletal imaging,X-ray,691.25,331.8,26.54,Paid,,No,Community outreach
ENC-0510471,2025-06-04,West Community Hospital,Imaging,Follow-up,30,Medicaid,Arabic,08:48,08:55,09:24,09:47,13,29,23,No,4,Diagnostic imaging,CT,499.84,239.92,19.19,Paid,,No,Self referral
ENC-0510472,2025-11-18,West Community Hospital,Cardiology,Follow-up,65,Commercial,English,07:36,08:00,08:00,08:54,18,0,54,No,3,Hypertension,Echocardiogram,1071.53,728.64,153.01,Paid,5,No,Primary care referral
ENC-0510473,2025-11-15,Central Medical Pavilion,Orthopedics,Follow-up,83,Medicare,English,12:38,12:39,13:02,13:38,8,23,36,No,4,Spine disorder,Consultation,497.5,268.65,21.49,Paid,,No,Self referral
ENC-0510474,2025-07-21,Central Medical Pavilion,Primary Care,Follow-up,66,Medicare,French,11:51,12:02,12:24,12:58,16,22,34,No,4,Preventive care,Vaccination,268.15,144.8,11.58,Paid,,No,
ENC-0510475,2025-03-23,West Community Hospital,Imaging,Telehealth,46,Medicaid,Spanish,11:35,11:45,12:28,13:07,21,43,39,No,3,Diagnostic imaging,CT,490.41,235.4,18.83,Paid,3,No,Emergency transfer
ENC-0510476,2025-11-08,West Community Hospital,Emergency,Emergency,31,Medicaid,English,05:52,05:51,06:37,08:39,0,46,122,No,3,Chest pain,Evaluation and management,3660.89,1757.23,140.58,Paid,,No,Primary care referral
ENC-0510477,2025-07-13,Lakeside Clinic,Imaging,Follow-up,28,Commercial,English,15:32,15:31,15:56,16:55,16,25,59,No,5,Cancer surveillance,X-ray,622.59,,,Under review,,No,Self referral
ENC-0510478,2025-04-10,Central Medical Pavilion,Orthopedics,New patient,33,Commercial,English,16:16,16:32,16:52,17:35,31,20,43,No,4,Joint pain,X-ray,663.75,451.35,94.78,Paid,,No,Primary care referral
ENC-0510479,2025-10-26,North Campus,Primary Care,Procedure,49,Commercial,Spanish,10:24,10:36,10:38,11:03,24,2,25,No,4,Diabetes,Vaccination,642.47,436.88,91.74,Paid,4,No,Specialist referral
ENC-0510480,2025-01-17,West Community Hospital,Imaging,Follow-up,50,Commercial,English,12:10,12:20,12:52,13:18,36,32,26,No,4,Diagnostic imaging,X-ray,589.09,,,Pending,3,No,Primary care referral
ENC-0510481,2025-07-11,Central Medical Pavilion,Emergency,Emergency,96,Medicare,English,20:48,20:34,21:29,23:43,0,55,134,No,4,Neurologic symptoms,Laboratory panel,3872.77,,167.3,Paid,4,No,Emergency transfer
ENC-0510482,2025-02-22,Lakeside Clinic,Emergency,Emergency,25,Commercial,English,15:18,15:36,16:15,18:23,0,39,128,No,3,Chest pain,Minor procedure,3617.76,2460.08,516.62,Paid,,No,Community outreach
ENC-0510483,2025-03-06,North Campus,Orthopedics,Telehealth,31,Commercial,Other,07:34,07:40,08:16,08:26,13,36,10,No,3,Sports injury,Injection,847.82,576.52,121.07,Paid,5,No,Primary care referral
ENC-0510484,2025-01-31,Lakeside Clinic,Primary Care,Follow-up,33,Commercial,Spanish,16:28,16:33,17:14,17:49,22,41,35,No,5,Preventive care,Office visit,328.89,,,Under review,4,No,Self referral
ENC-0510485,2025-01-27,West Community Hospital,Oncology,Follow-up,51,Medicaid,English,10:55,10:52,11:47,13:09,0,55,82,No,3,Hematologic malignancy,Laboratory monitoring,1554.32,0,0,Denied,3,No,Emergency transfer
ENC-0510486,2025-10-13,West Community Hospital,Primary Care,New patient,50,Commercial,English,09:54,09:43,10:13,10:45,6,30,32,No,4,Respiratory infection,Office visit,218.18,148.36,31.16,Paid,,No,Self referral
ENC-0510487,2025-07-30,Lakeside Clinic,Emergency,Emergency,47,Self Pay,English,07:16,07:19,07:38,09:52,0,19,134,No,3,Abdominal pain,Minor procedure,2213.7,,,Under review,,Yes,Emergency transfer
ENC-0510488,2025-08-19,Central Medical Pavilion,Orthopedics,New patient,48,Workers compensation,English,15:45,,,,35,,,Yes,5,NOT_RECORDED,NOT_PERFORMED,0,,,Not submitted,,NOT_APPLICABLE,Employer program
ENC-0510489,2025-09-26,West Community Hospital,Cardiology,Procedure,96,Medicare,Mandarin,13:24,13:28,13:33,14:14,0,5,41,No,3,Heart failure,Consultation,1459.34,0,0,Denied,4,No,Emergency transfer
ENC-0510490,2025-11-04,Central Medical Pavilion,Orthopedics,Telehealth,28,Self-pay,English,16:26,,,,33,,,Yes,3,NOT_RECORDED,NOT_PERFORMED,0,,,Not submitted,,NOT_APPLICABLE,Specialist referral
ENC-0510491,2025-04-06,Central Medical Pavilion,Oncology,New patient,0,Self-pay,English,10:40,,,,16,,,Yes,4,NOT_RECORDED,NOT_PERFORMED,0,,,Not submitted,,NOT_APPLICABLE,Specialist referral
ENC-0510492,2025-06-29,Central Medical Pavilion,Orthopedics,Procedure,15,Workers compensation,English,16:22,,,,10,,,Yes,5,NOT_RECORDED,NOT_PERFORMED,0,,,Not submitted,,NOT_APPLICABLE,Self referral
ENC-0510493,2025-04-22,North Campus,Cardiology,Follow-up,74,Commercial,English,13:56,14:08,15:02,15:53,13,54,51,No,3,Arrhythmia,Echocardiogram,768.69,522.71,109.77,Paid,,No,Self referral
ENC-0510494,2025-01-28,Lakeside Clinic,Imaging,Follow-up,43,Commercial,Arabic,13:36,13:25,13:29,14:01,22,4,32,No,5,Diagnostic imaging,CT,627.56,426.74,89.62,Paid,4,No,Primary care referral
ENC-0510495,2025-04-08,Central Medical Pavilion,Oncology,Telehealth,53,Commercial,English,15:28,15:11,15:47,16:34,11,36,47,No,3,Hematologic malignancy,Infusion,1551.31,,,Under review,,No,Self referral
ENC-0510496,2025-09-05,West Community Hospital,Neurology,Telehealth,44,Commercial,English,11:46,12:08,12:42,13:30,13,34,48,No,4,Seizure disorder,Consultation,1202.72,817.85,171.75,Paid,,No,Self referral
ENC-0510497,03/08/2025,Lakeside Clinic,Imaging,New patient,33,Commercial,English,13:17,13:05,13:45,14:20,5,40,35,No,3,Musculoskeletal imaging,MRI,526.15,357.78,75.13,Paid,4,No,Emergency transfer
ENC-0510498,2025-06-06,Lakeside Clinic,Primary Care,New patient,57,Medicaid,French,08:24,08:28,08:37,08:57,19,9,20,No,3,Hypertension,Screening,306.39,147.07,11.77,Paid,,No,Self referral
ENC-0510499,2025-02-28,North Campus,Orthopedics,Follow-up,70,Medicare,English,13:28,13:50,14:09,14:56,18,19,47,No,3,Joint pain,Consultation,478.49,,,Under review,,No,Primary care referral
ENC-0510500,2025-11-16,Central Medical Pavilion,Cardiology,New patient,29,Medicaid,Other,12:31,12:30,13:12,14:06,27,42,54,No,3,Heart failure,Echocardiogram,1061.89,,,Pending,,No,Primary care referral
ENC-0510501,2025-09-13,North Campus,Imaging,Follow-up,56,Commercial,English,10:56,11:08,11:17,11:43,37,9,26,No,4,Cancer surveillance,Ultrasound,664.41,451.8,94.88,Paid,,No,Employer program
ENC-0510502,2025-07-21,Central Medical Pavilion,ER,Emergency,71,Medicare,English,02:03,02:05,02:58,05:55,0,53,177,No,3,Abdominal pain,Evaluation and management,3269.7,1765.64,141.25,Paid,4,No,Emergency transfer
ENC-0510503,2025-05-07,Central Medical Pavilion,Primary Care,New patient,67,Medicare,English,15:06,15:12,15:17,15:46,14,5,29,No,3,Hypertension,Vaccination,344.18,185.86,14.87,Paid,,No,Primary care referral
ENC-0510504,2025-05-17,Central Medical Pavilion,Imaging,Follow-up,93,Medicare,Other,14:50,14:57,15:30,15:56,7,33,26,No,3,Diagnostic imaging,X-ray,497.63,268.72,21.5,Paid,3,No,Self referral
ENC-0510505,2025-01-31,West Community Hospital,Neurology,New patient,39,Medicaid,English,09:59,10:06,10:37,11:38,44,31,61,No,4,Cognitive symptoms,Nerve study,1019.21,,,Pending,3,No,Primary care referral
ENC-0510506,2025-09-29,CENTRAL MEDICAL PAVILION,Cardiology,Procedure,75,Medicaid,English,10:57,11:04,11:11,11:54,30,7,43,No,4,Heart failure,Echocardiogram,1605.3,0,0,Denied,5,No,Self referral
ENC-0510507,2025-03-28,West Community Hospital,Primary Care,Follow-up,65,Self-pay,English,09:52,09:51,09:51,10:29,29,0,38,No,4,Hypertension,Vaccination,215.98,179.26,161.33,Paid,,No,Community outreach
ENC-0510508,2025-07-17,Lakeside Clinic,Primary Care,Follow-up,83,Medicare,English,09:20,09:30,09:30,10:02,12,0,930,No,4,Preventive care,Office visit,273.54,0,0,Denied,5,No,Emergency transfer
ENC-0510509,2025-05-08,West Community Hospital,Primary Care,New patient,48,Medicare,English,10:21,10:22,10:32,10:52,2,10,20,No,4,Diabetes,Vaccination,242.87,0,0,Denied,,No,Specialist referral
ENC-0510510,2025-08-06,West Community Hospital,Imaging,Follow-up,80,Medicare,English,12:00,11:59,12:25,13:06,14,26,41,No,3,Cancer surveillance,X-ray,513.11,277.08,22.17,Paid,,No,Self referral
ENC-0510511,2025-01-13,Central Medical Pavilion,Oncology,New patient,69,Medicare,English,10:14,10:36,11:19,12:34,24,43,75,No,3,Therapy follow-up,Infusion,1884.03,,,Pending,,No,Emergency transfer
ENC-0510512,2025-10-24,Central Medical Pavilion,Cardiology,Telehealth,41,Medicaid,Spanish,10:24,10:30,10:30,11:33,38,0,63,No,5,Coronary disease,ECG,810.42,389,31.12,Paid,,No,Primary care referral
ENC-0510513,2025-05-09,West Community Hospital,Cardiology,Follow-up,51,Commercial,English,14:37,14:30,14:45,15:18,29,15,33,No,3,Hypertension,ECG,789.52,536.87,112.74,Paid,,No,Primary care referral
ENC-0510514,2025-11-05,North Campus,Primary Care,Follow-up,11,Commercial,English,12:55,13:00,13:03,13:38,0,3,35,No,5,Hypertension,Office visit,263.66,179.29,37.65,Paid,5,No,Primary care referral
ENC-0510515,2025-04-02,Central Medical Pavilion,Primary Care,Follow-up,36,Commercial,English,14:16,14:35,15:09,15:36,1,34,27,No,5,Respiratory infection,Vaccination,328.22,223.19,46.87,Paid,5,No,Self referral
ENC-0510516,2025-06-23,North Campus,Emergency,Emergency,56,Commercial,English,12:46,12:53,14:00,15:50,0,67,110,No,4,Neurologic symptoms,Minor procedure,3791.42,2578.17,541.42,Paid,4,No,Primary care referral
ENC-0510517,2025-12-21,North Campus,Imaging,Telehealth,45,Workers compensation,English,13:53,13:47,14:34,15:05,29,47,31,No,5,Cancer surveillance,CT,616.78,437.91,35.03,Paid,4,No,Emergency transfer
ENC-0510518,2025-01-31,North Campus,Orthopedics,New patient,81,Commercial,English,13:27,13:28,14:03,14:50,30,35,47,No,3,Joint pain,X-ray,707.65,481.2,101.05,Paid,,No,Primary care referral
ENC-0510519,2025-07-23,Central Medical Pavilion,Primary Care,Follow-up,57,Commercial,Spanish,16:52,17:01,17:40,18:05,24,39,25,No,5,Diabetes,Office visit,233.73,,,Under review,,No,Employer program
ENC-0510520,2025-01-22,West Community Hospital,Cardiology,Follow-up,64,Medicare,English,11:21,11:25,11:42,12:22,1,17,40,No,5,Arrhythmia,Consultation,1071.26,,,Under review,4,No,Self referral
ENC-0510521,2025-04-10,North Campus,Primary Care,Follow-up,55,Workers compensation,English,09:19,,,,16,,,Yes,4,NOT_RECORDED,NOT_PERFORMED,0,,,Not submitted,,NOT_APPLICABLE,
ENC-0510522,2025-07-06,North Campus,Neurology,Follow-up,40,Medicaid,English,09:27,09:29,09:55,10:42,35,26,47,No,5,Seizure disorder,EEG,1022.3,490.7,39.26,Paid,5,No,Primary care referral
ENC-0510523,2025-08-06,Lakeside Clinic,Neurology,Telehealth,0,Commercial,English,13:48,13:53,14:21,15:09,9,28,48,No,5,Cognitive symptoms,Nerve study,973.6,662.05,139.03,Paid,,No,Primary care referral
ENC-0510524,2025-04-23,West Community Hospital,Oncology,Procedure,37,Self-pay,English,15:55,16:02,16:26,17:47,28,24,81,No,5,Solid tumor,Consultation,2804.84,2328.02,2095.22,Paid,4,No,Self referral
ENC-0510525,2025-10-03,Central Medical Pavilion,Oncology,New patient,37,Commercial,English,10:44,11:03,11:08,12:12,23,5,64,No,4,Therapy follow-up,Laboratory monitoring,1577.79,1072.9,225.31,Paid,,No,Employer program
ENC-0510526,2025-10-27,West Community Hospital,Primary Care,New patient,60,Commercial,French,13:29,13:35,14:15,14:34,0,40,19,No,4,Hypertension,Office visit,299.42,203.61,42.76,Paid,,No,Specialist referral
ENC-0510527,2025-05-03,North Campus,Orthopedics,Follow-up,41,Commercial,English,16:31,16:42,17:09,17:48,0,27,39,No,4,Joint pain,X-ray,510.23,,,Pending,5,No,Community outreach
ENC-0510528,2025-10-17,Central Medical Pavilion,Emergency,Emergency,72,Medicare,English,10:57,11:00,12:31,14:29,0,91,118,No,3,Neurologic symptoms,Laboratory panel,3501.11,1890.6,151.25,Paid,,No,Primary care referral
ENC-0510529,2025-08-24,Central Medical Pavilion,Orthopedics,Procedure,33,Commercial,English,12:54,12:57,13:18,14:02,41,21,44,No,4,Spine disorder,Consultation,870.16,591.71,124.26,Paid,,No,Specialist referral
ENC-0510530,2025-11-05,Central Medical Pavilion,Primary Care,New patient,54,Commercial,English,14:43,,,,9,,,Yes,5,NOT_RECORDED,NOT_PERFORMED,0,,,Not submitted,,NOT_APPLICABLE,Community outreach
ENC-0510531,2025-05-01,Central Medical Pavilion,Oncology,Follow-up,85,Medicare,Spanish,08:00,08:02,08:33,09:36,31,31,63,No,4,Hematologic malignancy,Consultation,1485.14,801.98,64.16,Paid,,No,Emergency transfer
ENC-0510532,2025-03-03,West Community Hospital,Oncology,Follow-up,81,Medicare,English,13:43,,,,8,,,Yes,4,NOT_RECORDED,NOT_PERFORMED,0,,,Not submitted,,NOT_APPLICABLE,Self referral
ENC-0510533,2025-01-15,North Campus,Emergency,Emergency,72,Commercial,English,09:10,09:28,11:01,12:50,0,,109,No,3,Abdominal pain,Laboratory panel,3154.19,2144.85,450.42,Paid,,No,Emergency transfer
ENC-0510534,2025-06-27,Central Medical Pavilion,Emergency,Emergency,70,Medicare,English,04:09,04:17,06:41,08:29,0,,108,No,4,Neurologic symptoms,Laboratory panel,2859.39,1544.07,123.53,Paid,1,No,Self referral
ENC-0510535,2025-06-07,Central Medical Pavilion,Primary Care,Follow-up,83,Medicare,English,10:30,10:41,10:41,11:18,25,0,37,No,4,Hypertension,Screening,304.93,164.66,13.17,Paid,,No,Specialist referral
ENC-0510536,2025-06-10,West Community Hospital,Primary Care,Follow-up,56,Workers compensation,English,09:15,09:15,09:43,10:20,30,28,37,No,5,Hypertension,Office visit,341.79,242.67,19.41,Paid,,No,Self referral
ENC-0510537,2025-07-17,North Campus,Emergency,Emergency,30,Commercial,Mandarin,07:37,07:57,09:34,11:25,0,,111,No,4,Abdominal pain,Minor procedure,3438.83,2338.4,491.06,Paid,2,Yes,Community outreach
ENC-0510538,2025-01-12,Lakeside Clinic,Orthopedics,Follow-up,62,Medicare,English,14:39,14:36,15:11,15:21,15,35,10,No,3,Joint pain,Consultation,813.05,439.05,35.12,Paid,,Yes,Self referral
ENC-0510539,2025-03-21,North Campus,Imaging,Procedure,40,Commercial,English,14:49,14:51,15:28,16:06,38,37,38,No,5,Cancer surveillance,MRI,1194.54,0,0,Denied,4,No,Employer program
ENC-0510540,2025-12-13,North Campus,Emergency,Emergency,69,Medicare,English,09:30,09:28,10:35,12:42,0,67,127,No,3,Neurologic symptoms,Laboratory panel,3477.18,1877.68,150.21,Paid,3,No,Employer program
ENC-0510541,2025-01-10,Central Medical Pavilion,Emergency,Emergency,66,Medicare,English,07:22,07:38,08:49,11:54,0,71,185,No,4,Abdominal pain,Minor procedure,2580.77,1393.62,111.49,Paid,,No,Self referral
ENC-0510542,2025-02-21,North Campus,Imaging,New patient,45,Medicare,Spanish,10:36,10:46,11:12,11:54,17,26,42,No,3,Diagnostic imaging,CT,512.42,,,Under review,,No,Specialist referral
ENC-0510543,2025-06-30,Central Medical Pavilion,Emergency,Emergency,21,Commercial,Mandarin,09:26,09:24,09:56,12:03,0,32,127,No,4,Respiratory symptoms,Minor procedure,2591.48,1762.21,370.06,Paid,,No,Specialist referral
ENC-0510544,2025-09-03,Central Medical Pavilion,Oncology,Follow-up,37,Commercial,English,12:28,12:25,12:46,14:12,35,21,86,No,2,Therapy follow-up,Infusion,2155.72,1465.89,307.84,Paid,,No,Specialist referral
ENC-0510545,2025-01-10,North Campus,Orthopedics,Procedure,26,Commercial,English,13:11,13:30,14:09,15:01,26,39,52,No,4,Spine disorder,Injection,1085.47,738.12,155.01,Paid,,No,Self referral
ENC-0510546,2025-10-26,North Campus,Cardiology,Follow-up,52,Commercial,English,12:53,12:45,13:19,13:53,18,34,34,No,4,Coronary disease,ECG,824.55,560.69,117.74,Paid,,No,Primary care referral
ENC-0510547,2025-03-06,Central Medical Pavilion,Imaging,Follow-up,93,Medicare,English,16:42,16:51,17:30,18:14,32,39,44,No,4,Musculoskeletal imaging,CT,698.24,377.05,30.16,Paid,,No,Primary care referral
ENC-0510548,2025-04-04,North Campus,Oncology,New patient,24,Workers compensation,English,14:22,14:23,15:06,16:16,9,43,70,No,4,Solid tumor,Laboratory monitoring,1744.97,1238.93,99.11,Paid,,No,Employer program
ENC-0510549,2025-05-31,West Community Hospital,Oncology,Follow-up,16,Medicaid,English,15:50,16:07,16:20,17:22,25,13,62,No,4,Therapy follow-up,Laboratory monitoring,2018.94,969.09,77.53,Paid,,No,Specialist referral
ENC-0510550,2025-02-20,Central Medical Pavilion,Emergency,Emergency,36,Commercial,English,23:43,23:40,01:47,03:56,0,,129,No,3,Neurologic symptoms,Laboratory panel,2965.34,0,0,Denied,2,No,Primary care referral
ENC-0510551,2025-12-23,North Campus,Orthopedics,Telehealth,91,Medicare,Other,08:03,08:02,08:26,09:27,23,24,61,No,4,Spine disorder,Consultation,668.77,,,Pending,,No,Specialist referral
ENC-0510551,2025-05-30,Lakeside Clinic,Emergency,Emergency,78,Medicare,English,20:31,20:43,21:24,23:14,0,41,110,No,3,Neurologic symptoms,Laboratory panel,3629.07,1959.7,156.78,Paid,,Yes,Self referral
ENC-0510553,2025-11-02,Lakeside Clinic,Neurology,Follow-up,71,Medicare,English,08:52,08:49,09:16,10:05,17,27,49,No,4,Neuropathy,EEG,1273.63,687.76,55.02,Paid,4,No,Specialist referral
ENC-0510554,2025-07-20,Lakeside Clinic,Emergency,Emergency,34,Commercial,English,15:56,16:04,16:04,18:23,0,0,139,No,3,Neurologic symptoms,Laboratory panel,3912.84,,558.75,Paid,,No,Primary care referral
ENC-0510555,2025-04-10,West Community Hospital,Primary Care,Follow-up,73,Medicare,English,15:53,15:55,15:59,16:29,12,4,30,No,4,Preventive care,Screening,349.88,188.94,15.12,Paid,5,No,Community outreach
ENC-0510556,2025-10-26,Lakeside Clinic,Neurology,New patient,54,Medicare,English,08:15,08:13,08:25,09:08,35,12,43,No,3,Neuropathy,Nerve study,709.21,,,Pending,,No,Specialist referral
ENC-0510557,2025-06-09,North Campus,Primary Care,New patient,87,Medicare,English,16:57,09:30,16:59,08:10,33,10,26,No,5,Preventive care,Vaccination,223.45,120.66,9.65,Paid,,No,Self referral
ENC-0510558,2025-08-14,Lakeside Clinic,Orthopedics,Procedure,35,Workers compensation,English,13:56,13:54,14:57,15:28,0,63,31,No,3,Spine disorder,Consultation,1379.92,979.74,78.38,Paid,,No,Self referral
ENC-0510559,2025-08-09,Lakeside Clinic,Primary Care,New patient,87,Medicare,English,07:53,07:35,07:55,08:22,22,20,27,No,4,Diabetes,Vaccination,241.27,130.29,10.42,Paid,5,No,Employer program
ENC-0510560,2025-07-25,Lakeside Clinic,Imaging,Procedure,48,Commercial,English,13:41,13:55,13:55,14:39,29,0,44,No,4,Diagnostic imaging,CT,1000.32,680.22,142.85,Paid,,No,Primary care referral
ENC-0510561,2025-07-15,Lakeside Clinic,Neurology,New patient,72,Commercial,Arabic,11:39,11:35,12:04,12:47,26,29,43,No,3,Migraine,Nerve study,876.06,595.72,125.1,Paid,4,No,Self referral
ENC-0510562,2025-02-07,Central Medical Pavilion,Oncology,Procedure,70,Medicaid,English,14:26,14:36,15:04,16:52,7,28,108,No,3,Therapy follow-up,Consultation,3677.48,1765.19,141.22,Paid,,No,Primary care referral
ENC-0510563,2025-11-17,West Community Hospital,Oncology,Follow-up,50,Commercial,English,10:30,10:31,11:05,12:32,28,34,87,No,4,Solid tumor,Infusion,1914.3,1301.72,273.36,Paid,,No,Employer program
ENC-0510564,2025-06-16,North Campus,Cardiology,Follow-up,7,Workers compensation,English,12:20,,,,24,,,Yes,5,NOT_RECORDED,NOT_PERFORMED,0,,,Not submitted,,NOT_APPLICABLE,Self referral
ENC-0510565,2025-05-24,West Community Hospital,Emergency,Emergency,66,Commercial,Other,05:57,06:06,07:32,10:05,0,86,153,No,5,Respiratory symptoms,Minor procedure,3903.32,,557.39,Paid,2,No,Primary care referral
ENC-0510566,2025-02-27,North Campus,Neurology,Procedure,46,COMM,English,09:10,,,,12,,,Yes,3,NOT_RECORDED,NOT_PERFORMED,0,,,Not submitted,,NOT_APPLICABLE,Emergency transfer
ENC-0510567,2025-11-14,Lakeside Clinic,Emergency,Emergency,68,Commercial,English,18:20,18:21,19:41,21:44,0,80,123,No,3,Abdominal pain,Evaluation and management,3337.88,2269.76,476.65,Paid,4,No,Primary care referral
ENC-0510568,2025-11-28,Central Medical Pavilion,Orthopedics,Follow-up,55,Commercial,English,12:13,12:27,12:32,13:31,23,5,59,No,4,Joint pain,Consultation,826.64,562.12,118.05,Paid,,No,
ENC-0510569,2025-03-29,North Campus,Cardiology,New patient,43,Commercial,English,15:41,15:39,15:59,16:45,22,20,46,No,5,Heart failure,ECG,592.45,,,Under review,,No,Primary care referral
ENC-0510570,2025-02-12,Central Medical Pavilion,Emergency,Emergency,56,Commercial,English,14:19,14:22,14:50,17:00,0,28,130,No,3,Chest pain,Minor procedure,3905.12,,,Pending,4,No,Self referral
ENC-0510571,2025-06-28,North Campus,Cardiology,Follow-up,44,Commercial,English,10:25,10:23,10:50,11:53,0,27,63,No,3,Coronary disease,ECG,981.89,0,0,Denied,5,Yes,Self referral
ENC-0510572,2025-04-08,North Campus,Oncology,New patient,78,Medicaid,English,09:08,09:06,09:40,10:55,12,34,75,No,5,Hematologic malignancy,Consultation,2123.49,0,0,Denied,4,No,Specialist referral
ENC-0510573,2025-07-30,North Campus,primary care,New patient,80,Commercial,English,16:01,16:13,16:13,16:41,30,0,28,No,4,Diabetes,Vaccination,298.76,203.16,42.66,Paid,4,No,Self referral
ENC-0510574,2025-09-18,Central Medical Pavilion,Cardiology,New patient,40,Commercial,English,10:41,10:42,10:52,11:47,20,10,55,No,4,Arrhythmia,Echocardiogram,614.77,418.04,87.79,Paid,4,No,Self referral
ENC-0510575,2025-01-08,Lakeside Clinic,Primary Care,Follow-up,36,Commercial,Mandarin,12:00,12:07,12:36,13:02,13,29,26,No,5,Diabetes,Screening,305.7,207.88,43.65,Paid,4,No,Self referral
ENC-0510576,2025-11-03,Lakeside Clinic,Emergency,Emergency,59,Medicare,English,23:07,23:12,00:52,02:14,0,,82,No,3,Chest pain,Minor procedure,3932.36,,169.88,Paid,3,No,Self referral
ENC-0510577,2025-11-21,North Campus,Primary Care,Procedure,56,Commercial,English,08:59,09:11,09:24,10:02,27,13,38,No,5,Hypertension,Office visit,461.23,0,0,Denied,5,No,Self referral
ENC-0510578,2025-09-23,Central Medical Pavilion,Emergency,Emergency,62,Workers compensation,Spanish,02:55,02:41,04:04,06:40,0,83,156,No,4,Respiratory symptoms,Minor procedure,2463.25,1748.91,139.91,Paid,4,No,Self referral
ENC-0510579,2025-11-30,Central Medical Pavilion,Neurology,New patient,57,Commercial,English,12:55,12:56,13:24,14:06,17,28,42,No,4,Seizure disorder,Consultation,717.23,487.72,102.42,Paid,,No,Employer program
ENC-0510580,2025-02-11,West Community Hospital,Imaging,New patient,44,Commercial,Other,10:38,10:33,10:49,11:27,30,16,38,No,5,Musculoskeletal imaging,Ultrasound,692.81,,,Under review,,No,Specialist referral
ENC-0510581,2025-09-09,North Campus,Primary Care,Follow-up,11,Medicaid,English,10:02,10:23,10:51,11:23,7,28,32,No,5,Diabetes,Screening,313.97,150.71,12.06,Paid,4,No,Specialist referral
ENC-0510582,2025-10-04,North Campus,Primary Care,New patient,63,Commercial,English,11:14,11:13,12:02,12:27,35,49,25,No,4,Respiratory infection,Screening,357.28,,,Under review,4,No,Employer program
ENC-0510583,2025-06-25,Lakeside Clinic,Primary Care,Follow-up,66,Medicaid,English,07:53,08:01,08:13,08:49,9,12,36,No,4,Hypertension,Office visit,232.65,111.67,8.93,Paid,,No,Primary care referral
ENC-0510584,2025-12-28,North Campus,Emergency,Emergency,48,Workers compensation,Spanish,00:08,-1:-2,00:40,02:54,0,42,134,No,5,Respiratory symptoms,Laboratory panel,3291.05,0,0,Denied,,No,Self referral
ENC-0510585,2025-12-08,Lakeside Clinic,Primary Care,Procedure,79,Medicare,Other,08:47,08:46,09:05,09:33,0,19,28,No,5,Hypertension,Office visit,395.78,213.72,17.1,Paid,,No,Specialist referral
ENC-0510586,2025-09-03,Lakeside Clinic,Imaging,New patient,50,Commercial,English,12:04,12:01,12:05,12:40,23,4,35,No,3,Diagnostic imaging,CT,432.28,0,0,Denied,5,No,Self referral
ENC-0510587,2025-09-16,Lakeside Clinic,Oncology,New patient,69,Medicare,English,10:06,10:03,10:03,11:04,24,0,61,No,3,Hematologic malignancy,Consultation,2292.71,1238.06,99.04,Paid,,No,Primary care referral
ENC-0510588,2025-07-28,Lakeside Clinic,Oncology,Procedure,33,Commercial,Spanish,10:28,10:31,10:55,11:58,0,24,63,No,3,Solid tumor,Consultation,2493.93,1695.87,356.13,Paid,4,No,Employer program
ENC-0510589,2025-01-01,WEST COMMUNITY HOSPITAL,Cardiology,Follow-up,63,Medicare,English,12:11,12:07,12:16,13:00,24,9,44,No,4,Arrhythmia,Echocardiogram,904.23,488.28,39.06,Paid,,No,Primary care referral
ENC-0510590,2025-01-21,North Campus,Emergency,Emergency,72,Commercial,English,16:06,16:07,16:44,19:12,0,37,148,No,3,Abdominal pain,Minor procedure,3287.96,2235.81,469.52,Paid,,Yes,Primary care referral
ENC-0510591,2025-02-23,Lakeside Clinic,Imaging,Follow-up,74,Medicare,English,12:36,12:35,12:58,13:36,16,23,38,No,4,Musculoskeletal imaging,X-ray,680.82,,,Pending,,No,Primary care referral
ENC-0510592,2025-04-17,West Community Hospital,Emergency,Emergency,55,Workers compensation,English,13:31,13:46,14:41,16:35,0,55,114,No,1,Chest pain,Minor procedure,2490.33,,,Under review,3,No,Primary care referral
ENC-0510593,2025-06-27,West Community Hospital,Imaging,New patient,11,Commercial,English,13:25,13:20,14:00,14:59,,40,59,No,5,Musculoskeletal imaging,MRI,638.46,434.15,91.17,Paid,,No,Self referral
ENC-0510594,12/11/2025,North Campus,Neurology,New patient,38,Commercial,English,08:35,08:20,08:38,09:42,2,18,64,No,3,Cognitive symptoms,Nerve study,1102.3,749.56,157.41,Paid,5,No,Primary care referral
ENC-0510595,2025-06-01,West Community Hospital,Primary Care,Telehealth,44,Medicaid,Other,07:51,08:03,08:15,08:35,5,12,20,No,5,Hypertension,Screening,243.46,,,Under review,,No,Specialist referral
ENC-0510596,2025-02-15,West Community Hospital,Imaging,New patient,32,Commercial,English,14:37,14:52,15:23,15:52,10,31,29,No,5,Diagnostic imaging,X-ray,630.46,428.71,90.03,Paid,,No,Community outreach
ENC-0510597,2025-09-26,Central Medical Pavilion,Primary Care,Follow-up,90,Medicare,English,12:29,12:29,12:29,13:10,21,0,41,No,5,Preventive care,Vaccination,363.02,196.03,15.68,Paid,,No,Specialist referral
ENC-0510598,2025-05-13,North Campus,Imaging,Follow-up,91,Medicare,English,12:14,12:22,12:25,13:07,5,3,42,No,5,Musculoskeletal imaging,CT,525.46,283.75,22.7,Paid,,No,Specialist referral
ENC-0510599,2025-04-25,Central Medical Pavilion,Neurology,Procedure,41,Medicare,English,12:19,12:15,12:38,13:29,34,23,51,No,3,Seizure disorder,Consultation,1294.84,699.21,55.94,Paid,,No,Primary care referral
ENC-0510600,2025-03-27,West Community Hospital,Imaging,New patient,43,Medicaid,English,08:36,08:28,08:28,09:02,35,0,34,No,5,Diagnostic imaging,X-ray,659.11,316.37,25.31,Paid,4,No,Primary care referral
ENC-0510601,2025-07-30,Central Medical Pavilion,Orthopedics,Follow-up,29,Commercial,Other,08:37,08:25,08:57,09:38,2,32,41,No,4,Sports injury,Consultation,589.12,400.6,84.13,Paid,5,No,Self referral
ENC-0510602,2025-08-06,West Community Hospital,Primary Care,New patient,73,Medicaid,English,09:19,09:20,09:20,09:41,7,0,21,No,3,Diabetes,Vaccination,324.95,0,0,Denied,,No,Primary care referral
ENC-0510603,2025-03-02,Lakeside Clinic,Oncology,Follow-up,53,Commercial,English,16:21,16:21,16:56,17:52,11,35,56,No,3,Hematologic malignancy,Consultation,1466.5,997.22,209.42,Paid,4,No,Self referral
ENC-0510604,2025-10-04,Central Medical Pavilion,Imaging,New patient,27,Workers compensation,English,08:36,08:49,08:49,09:16,26,0,27,No,4,Musculoskeletal imaging,CT,698.54,495.96,39.68,Paid,,No,Primary care referral
ENC-0510605,2025-08-18,Central Medical Pavilion,Orthopedics,Follow-up,58,Self-pay,English,07:49,07:52,08:39,09:16,33,47,37,No,3,Spine disorder,X-ray,831.9,,,Pending,,No,Community outreach
ENC-0510606,2025-03-12,Lakeside Clinic,Orthopedics,Follow-up,23,Commercial,English,14:25,14:35,15:22,15:53,7,47,31,No,4,Joint pain,Consultation,657.55,447.13,93.9,Paid,4,No,Community outreach
ENC-0510607,2025-01-13,Lakeside Clinic,Emergency,Emergency,96,Medicare,Other,11:03,11:03,12:16,13:54,0,73,98,No,2,Respiratory symptoms,Minor procedure,2340.64,1263.95,101.12,Paid,,No,Primary care referral
ENC-0510608,2025-06-15,West Community Hospital,Cardiology,Follow-up,84,Commercial,Spanish,12:38,12:28,12:38,13:30,35,10,52,No,4,Arrhythmia,Consultation,822.97,559.62,117.52,Paid,,No,Primary care referral
ENC-0510609,2025-11-18,West Community Hospital,Neurology,Procedure,46,Commercial,English,15:20,15:19,15:58,16:57,33,39,59,No,4,Cognitive symptoms,Nerve study,1269.76,863.44,181.32,Paid,4,No,Employer program
ENC-0510610,2025-03-27,Lakeside Clinic,Orthopedics,Follow-up,18,Commercial,Other,16:02,16:05,16:06,16:30,28,1,24,No,4,Spine disorder,Consultation,590.22,,,Pending,5,No,Employer program
ENC-0510611,2025-09-11,West Community Hospital,Oncology,Follow-up,44,Commercial,Spanish,09:17,09:08,09:31,10:42,5,23,71,No,4,Solid tumor,Infusion,1874.95,,,Pending,3,No,Primary care referral
ENC-0510612,2025-02-28,North Campus,Emergency,Emergency,50,Commercial,English,22:51,22:43,22:53,00:20,0,10,87,No,5,Abdominal pain,Evaluation and management,4232.53,,604.41,Paid,5,No,Self referral
ENC-0510613,2025-04-21,West Community Hospital,Imaging,New patient,143,Medicaid,Arabic,13:04,13:28,13:37,14:13,0,9,36,No,4,Musculoskeletal imaging,CT,659.11,,,Under review,,No,Primary care referral
ENC-0510614,2025-04-16,West Community Hospital,Neurology,New patient,18,Commercial,English,10:50,10:48,11:30,12:13,19,42,43,No,4,Seizure disorder,Nerve study,714.13,485.61,101.98,Paid,,No,Primary care referral
ENC-0510615,2025-11-14,North Campus,Oncology,Follow-up,74,Medicare,Arabic,13:41,13:28,13:53,14:47,6,25,54,No,4,Hematologic malignancy,Consultation,2287.93,1235.48,98.84,Paid,4,No,
ENC-0510616,2025-01-04,Lakeside Clinic,Primary Care,Procedure,61,Medicaid,English,14:21,14:24,14:59,15:36,28,35,37,No,4,Respiratory infection,Office visit,623.05,299.06,23.92,Paid,,No,Emergency transfer
ENC-0510617,2025-03-09,North Campus,Emergency,Emergency,79,Medicare,English,06:11,06:32,07:53,09:35,0,81,102,No,1,Abdominal pain,Minor procedure,2215.08,1196.14,95.69,Paid,,No,Emergency transfer
ENC-0510618,2025-11-03,Central Medical Pavilion,Emergency,Emergency,49,Commercial,English,12:50,12:51,14:16,16:34,0,85,138,No,5,Neurologic symptoms,Evaluation and management,4370.74,,624.14,Paid,,No,Specialist referral
ENC-0510619,2025-08-18,Central Medical Pavilion,Imaging,Follow-up,54,Medicaid,English,12:37,12:44,13:08,13:39,44,24,31,No,3,Musculoskeletal imaging,MRI,609.57,292.59,23.41,Paid,5,No,Specialist referral
ENC-0510620,2025-11-22,West Community Hospital,Oncology,Procedure,60,Commercial,English,08:54,08:48,09:10,10:16,5,22,66,No,5,Solid tumor,Consultation,4398.72,,628.14,Paid,,No,Primary care referral
ENC-0510621,2025-03-29,North Campus,Primary Care,Follow-up,59,Medicaid,English,08:50,08:41,08:46,09:10,0,5,24,No,3,Hypertension,Vaccination,277.16,133.04,10.64,Paid,,No,Primary care referral
ENC-0510622,2025-05-12,North Campus,Primary Care,New patient,47,Medicaid,English,13:46,13:47,13:52,14:26,14,5,34,No,5,Respiratory infection,Office visit,277.28,133.09,10.65,Paid,,No,Self referral
ENC-0510623,2025-06-27,Lakeside Clinic,Primary Care,Procedure,54,Commercial,English,12:42,12:45,13:04,13:40,17,19,36,No,4,Diabetes,Vaccination,664.94,,,Pending,5,No,Self referral
ENC-0510624,2025-04-28,North Campus,Emergency,Emergency,78,Commercial,English,12:20,12:08,13:32,14:41,0,84,69,No,3,Injury,Minor procedure,3777.42,2568.65,539.42,Paid,,No,Employer program
ENC-0510625,2025-04-21,West Community Hospital,Cardiology,Follow-up,54,Commercial,English,08:59,09:29,09:46,10:35,19,17,49,No,3,Heart failure,Echocardiogram,1010.81,,,Pending,,No,Primary care referral
ENC-0510626,2025-05-18,West Community Hospital,Primary Care,Follow-up,53,Commercial,French,14:56,14:59,14:59,15:33,13,0,34,No,5,Diabetes,Vaccination,216.48,147.21,30.91,Paid,4,No,Emergency transfer
ENC-0510627,2025-04-04,West Community Hospital,Emergency,Emergency,96,Medicare,English,17:47,17:51,19:53,22:37,0,,164,No,4,Respiratory symptoms,Minor procedure,4142.3,,178.95,Paid,3,No,Employer program
ENC-0510628,2025-02-19,West Community Hospital,Emergency,Emergency,96,Medicare,English,05:16,05:17,06:06,08:41,0,49,155,No,3,Chest pain,Minor procedure,3314.65,1789.91,143.19,Paid,,No,Emergency transfer
ENC-0510629,2025-07-11,Central Medical Pavilion,Cardiology,New patient,43,Workers compensation,Spanish,14:41,14:49,15:42,16:24,36,53,42,No,4,Heart failure,Echocardiogram,1017.69,722.56,57.8,Paid,,Yes,Specialist referral
ENC-0510630,2025-09-07,Lakeside Clinic,Oncology,New patient,57,Commercial,English,15:18,15:09,15:09,16:13,3,0,64,No,4,Hematologic malignancy,Infusion,1738.18,1181.96,248.21,Paid,,No,Primary care referral
ENC-0510631,2025-03-09,Central Medical Pavilion,Cardiology,New patient,57,Medicaid,English,12:51,13:04,13:25,13:42,7,21,17,No,4,Hypertension,Consultation,679.75,326.28,26.1,Paid,,No,Self referral
ENC-0510632,2025-06-22,Central Medical Pavilion,Cardiology,Follow-up,48,Commercial,English,13:18,13:32,14:05,14:49,34,33,44,No,5,Heart failure,Echocardiogram,615.04,418.23,87.83,Paid,,No,Primary care referral
ENC-0510633,2025-09-06,North Campus,Emergency,Emergency,69,Commercial,English,07:55,07:50,09:06,12:03,0,76,177,No,2,Chest pain,Minor procedure,3547.62,2412.38,506.6,Paid,3,No,Primary care referral
ENC-0510634,2025-09-14,North Campus,Primary Care,New patient,59,Medicaid,English,16:13,09:20,10:00,17:03,3,12,37,No,5,Diabetes,Vaccination,321.12,,,Under review,,No,Self referral
ENC-0510635,2025-02-18,Lakeside Clinic,Primary Care,Follow-up,81,Medicare,Mandarin,11:26,11:26,11:26,11:56,25,0,30,No,4,Hypertension,Office visit,234.97,126.88,10.15,Paid,5,No,Specialist referral
ENC-0510636,2025-11-02,West Community Hospital,Primary Care,New patient,45,Commercial,Other,07:55,07:42,07:47,08:18,30,5,31,No,5,Diabetes,Office visit,349.21,237.46,49.87,Paid,,No,Self referral
ENC-0510637,2025-11-08,Lakeside Clinic,Cardiology,New patient,34,Commercial,Spanish,13:29,13:18,13:45,14:38,14,27,53,No,3,Arrhythmia,ECG,800.46,,,Under review,4,No,Emergency transfer
ENC-0510638,2025-01-18,North Campus,Neurology,Follow-up,50,Medicaid,Spanish,13:06,13:01,13:57,14:38,0,56,41,No,5,Seizure disorder,EEG,1100.65,,,Pending,4,No,Self referral
ENC-0510639,2025-05-31,West Community Hospital,Emergency,Emergency,50,Medicaid,English,04:07,04:16,04:51,07:22,0,35,151,No,4,Respiratory symptoms,Laboratory panel,4137.93,0,0,Denied,,No,Primary care referral
ENC-0510640,2025-08-30,North Campus,Emergency,Emergency,71,Medicare,English,11:57,11:52,12:57,15:17,0,65,140,No,3,Neurologic symptoms,Evaluation and management,3693.91,,,Under review,,No,Primary care referral
ENC-0510641,2025-07-13,North Campus,Oncology,Telehealth,56,Commercial,English,09:37,09:40,10:28,11:49,20,48,81,No,5,Hematologic malignancy,Infusion,2500.42,1700.29,357.06,Paid,,No,Specialist referral
ENC-0510642,2025-01-04,North Campus,Oncology,Telehealth,55,Commercial,English,07:43,08:04,09:19,10:33,49,75,74,No,4,Solid tumor,Laboratory monitoring,2530.69,,,Under review,,No,Employer program
ENC-0510643,2025-12-12,Central Medical Pavilion,Primary Care,Follow-up,55,Commercial,English,07:41,07:43,08:08,08:41,29,25,33,No,5,Respiratory infection,Screening,224.96,152.97,32.12,Paid,,No,Primary care referral
ENC-0510644,2025-12-22,Central Medical Pavilion,Radiology,Follow-up,74,Medicare,English,16:31,16:31,17:02,17:19,15,31,17,No,3,Musculoskeletal imaging,Ultrasound,699.05,377.49,30.2,Paid,,No,Self referral
ENC-0510645,2025-06-25,North Campus,Orthopedics,New patient,94,Medicare ,English,07:36,07:45,08:10,08:46,7,25,36,No,5,Joint pain,Consultation,857.33,,,Under review,,No,Community outreach
ENC-0510646,2025-02-08,North Campus,Emergency,Emergency,84,Medicare,French,08:05,08:34,09:51,11:21,0,77,90,No,1,Chest pain,Evaluation and management,3149.53,,,Pending,,No,Emergency transfer
ENC-0510647,2025-07-25,West Community Hospital,Orthopedics,New patient,45,Self-pay,English,15:10,15:05,15:33,15:44,7,28,11,No,4,Fracture follow-up,X-ray,829.04,,,Under review,4,No,Self referral
ENC-0510648,2025-07-04,Central Medical Pavilion,Orthopedics,Follow-up,38,Self-pay,English,13:26,14:00,14:02,14:53,25,2,51,No,5,Sports injury,X-ray,815.1,676.53,608.88,Paid,,No,Primary care referral
ENC-0510649,2025-07-20,Central Medical Pavilion,Orthopedics,New patient,62,Medicaid,Spanish,15:53,16:05,16:33,17:22,22,28,49,No,4,Sports injury,Consultation,684.16,,,Under review,5,No,Specialist referral
ENC-0510650,2025-09-20,North Campus,Primary Care,New patient,39,Commercial,English,09:58,,,,24,,,Yes,5,NOT_RECORDED,NOT_PERFORMED,0,,,Not submitted,,NOT_APPLICABLE,Emergency transfer
ENC-0510651,2025-06-14,West Community Hospital,Primary Care,Procedure,74,Commercial,English,10:09,09:52,10:21,10:42,13,29,21,No,4,Respiratory infection,Screening,359.23,,,Under review,,No,Self referral
ENC-0510652,2025-02-08,West Community Hospital,Emergency,Emergency,78,Medicare,English,00:15,00:05,01:38,03:11,0,,93,No,4,Neurologic symptoms,Evaluation and management,4259.95,,184.03,Paid,,No,Community outreach
ENC-0510653,2025-06-19,Lakeside Clinic,Primary Care,Procedure,62,Commercial,Other,12:33,12:37,12:37,13:02,2,0,25,No,3,Diabetes,Screening,543.9,,,Pending,,No,Primary care referral
ENC-0510654,2025-05-05,West Community Hospital,Emergency,Emergency,40,Medicaid,English,23:25,23:15,23:15,01:08,0,0,113,No,1,Abdominal pain,Minor procedure,3439.21,1650.82,132.07,Paid,,No,Specialist referral
ENC-0510655,2025-05-14,West Community Hospital,Cardiology,Follow-up,57,Medicare,Spanish,13:50,14:12,14:54,15:42,18,42,48,No,5,Coronary disease,Consultation,927.96,,,Pending,,No,Community outreach
ENC-0510656,2025-11-14,Lakeside Clinic,Neurology,New patient,24,Commercial,English,16:46,16:54,17:03,17:33,29,9,30,No,4,Seizure disorder,EEG,1125.31,0,0,Denied,,No,Specialist referral
ENC-0510657,2025-08-04,Lakeside Clinic,Oncology,Follow-up,11,Commercial,English,08:33,08:22,09:19,10:23,41,57,64,No,4,Hematologic malignancy,Infusion,2235.57,,,Under review,,No,Emergency transfer
ENC-0510658,2025-01-28,West Community Hospital,Imaging,New patient,40,Medicaid,English,11:53,11:48,12:05,12:42,16,17,37,No,4,Cancer surveillance,Ultrasound,534.11,256.37,20.51,Paid,5,No,Specialist referral
ENC-0510659,2025-09-30,Central Medical Pavilion,Imaging,Follow-up,68,Medicare,English,15:44,15:52,15:53,16:40,5,1,47,No,4,Musculoskeletal imaging,MRI,696.77,376.26,30.1,Paid,,No,Self referral
ENC-0510660,2025-08-05,Lakeside Clinic,Primary Care,New patient,75,Medicaid,Mandarin,10:51,10:48,11:03,11:39,15,15,36,No,3,Preventive care,Office visit,315.89,,,Pending,5,No,Self referral
ENC-0510661,2025-10-07,Central Medical Pavilion,Primary Care,New patient,52,Medicaid,English,16:43,17:05,17:07,17:48,20,2,41,No,4,Preventive care,Vaccination,342.63,164.46,13.16,Paid,4,No,Emergency transfer
ENC-0510662,2025-08-18,Lakeside Clinic,Emergency,Emergency,52,Medicaid,French,20:51,20:47,21:37,23:56,0,50,139,No,3,Abdominal pain,Minor procedure,3139.53,1506.97,120.56,Paid,,No,
ENC-0510663,2025-01-15,North Campus,Orthopedics,Telehealth,37,Medicaid,English,08:48,,,,17,,,Yes,4,NOT_RECORDED,NOT_PERFORMED,0,,,Not submitted,,NOT_APPLICABLE,Specialist referral
ENC-0510664,2025-08-30,North Campus,Neurology,Follow-up,77,Medicare,English,15:06,15:02,15:33,16:01,42,31,28,No,4,Neuropathy,EEG,1247.26,673.52,53.88,Paid,5,No,Self referral
ENC-0510665,2025-03-13,Central Medical Pavilion,Primary Care,Follow-up,87,Workers compensation,English,16:15,16:16,16:36,17:11,29,20,35,No,5,Hypertension,Office visit,351.32,249.44,19.96,Paid,4,No,Employer program
ENC-0510666,2025-10-04,Central Medical Pavilion,Orthopedics,Follow-up,22,Self-pay,Spanish,11:11,11:24,11:36,12:21,22,12,45,No,3,Spine disorder,Consultation,705.99,,,Pending,4,Yes,Specialist referral
ENC-0510667,2025-09-19,North Campus,Oncology,Follow-up,81,Medicare,English,12:03,12:24,12:54,13:58,14,30,64,No,4,Solid tumor,Infusion,2495.45,1347.54,107.8,Paid,5,No,Primary care referral
ENC-0510668,2025-07-28,Central Medical Pavilion,Emergency,Emergency,33,Workers compensation,Spanish,13:46,14:07,14:35,16:53,0,28,138,No,5,Abdominal pain,Minor procedure,2628.12,,,Pending,,No,Community outreach
ENC-0510669,2025-01-31,West Community Hospital,Primary Care,Follow-up,44,Commercial,English,14:33,14:38,14:48,15:20,18,10,32,No,5,Respiratory infection,Screening,286.92,195.11,40.97,Paid,5,No,Employer program
ENC-0510670,2025-05-18,North Campus,Imaging,Telehealth,49,Commercial,Arabic,09:16,09:22,09:59,10:26,4,37,27,No,4,Cancer surveillance,MRI,602.1,,,Pending,5,Yes,Primary care referral
ENC-0510671,2025-05-12,Central Medical Pavilion,Primary Care,New patient,39,Commercial,English,13:11,13:19,13:33,13:57,34,14,24,No,5,Respiratory infection,Office visit,326.43,221.97,46.61,Paid,,No,Specialist referral
ENC-0510672,2025-04-30,NORTH CAMPUS,Imaging,Follow-up,36,Self-pay,English,09:15,09:41,09:41,10:16,10,0,35,No,4,Musculoskeletal imaging,Ultrasound,465.15,386.07,347.46,Paid,5,No,Primary care referral
ENC-0510673,2025-10-13,West Community Hospital,Primary Care,Procedure,20,Commercial,English,09:28,09:15,09:15,09:52,39,0,37,No,4,Preventive care,Vaccination,362.57,0,0,Denied,,No,Primary care referral
ENC-0510674,2025-02-23,Lakeside Clinic,Emergency,Emergency,27,Self-pay,English,03:59,03:54,06:11,07:25,0,,74,No,4,Neurologic symptoms,Minor procedure,3917.72,,2926.54,Paid,2,No,Specialist referral
ENC-0510675,2025-01-22,West Community Hospital,Cardiology,Procedure,67,Medicaid,English,09:15,09:13,09:49,10:24,8,36,35,No,3,Heart failure,Consultation,1310.76,629.16,50.33,Paid,,No,Primary care referral
ENC-0510676,2025-08-31,Central Medical Pavilion,Emergency,Emergency,72,Medicare,English,01:08,01:09,03:06,05:37,0,,151,No,1,Neurologic symptoms,Laboratory panel,2992.35,1615.87,129.27,Paid,2,No,Community outreach
ENC-0510677,2025-03-10,West Community Hospital,Neurology,Follow-up,62,Medicare,English,13:46,13:43,13:43,14:15,16,0,32,No,4,Cognitive symptoms,EEG,1044.3,,,Pending,,Yes,Self referral
ENC-0510678,2025-03-20,West Community Hospital,Cardiology,Procedure,65,Medicaid,English,16:22,,,,21,,,Yes,5,NOT_RECORDED,NOT_PERFORMED,0,,,Not submitted,,NOT_APPLICABLE,Primary care referral
ENC-0510679,2025-10-31,West Community Hospital,Cardiology,Follow-up,34,Commercial,French,11:54,12:02,12:24,13:07,12,22,43,No,4,Arrhythmia,Echocardiogram,948.89,645.25,135.5,Paid,5,No,Self referral
ENC-0510680,2025-08-22,Lakeside Clinic,Emergency,Emergency,91,Self-pay,English,09:48,09:49,10:24,12:52,0,35,148,No,3,Chest pain,Minor procedure,2415.39,2004.77,1804.29,Paid,,No,Specialist referral
ENC-0510681,2025-02-15,Lakeside Clinic,Orthopedics,New patient,49,Commercial,English,15:34,15:58,16:34,17:11,23,36,37,No,5,Spine disorder,Injection,554.57,,,Pending,3,Yes,Self referral
ENC-0510682,2025-11-21,Central Medical Pavilion,Orthopedics,Telehealth,29,Commercial,English,09:38,09:31,10:01,10:53,21,30,52,No,4,Sports injury,Consultation,685.76,466.32,97.93,Paid,,No,Specialist referral
ENC-0510683,2025-08-21,North Campus,Primary Care,Follow-up,77,Medicare,English,08:00,08:16,08:16,08:46,14,0,30,No,3,Preventive care,Vaccination,237.43,128.21,10.26,Paid,5,No,Employer program
ENC-0510684,2025-12-07,Lakeside Clinic,Imaging,Telehealth,52,Commercial,English,11:45,11:48,11:50,12:36,14,2,46,No,5,Diagnostic imaging,Ultrasound,393.94,267.88,56.25,Paid,5,Yes,Emergency transfer
ENC-0510685,2025-01-05,Central Medical Pavilion,Emergency,Emergency,61,Workers compensation,Other,10:43,11:04,11:27,13:25,0,23,118,No,2,Respiratory symptoms,Evaluation and management,2540.47,,,Under review,,No,Primary care referral
ENC-0510686,2025-09-08,North Campus,Orthopedics,Procedure,41,Commercial,English,07:32,07:35,07:47,08:25,16,12,38,No,4,Sports injury,X-ray,1134.51,771.47,162.01,Paid,3,No,Primary care referral
ENC-0510687,2025-12-19,Lakeside Clinic,Imaging,Procedure,37,Commercial,Spanish,15:41,15:55,16:03,16:38,18,8,35,No,5,Cancer surveillance,MRI,871.84,592.85,124.5,Paid,,No,Emergency transfer
ENC-0510688,2025-10-14,North Campus,Oncology,Telehealth,30,Commercial,English,15:10,15:27,16:01,16:58,35,34,57,No,4,Therapy follow-up,Consultation,1476.4,1003.95,210.83,Paid,,No,Primary care referral
ENC-0510689,2025-06-29,West Community Hospital,Primary Care,Telehealth,29,Commercial,English,09:02,09:05,09:36,10:08,3,31,32,No,4,Diabetes,Screening,284.18,,,Pending,,No,Specialist referral
ENC-0510690,2025-05-05,Central Medical Pavilion,Cardiology,Procedure,92,Medicare,English,15:03,15:26,15:38,16:49,4,12,71,No,4,Heart failure,Consultation,1020.69,551.17,44.09,Paid,4,No,Self referral
ENC-0510691,07/11/2025,West Community Hospital,Cardiology,Follow-up,75,Medicare,English,12:28,12:22,12:40,13:18,32,18,38,No,5,Coronary disease,ECG,1084.39,585.57,46.85,Paid,4,No,Community outreach
ENC-0510692,2025-02-13,Lakeside Clinic,Emergency,Emergency,51,Medicare,English,00:04,00:16,01:41,03:24,0,85,103,No,3,Chest pain,Evaluation and management,3301.83,1782.99,142.64,Paid,,No,Self referral
ENC-0510693,2025-07-03,Central Medical Pavilion,Emergency,Emergency,59,Medicaid,English,09:44,09:43,11:00,13:17,0,77,137,No,3,Injury,Laboratory panel,2945.78,1413.97,113.12,Paid,3,No,Emergency transfer
ENC-0510694,2025-01-19,North Campus,Primary Care,New patient,88,Medicare,English,10:56,10:56,11:27,12:06,14,31,39,No,5,Preventive care,Screening,342.22,184.8,14.78,Paid,,No,Primary care referral
ENC-0510695,2025-07-17,Lakeside Clinic,Primary Care,New patient,79,Medicare,English,11:48,11:55,12:01,12:34,16,6,33,No,5,Hypertension,Office visit,318.61,172.05,13.76,Paid,5,No,Self referral
ENC-0510696,2025-02-07,Central Medical Pavilion,Primary Care,Follow-up,51,Medicare,English,15:59,15:51,16:04,16:35,5,13,31,No,5,Preventive care,Screening,247.15,0,0,Denied,,Yes,Self referral
ENC-0510697,2025-10-03,West Community Hospital,Primary Care,Follow-up,34,Medicaid,Other,14:03,14:08,14:21,14:56,5,13,35,No,4,Hypertension,Office visit,289.02,138.73,11.1,Paid,,No,Primary care referral
ENC-0510698,2025-08-04,Central Medical Pavilion,Imaging,Follow-up,92,Medicare,English,13:43,13:55,14:35,14:54,44,40,19,No,3,Musculoskeletal imaging,MRI,612.57,330.79,26.46,Paid,,No,Primary care referral
ENC-0510699,2025-05-21,Lakeside Clinic,Imaging,Telehealth,77,Medicaid,English,10:50,10:55,11:22,12:02,,27,40,No,4,Musculoskeletal imaging,CT,552.3,265.1,21.21,Paid,,No,Self referral
ENC-0510700,2025-08-08,Lakeside Clinic,Cardiology,Procedure,42,Commercial,English,11:54,12:09,12:48,13:38,17,39,50,No,3,Arrhythmia,Consultation,1139.76,,,Pending,,No,Specialist referral
ENC-0510701,2025-11-19,North Campus,Primary Care,Follow-up,46,Commercial,English,08:30,08:33,08:33,09:10,42,0,37,No,4,Hypertension,Vaccination,303.84,206.61,43.39,Paid,5,No,Emergency transfer
ENC-0510702,2025-11-07,North Campus,Cardiology,New patient,20,Medicare,English,15:42,15:48,16:22,17:15,23,34,53,No,4,Coronary disease,Consultation,614.1,331.61,26.53,Paid,3,No,Specialist referral
ENC-0510703,2025-10-09,Lakeside Clinic,Cardiology,Follow-up,41,Commercial,English,09:11,08:57,09:18,10:16,11,21,58,No,3,Coronary disease,Consultation,985.9,390,75,Denied,,No,Primary care referral
ENC-0510704,2025-12-30,North Campus,Orthopedics,New patient,96,Commercial,English,09:13,09:13,09:39,10:28,31,26,49,No,4,Spine disorder,Consultation,608.07,,,Pending,4,Yes,Primary care referral
ENC-0510705,2025-12-18,Lakeside Clinic,Cardiology,Follow-up,58,Commercial,English,10:22,10:48,10:57,11:41,25,9,44,No,5,Coronary disease,Consultation,607.42,,,Under review,5,No,Emergency transfer
ENC-0510706,2025-03-31,Central Medical Pavilion,Imaging,New patient,47,Commercial,English,13:56,13:51,14:32,15:05,41,41,33,No,4,Cancer surveillance,CT,568.71,,,Pending,,No,Primary care referral
ENC-0510707,2025-05-03,North Campus,Orthopedics,Follow-up,35,Commercial,English,08:31,08:32,09:13,09:49,42,41,36,No,4,Sports injury,Consultation,569.46,387.23,81.32,Paid,5,No,Specialist referral
ENC-0510708,2025-12-01,Lakeside Clinic,Primary Care,Telehealth,65,Medicare,English,11:23,11:45,11:45,12:17,2,0,32,No,4,Respiratory infection,Vaccination,368.62,199.05,15.92,Paid,4,No,Primary care referral
ENC-0510709,2025-03-26,Lakeside Clinic,Imaging,New patient,55,Medicaid,English,13:07,13:09,13:17,13:59,25,8,42,No,3,Diagnostic imaging,MRI,672.39,322.75,25.82,Paid,,No,
ENC-0510710,2025-10-05,West Community Hospital,Emergency,Emergency,22,Commercial,Mandarin,15:24,15:25,17:11,19:00,0,,109,No,3,Respiratory symptoms,Laboratory panel,2961.66,0,0,Denied,1,No,Specialist referral
ENC-0510711,2025-08-24,West Community Hospital,Emergency,Emergency,40,Self-pay,Other,17:34,17:20,17:37,20:09,0,17,152,No,4,Chest pain,Laboratory panel,3311.1,0,0,Denied,5,No,Specialist referral
ENC-0510712,2025-12-31,Central Medical Pavilion,Oncology,Follow-up,68,Medicare,English,09:52,09:48,09:56,10:39,53,8,43,No,5,Hematologic malignancy,Laboratory monitoring,2351.72,,,Pending,,No,Community outreach
ENC-0510713,2025-08-08,West Community Hospital,Imaging,Follow-up,51,Self-pay,English,13:06,13:40,13:52,14:20,24,12,28,No,3,Cancer surveillance,CT,590.46,490.08,441.07,Paid,5,No,Specialist referral
ENC-0510714,2025-06-09,North Campus,Emergency,Emergency,42,Commercial,English,17:23,17:42,17:42,19:11,0,0,89,No,4,Chest pain,Evaluation and management,2888.16,,,Pending,,No,Self referral
ENC-0510715,2025-09-18,West Community Hospital,ER,Emergency,44,Self-pay,English,16:25,16:31,17:46,19:19,0,75,93,No,3,Chest pain,Minor procedure,3756.12,3117.58,2805.82,Paid,4,Yes,Self referral
ENC-0510716,2025-03-10,North Campus,Oncology,Telehealth,64,Commercial,Spanish,13:46,13:49,14:21,15:19,15,32,58,No,5,Therapy follow-up,Consultation,2578.46,1753.35,368.2,Paid,4,No,Primary care referral
ENC-0510717,2025-07-07,Central Medical Pavilion,Cardiology,Follow-up,68,Commercial,Other,16:27,16:41,17:08,17:56,22,27,48,No,5,Arrhythmia,Echocardiogram,859.1,,,Under review,4,No,Self referral
ENC-0510718,2025-08-28,West Community Hospital,Neurology,New patient,47,Self-pay,English,11:26,11:30,11:33,12:34,29,3,61,No,5,Seizure disorder,Nerve study,1166.7,968.36,871.52,Paid,5,No,Employer program
ENC-0510719,2025-02-16,Central Medical Pavilion,Oncology,New patient,32,Commercial,English,10:42,10:37,10:37,12:01,23,0,84,No,5,Therapy follow-up,Infusion,1493.02,1015.25,213.2,Paid,,No,Emergency transfer
ENC-0510720,2025-07-05,North Campus,Emergency,Emergency,44,Medicare,English,01:35,01:59,02:09,03:39,0,10,90,No,3,Abdominal pain,Evaluation and management,3479.84,1879.11,150.33,Paid,4,No,Self referral
ENC-0510721,2025-11-05,West Community Hospital,Emergency,Emergency,33,Commercial,Mandarin,09:47,10:06,10:55,13:34,0,49,159,No,5,Neurologic symptoms,Laboratory panel,2708.41,1841.72,386.76,Paid,,No,Specialist referral
ENC-0510722,2025-04-26,Lakeside Clinic,Neurology,Follow-up,28,Commercial,English,16:12,16:24,16:59,17:35,24,35,36,No,3,Neuropathy,Nerve study,1030.14,700.5,147.1,Paid,,No,Employer program
ENC-0510723,2025-11-13,Central Medical Pavilion,Primary Care,Follow-up,51,Commercial,English,09:47,09:36,10:16,10:29,7,40,13,No,4,Preventive care,Office visit,220.68,150.06,31.51,Paid,,No,Self referral
ENC-0510724,2025-04-27,West Community Hospital,Orthopedics,New patient,61,COMM,English,13:50,14:03,14:08,15:03,25,5,55,No,3,Fracture follow-up,X-ray,635.51,432.15,90.75,Paid,4,No,Primary care referral
ENC-0510725,2025-06-07,Lakeside Clinic,Primary Care,Follow-up,51,Commercial,English,08:38,08:29,08:56,09:25,14,27,29,No,5,Diabetes,Vaccination,297.95,202.61,42.55,Paid,,No,Community outreach
ENC-0510726,2025-10-26,West Community Hospital,Neurology,Follow-up,0,Commercial,English,11:50,11:52,12:18,13:30,35,26,72,No,4,Neuropathy,Consultation,989.28,,,Under review,,No,Self referral
ENC-0510727,2025-07-20,North Campus,Orthopedics,Telehealth,78,Medicare,English,09:37,09:58,09:58,10:31,25,0,33,No,4,Joint pain,X-ray,845.64,456.65,36.53,Paid,,No,Community outreach
ENC-0510728,2025-08-18,West Community Hospital,Orthopedics,Telehealth,48,Medicaid,English,13:28,13:28,14:13,14:44,13,45,31,No,4,Sports injury,X-ray,738.56,354.51,28.36,Paid,4,No,Employer program
ENC-0510729,2025-12-01,North Campus,Oncology,Follow-up,72,Commercial,Spanish,13:12,13:12,13:33,14:54,41,21,81,No,5,Solid tumor,Laboratory monitoring,1690.34,,,Under review,,No,Primary care referral
ENC-0510730,2025-11-15,West Community Hospital,Imaging,Follow-up,36,Commercial,Mandarin,15:32,15:25,15:25,16:09,11,0,44,No,5,Diagnostic imaging,X-ray,706.13,,,Under review,,No,Self referral
ENC-0510731,2025-10-03,Lakeside Clinic,Cardiology,Follow-up,74,Medicare,English,12:29,12:33,12:41,13:12,0,8,31,No,4,Heart failure,ECG,661.48,357.2,28.58,Paid,,No,Emergency transfer
ENC-0510732,2025-07-16,Central Medical Pavilion,Imaging,Telehealth,66,Commercial,Mandarin,09:52,09:49,10:01,10:44,34,12,43,No,5,Diagnostic imaging,CT,699.86,,,Under review,4,No,Specialist referral
ENC-0510733,2025-12-29,Central Medical Pavilion,Primary Care,New patient,80,Medicare,English,15:06,15:02,15:49,16:10,24,47,21,No,5,Preventive care,Office visit,254.44,137.4,10.99,Paid,4,No,Primary care referral
ENC-0510734,2025-12-29,North Campus,Emergency,Emergency,66,Medicare,Arabic,11:34,11:17,12:44,14:52,0,87,128,No,3,Abdominal pain,Laboratory panel,3015.02,,,Pending,,No,Specialist referral
ENC-0510735,2025-11-22,Lakeside Clinic,Neurology,New patient,73,Commercial,English,14:06,14:17,14:50,15:31,35,33,41,No,3,Seizure disorder,Nerve study,943.28,,,Pending,5,No,Primary care referral
ENC-0510736,2025-07-10,Central Medical Pavilion,Imaging,Follow-up,54,Commercial,English,10:05,10:22,10:30,11:25,0,8,55,No,4,Cancer surveillance,CT,678.92,,,Pending,,No,Specialist referral
ENC-0510737,2025-07-09,Central Medical Pavilion,Emergency,Emergency,49,Commercial,English,11:04,11:33,12:47,15:14,0,74,147,No,5,Respiratory symptoms,Evaluation and management,3124.37,2124.57,446.16,Paid,3,Yes,Specialist referral
ENC-0510738,2025-08-19,Central Medical Pavilion,Orthopedics,New patient,22,Commercial,English,10:03,10:10,10:22,11:04,26,12,42,No,4,Spine disorder,Injection,789.57,536.91,112.75,Paid,5,No,Primary care referral
ENC-0510739,2025-07-20,West Community Hospital,Primary Care,New patient,61,Commercial,English,15:00,14:57,15:11,15:44,10,14,33,No,5,Hypertension,Vaccination,240.98,,,Under review,,No,Self referral
ENC-0510740,2025-04-16,Central Medical Pavilion,Primary Care,Procedure,87,Medicare,English,08:20,08:21,08:45,09:26,31,24,41,No,5,Preventive care,Screening,423.3,,,Pending,3,No,Primary care referral
ENC-0510741,2025-06-15,Central Medical Pavilion,Emergency,Emergency,60,Medicare,English,21:41,21:42,22:27,00:50,0,45,143,No,4,Neurologic symptoms,Evaluation and management,4131.48,,,Pending,,No,Primary care referral
ENC-0510742,2025-04-16,Central Medical Pavilion,Oncology,New patient,61,Medicare,English,13:14,13:10,13:31,14:26,3,21,55,No,4,Hematologic malignancy,Infusion,2181.52,1178.02,94.24,Paid,,No,Emergency transfer
ENC-0510743,2025-09-13,Lakeside Clinic,Imaging,New patient,48,Commercial,French,13:30,13:54,14:10,14:44,36,16,34,No,5,Musculoskeletal imaging,CT,480.92,,,Pending,,No,Primary care referral
ENC-0510744,2025-09-24,Lakeside Clinic,Cardiology,Follow-up,64,Medicare,English,08:06,08:19,08:20,08:42,28,1,22,No,4,Heart failure,Consultation,735.26,397.04,31.76,Paid,,Yes,Primary care referral
ENC-0510745,2025-03-10,Central Medical Pavilion,Cardiology,Follow-up,87,Medicare,Spanish,07:31,07:23,07:42,08:24,23,19,42,No,4,Coronary disease,ECG,1043.3,563.38,45.07,Paid,5,No,Primary care referral
ENC-0510746,2025-03-13,Central Medical Pavilion,Primary Care,Telehealth,43,Medicaid,English,13:16,13:24,13:58,14:23,19,34,25,No,3,Hypertension,Vaccination,273.21,131.14,10.49,Paid,,No,Primary care referral
ENC-0510747,2025-10-26,West Community Hospital,Orthopedics,Telehealth,66,Medicare,English,12:25,12:46,13:42,14:18,23,56,36,No,4,Spine disorder,Consultation,661.39,357.15,28.57,Paid,3,No,Self referral
ENC-0510748,2025-05-12,Lakeside Clinic,Primary Care,Follow-up,5,Medicaid,English,08:35,08:35,08:35,09:07,36,0,32,No,5,Hypertension,Vaccination,319.06,,,Under review,,No,Self referral
ENC-0510749,2025-10-12,Central Medical Pavilion,Neurology,Telehealth,38,Self-pay,English,16:21,16:18,16:31,17:08,27,13,37,No,4,Cognitive symptoms,Consultation,935.66,776.6,698.94,Paid,4,No,Primary care referral
ENC-0510750,2025-03-08,North Campus,Primary Care,Follow-up,23,Workers compensation,English,14:42,14:27,14:37,15:10,21,10,33,No,5,Hypertension,Vaccination,329.99,234.29,18.74,Paid,,No,Emergency transfer
ENC-0510751,2025-08-03,West Community Hospital,Primary Care,Follow-up,59,Medicare,English,12:22,12:18,12:18,12:56,37,0,38,No,5,Hypertension,Office visit,368.61,199.05,15.92,Paid,,No,Community outreach
ENC-0510752,2025-03-23,North Campus,Orthopedics,New patient,50,Commercial,English,16:13,16:21,16:31,17:13,,10,42,No,5,Sports injury,X-ray,790.03,537.22,112.82,Paid,5,No,Community outreach
ENC-0510753,2025-11-13,Central Medical Pavilion,Cardiology,New patient,46,Commercial,Other,08:38,08:33,08:47,09:40,29,14,53,No,3,Arrhythmia,Echocardiogram,827.12,562.44,118.11,Paid,,No,Primary care referral
ENC-0510754,2025-10-14,Central Medical Pavilion,Orthopedics,Procedure,81,Medicare,English,10:26,10:32,10:40,11:21,16,8,41,No,4,Joint pain,Injection,1291.8,697.57,55.81,Paid,,No,Primary care referral
ENC-0510755,2025-01-06,WEST COMMUNITY HOSPITAL,Emergency,Emergency,85,Medicare,English,19:23,19:06,19:42,21:49,0,36,127,No,4,Respiratory symptoms,Minor procedure,2598.88,1403.4,112.27,Paid,4,No,Self referral
ENC-0510756,2025-04-18,Lakeside Clinic,Emergency,Emergency,60,Medicare,English,05:01,05:09,05:49,08:29,0,40,160,No,2,Injury,Laboratory panel,2865.69,,,Pending,4,No,
ENC-0510757,2025-09-26,Lakeside Clinic,Primary Care,Follow-up,45,Commercial,English,09:10,09:23,09:44,10:14,10,21,30,No,5,Diabetes,Vaccination,258.03,175.46,36.85,Paid,,No,Primary care referral
ENC-0510758,2025-04-17,West Community Hospital,Oncology,Follow-up,75,Medicare,English,16:09,16:12,16:26,17:56,15,14,90,No,4,Hematologic malignancy,Infusion,2342.25,1264.82,101.19,Paid,,No,Primary care referral
ENC-0510759,2025-12-15,Lakeside Clinic,Emergency,Emergency,59,Medicare,English,14:59,15:03,16:18,18:39,0,75,141,No,3,Chest pain,Minor procedure,"$18,450.00",1359.36,108.75,Paid,,No,Self referral
ENC-0510760,2025-03-13,Lakeside Clinic,Primary Care,Follow-up,54,Self-pay,English,15:32,15:23,15:33,16:00,23,10,27,No,4,Diabetes,Screening,348.97,,,Pending,5,No,Self referral
ENC-0510761,2025-03-31,North Campus,Imaging,New patient,23,Commercial,English,11:35,11:06,11:41,12:10,30,35,29,No,5,Cancer surveillance,Ultrasound,473.12,,,Pending,,No,Specialist referral
ENC-0510762,2025-08-04,Central Medical Pavilion,Primary Care,Follow-up,70,Medicaid,English,08:16,08:13,08:43,09:06,2,30,23,No,4,Hypertension,Screening,308.99,148.32,11.87,Paid,,No,Primary care referral
ENC-0510763,2025-12-22,Lakeside Clinic,Oncology,New patient,79,Medicaid,English,08:03,08:11,08:33,09:43,26,22,70,No,4,Hematologic malignancy,Laboratory monitoring,2094.22,,,Pending,,No,Employer program
ENC-0510764,2025-03-30,Central Medical Pavilion,Orthopedics,Follow-up,85,Medicare,French,15:38,15:25,16:11,17:10,6,46,59,No,5,Joint pain,X-ray,563.21,304.13,24.33,Paid,4,No,Emergency transfer
ENC-0510765,2025-03-09,Central Medical Pavilion,Orthopedics,Follow-up,61,Medicare,Spanish,14:33,14:36,14:59,15:47,24,23,48,No,5,Joint pain,Consultation,864.26,466.7,37.34,Paid,,No,Primary care referral
ENC-0510766,2025-05-11,Lakeside Clinic,Neurology,Telehealth,22,Commercial,English,13:26,13:55,14:41,15:13,19,46,32,No,2,Neuropathy,Consultation,934.28,,,Under review,,No,Self referral
ENC-0510767,2025-12-25,Central Medical Pavilion,Primary Care,Follow-up,61,Commercial,English,11:11,11:04,11:28,11:40,51,24,12,No,4,Diabetes,Vaccination,217.55,147.93,31.07,Paid,4,No,Primary care referral
ENC-0510768,2025-03-29,Central Medical Pavilion,Neurology,New patient,32,Medicaid,English,08:21,08:17,09:01,09:37,18,44,36,No,2,Migraine,Nerve study,1253.42,601.64,48.13,Paid,3,No,Employer program
ENC-0510769,2025-05-02,Central Medical Pavilion,Primary Care,Follow-up,77,Workers compensation,Spanish,07:49,07:41,07:44,08:19,16,3,35,No,5,Preventive care,Screening,224.51,,,Pending,,No,Primary care referral
ENC-0510770,2025-07-14,Lakeside Clinic,Emergency,Emergency,68,Medicare,Mandarin,19:18,19:17,20:28,22:55,0,71,147,No,3,Respiratory symptoms,Minor procedure,2758.99,1489.85,119.19,Paid,,No,Primary care referral
ENC-0510771,2025-03-28,Central Medical Pavilion,Orthopedics,Follow-up,53,Commercial,English,07:50,07:48,08:12,09:05,0,24,53,No,4,Joint pain,Injection,473.29,,,Pending,5,No,Self referral
ENC-0510772,2025-12-06,Central Medical Pavilion,Emergency,Emergency,55,Medicare,English,02:43,02:44,03:39,05:30,0,55,111,No,4,Respiratory symptoms,Laboratory panel,2886.56,,,Pending,4,No,Employer program
ENC-0510773,2025-12-28,Central Medical Pavilion,Imaging,Follow-up,20,Medicaid,Spanish,12:35,12:36,12:53,13:39,35,17,46,No,5,Cancer surveillance,X-ray,601.14,,,Pending,4,No,Primary care referral
ENC-0510774,2025-03-03,North Campus,Neurology,Follow-up,41,Medicaid,English,14:49,14:41,15:40,16:24,30,59,44,No,4,Seizure disorder,Nerve study,701.46,336.7,26.94,Paid,4,No,Emergency transfer
ENC-0510775,2025-09-11,North Campus,Primary Care,Follow-up,48,Commercial,English,11:53,11:49,11:51,12:22,22,2,31,No,4,Diabetes,Vaccination,272.07,185.01,38.85,Paid,5,No,Primary care referral
ENC-0510776,2025-04-06,Lakeside Clinic,Cardiology,Follow-up,71,Medicare,English,14:12,14:21,14:21,15:21,17,0,60,No,5,Heart failure,Echocardiogram,929.43,501.89,40.15,Paid,5,No,Self referral
ENC-0510777,2025-11-08,West Community Hospital,Orthopedics,New patient,66,Commercial,Arabic,07:43,08:11,08:30,09:16,24,19,46,No,5,Sports injury,Consultation,605.39,411.67,86.45,Paid,5,No,Employer program
ENC-0510778,2025-04-02,West Community Hospital,Emergency,Emergency,44,Medicare,English,11:24,11:33,11:48,14:06,0,15,138,No,4,Neurologic symptoms,Laboratory panel,2570.42,1388.03,111.04,Paid,,No,Self referral
ENC-0510779,2025-09-29,West Community Hospital,Imaging,Telehealth,96,Medicare,Spanish,08:18,07:56,08:37,09:06,34,41,29,No,4,Diagnostic imaging,Ultrasound,601.49,324.8,25.98,Paid,4,No,Primary care referral
ENC-0510780,2025-07-16,Central Medical Pavilion,Oncology,Follow-up,84,Commercial,English,11:22,10:58,11:58,13:16,21,60,78,No,4,Solid tumor,Laboratory monitoring,1577.4,,,Pending,4,No,Specialist referral
ENC-0510781,2025-07-01,West Community Hospital,Emergency,Emergency,81,Medicare,English,20:33,20:21,21:53,23:56,0,,123,No,2,Injury,Laboratory panel,3487.64,1883.33,150.67,Paid,2,No,Specialist referral
ENC-0510782,2025-06-28,North Campus,Imaging,Follow-up,39,Medicaid,English,07:54,07:57,08:38,09:11,18,41,33,No,3,Musculoskeletal imaging,CT,698.31,,,Pending,4,No,Employer program
ENC-0510783,2025-12-07,West Community Hospital,Neurology,Follow-up,56,Medicare,English,15:05,15:11,15:48,16:57,32,37,69,No,5,Neuropathy,Consultation,1212.29,654.64,52.37,Paid,5,No,Self referral
ENC-0510784,2025-11-13,West Community Hospital,Primary Care,Follow-up,91,Medicare,English,12:07,12:08,12:26,13:03,19,18,37,No,4,Diabetes,Office visit,232.26,,,Pending,,No,Specialist referral
ENC-0510785,2025-07-16,Lakeside Clinic,Orthopedics,New patient,9,Workers compensation,English,08:32,08:20,08:29,09:18,25,9,49,No,4,Spine disorder,X-ray,749.86,,,Pending,,No,Primary care referral
ENC-0510786,2025-10-15,West Community Hospital,Oncology,Telehealth,96,Medicare,English,13:08,13:07,13:23,14:46,24,16,83,No,5,Solid tumor,Consultation,2081.73,1124.13,89.93,Paid,5,No,Self referral
ENC-0510787,2025-09-11,North Campus,Oncology,New patient,31,Commercial,Spanish,11:38,11:33,12:10,13:21,35,37,71,No,5,Hematologic malignancy,Consultation,2576.54,1752.05,367.93,Paid,,No,Specialist referral
ENC-0510788,01/28/2025,West Community Hospital,Primary Care,Follow-up,96,Medicare,Spanish,10:10,10:20,10:56,11:33,4,36,37,No,4,Respiratory infection,Vaccination,282.25,152.42,12.19,Paid,,No,Primary care referral
ENC-0510789,2025-11-23,Central Medical Pavilion,Orthopedics,Telehealth,87,Medicaid,Mandarin,08:35,08:41,09:16,09:52,25,35,36,No,3,Spine disorder,Consultation,505.85,242.81,19.42,Paid,,No,Primary care referral
ENC-0510790,2025-03-27,North Campus,Primary Care,Follow-up,60,Commercial,English,08:28,08:34,08:34,09:08,38,0,34,No,4,Preventive care,Office visit,298.51,202.99,42.63,Paid,,No,Primary care referral
ENC-0510791,2025-04-30,Central Medical Pavilion,Imaging,Follow-up,32,Self-pay,Arabic,08:50,08:48,09:24,10:10,10,36,46,No,4,Musculoskeletal imaging,MRI,516.43,0,0,Denied,,No,Specialist referral
ENC-0510792,2025-02-24,Central Medical Pavilion,Orthopedics,New patient,59,Medicare,English,11:43,11:45,11:58,12:42,23,13,44,No,4,Joint pain,X-ray,509.26,275,22,Paid,5,No,Primary care referral
ENC-0510793,2025-08-05,Lakeside Clinic,Primary Care,Follow-up,60,Medicaid,English,07:48,07:51,07:51,08:26,21,0,35,No,4,Hypertension,Screening,301.98,144.95,11.6,Paid,,No,Employer program
ENC-0510794,2025-10-30,Lakeside Clinic,Primary Care,Telehealth,96,Medicare,Spanish,14:16,14:15,14:37,15:21,20,22,44,No,5,Preventive care,Office visit,355.85,,,Under review,,No,Employer program
ENC-0510795,2025-11-10,North Campus,Imaging,Follow-up,37,Medicare,English,08:12,08:38,08:45,09:24,8,7,39,No,4,Musculoskeletal imaging,Ultrasound,666.43,359.87,28.79,Paid,5,No,Primary care referral
ENC-0510796,2025-07-11,West Community Hospital,Cardiology,Follow-up,0,Commercial,English,08:56,08:49,09:07,09:52,24,18,45,No,3,Arrhythmia,Echocardiogram,770.89,0,0,Denied,,No,Primary care referral
ENC-0510797,2025-09-20,West Community Hospital,Orthopedics,Follow-up,63,Medicare,Arabic,12:15,,,,13,,,Yes,4,NOT_RECORDED,NOT_PERFORMED,0,,,Not submitted,,NOT_APPLICABLE,Primary care referral
ENC-0510798,2025-03-27,North Campus,Cardiology,Procedure,83,Medicare,English,14:58,14:53,15:28,16:14,8,35,46,No,4,Coronary disease,Echocardiogram,1783.32,962.99,77.04,Paid,4,No,Community outreach
ENC-0510799,2025-11-17,Lakeside Clinic,Orthopedics,Follow-up,49,Commercial,English,11:56,11:57,12:09,13:02,5,12,53,No,5,Sports injury,X-ray,831.27,565.26,118.7,Paid,5,No,Emergency transfer
ENC-0510800,2025-06-24,North Campus,Imaging,Follow-up,27,Medicaid,Spanish,09:05,08:56,08:59,09:47,2,3,48,No,4,Cancer surveillance,MRI,580.41,278.6,22.29,Paid,5,No,Community outreach
ENC-0510801,2025-12-27,West Community Hospital,Emergency,Emergency,63,Medicare,Spanish,11:34,11:10,12:41,14:23,0,91,102,No,1,Respiratory symptoms,Laboratory panel,3113.37,1681.22,134.5,Paid,3,No,Primary care referral
ENC-0510802,2025-04-30,West Community Hospital,Cardiology,Telehealth,67,Medicare,English,13:42,13:48,14:13,14:47,15,25,34,No,4,Coronary disease,Echocardiogram,738.02,,,Under review,,No,Self referral
ENC-0510803,2025-05-21,Lakeside Clinic,Imaging,New patient,28,COMM,English,12:29,12:37,13:03,13:41,0,26,38,No,4,Diagnostic imaging,CT,671.71,456.76,95.92,Paid,,No,
ENC-0510804,2025-09-15,Lakeside Clinic,Cardiology,Telehealth,37,Commercial,English,09:09,08:56,09:04,10:06,49,8,62,No,4,Hypertension,Consultation,773.78,526.17,110.5,Paid,4,No,Specialist referral
ENC-0510805,2025-10-04,Central Medical Pavilion,Emergency,Emergency,58,Self-pay,English,22:46,22:50,00:21,02:12,0,91,111,No,3,Abdominal pain,Minor procedure,3018.91,2505.7,2255.13,Paid,,No,Specialist referral
ENC-0510806,2025-11-29,Central Medical Pavilion,Primary Care,Follow-up,74,Commercial,Spanish,08:50,09:17,09:46,10:07,26,29,21,No,4,Diabetes,Office visit,244.39,166.19,34.9,Paid,,No,Self referral
ENC-0510807,2025-02-02,West Community Hospital,Oncology,Follow-up,73,Medicare,English,15:37,15:51,16:04,17:26,29,13,82,No,4,Therapy follow-up,Consultation,1814.98,,,Pending,5,No,Self referral
ENC-0510808,2025-03-20,West Community Hospital,Emergency,Emergency,62,Medicaid,English,09:16,09:09,09:49,12:03,0,40,134,No,2,Injury,Evaluation and management,3232.09,,,Pending,,No,Primary care referral
ENC-0510809,2025-07-18,North Campus,Primary Care,Procedure,71,Medicare,English,11:26,11:05,11:28,12:03,9,23,35,No,5,Respiratory infection,Office visit,361.52,195.22,15.62,Paid,5,No,Employer program
ENC-0510810,2025-08-30,Lakeside Clinic,Neurology,Procedure,74,Medicaid,English,14:25,14:19,14:44,15:48,7,25,64,No,4,Seizure disorder,Nerve study,1182.33,567.52,45.4,Paid,3,No,Primary care referral
ENC-0510811,2025-10-18,Central Medical Pavilion,Primary Care,Telehealth,57,Commercial,English,13:03,12:48,13:25,14:04,20,37,39,No,4,Diabetes,Screening,330.43,224.69,47.18,Paid,,No,Primary care referral
ENC-0510812,2025-12-10,Lakeside Clinic,Orthopedics,Follow-up,49,Commercial,English,14:33,14:51,15:10,15:38,2,19,28,No,3,Sports injury,Consultation,-275,543.63,114.16,Paid,,No,Emergency transfer
ENC-0510813,2025-07-19,West Community Hospital,Emergency,Emergency,41,Medicaid,English,09:52,09:54,11:24,13:24,0,90,120,No,4,Injury,Minor procedure,3746.68,1798.41,143.87,Paid,,Yes,Emergency transfer
ENC-0510814,2025-05-06,North Campus,Neurology,Procedure,74,Medicare,English,12:43,12:30,12:30,13:08,32,0,38,No,3,Neuropathy,EEG,1423.92,,,Pending,5,No,Self referral
ENC-0510815,2025-08-28,West Community Hospital,Imaging,Follow-up,48,Medicaid,Spanish,10:40,10:34,10:56,11:44,8,22,48,No,5,Musculoskeletal imaging,CT,417.46,200.38,16.03,Paid,,No,Self referral
ENC-0510816,2025-07-15,Central Medical Pavilion,Imaging,Follow-up,37,Commercial,English,09:41,09:40,09:40,10:13,26,0,33,No,4,Cancer surveillance,CT,650.26,442.18,92.86,Paid,,No,Self referral
ENC-0510817,2025-06-20,West Community Hospital,Cardiology,Follow-up,91,Medicare,English,12:08,,,,16,,,Yes,4,NOT_RECORDED,NOT_PERFORMED,0,,,Not submitted,,NOT_APPLICABLE,Primary care referral
ENC-0510818,2025-06-03,Lakeside Clinic,Emergency,Emergency,56,Commercial,English,05:02,05:09,06:31,08:05,0,82,94,No,2,Respiratory symptoms,Laboratory panel,2161.67,,,Pending,,No,Emergency transfer
ENC-0510819,2025-11-05,West Community Hospital,Imaging,Follow-up,47,Medicare,Spanish,13:30,13:36,13:43,14:26,27,7,43,No,4,Cancer surveillance,MRI,549.02,296.47,23.72,Paid,5,No,Self referral
ENC-0510820,2025-10-11,North Campus,Imaging,New patient,50,Medicaid,English,16:50,16:37,16:59,17:36,11,22,37,No,4,Cancer surveillance,CT,647.76,0,0,Denied,,No,Primary care referral
ENC-0510821,2025-04-24,Lakeside Clinic,Imaging,Follow-up,62,Commercial,English,07:51,07:42,08:17,08:56,17,35,39,No,5,Diagnostic imaging,MRI,619.07,420.97,88.4,Paid,,No,Community outreach
ENC-0510822,2025-01-19,North Campus,Primary Care,Procedure,16,Medicaid,English,10:17,10:24,10:24,10:50,11,0,26,No,4,Diabetes,Vaccination,486.29,233.42,18.67,Paid,,No,Primary care referral
ENC-0510823,2025-12-25,North Campus,Neurology,Follow-up,51,Commercial,English,12:39,12:53,13:14,14:18,16,21,64,No,3,Migraine,Consultation,1098.38,746.9,156.85,Paid,,No,Primary care referral
ENC-0510824,2025-12-09,North Campus,Orthopedics,New patient,34,Commercial,English,12:20,12:18,12:18,12:36,26,0,18,No,3,Spine disorder,Consultation,719.83,489.48,102.79,Paid,,No,Community outreach
ENC-0510825,2025-05-10,North Campus,Primary Care,Procedure,34,Commercial,Other,07:46,07:47,08:21,08:56,2,34,35,No,5,Diabetes,Office visit,98500,293.16,61.56,Paid,,No,Self referral
ENC-0510826,2025-07-09,North Campus,Imaging,Procedure,38,Commercial,English,07:43,07:39,08:07,08:46,4,28,39,No,4,Diagnostic imaging,Ultrasound,730.63,,,Under review,5,No,Self referral
ENC-0510827,2025-04-14,North Campus,Primary Care,Follow-up,60,Commercial,English,14:03,14:02,14:29,15:11,33,27,42,No,5,Respiratory infection,Office visit,262.41,,,Under review,,No,Specialist referral
ENC-0510828,2025-06-30,Lakeside Clinic,Orthopedics,New patient,49,Medicare,English,12:21,12:24,12:24,12:54,0,0,30,No,4,Sports injury,Injection,778.19,,,Pending,,No,Self referral
ENC-0510829,2025-02-03,West Community Hospital,Orthopedics,Follow-up,47,Medicaid,English,12:09,12:14,12:40,13:35,5,26,55,No,5,Fracture follow-up,Consultation,734.07,,,Pending,,No,Self referral
ENC-0510830,2025-03-01,West Community Hospital,Emergency,Emergency,26,Commercial,English,20:54,20:50,22:01,23:43,0,71,102,No,4,Respiratory symptoms,Evaluation and management,2888.2,1963.98,412.44,Paid,,No,Employer program
ENC-0510831,2025-05-18,West Community Hospital,Primary Care,Follow-up,26,Self-pay,English,09:46,09:57,09:57,10:35,25,0,38,No,5,Hypertension,Office visit,215.48,178.85,160.97,Paid,5,No,Community outreach
ENC-0510832,2025-06-12,North Campus,Primary Care,New patient,54,Self-pay,English,12:40,13:01,13:15,13:45,15,14,30,No,4,Diabetes,Office visit,376.86,312.79,281.51,Paid,,No,Specialist referral
ENC-0510833,2025-02-12,Central Medical Pavilion,Imaging,Follow-up,38,Medicaid,English,10:06,,,,21,,,Yes,4,NOT_RECORDED,NOT_PERFORMED,0,,,Not submitted,,NOT_APPLICABLE,Self referral
ENC-0510834,2025-07-11,Lakeside Clinic,Primary Care,Follow-up,50,Commercial,English,16:49,17:08,17:37,18:14,28,29,37,No,4,Diabetes,Office visit,389.66,264.97,55.64,Paid,,No,Community outreach
ENC-0510835,2025-06-07,Lakeside Clinic,Orthopedics,Follow-up,49,Commercial,English,07:36,07:41,07:59,08:39,37,18,40,No,5,Spine disorder,X-ray,644.64,438.36,92.06,Paid,3,No,Self referral
ENC-0510836,2025-03-31,Lakeside Clinic,Orthopedics,Follow-up,40,Commercial,English,15:13,15:22,15:36,16:10,32,14,34,No,5,Joint pain,X-ray,665.91,452.82,95.09,Paid,,No,Primary care referral
ENC-0510837,2025-05-13,West Community Hospital,Cardiology,Follow-up,45,Medicaid,Spanish,10:03,10:00,10:40,11:24,14,40,44,No,5,Hypertension,Echocardiogram,785.28,376.93,30.15,Paid,,No,Emergency transfer
ENC-0510838,2025-04-14,NORTH CAMPUS,Cardiology,Follow-up,36,Commercial,English,16:17,16:29,16:49,17:39,20,20,50,No,4,Arrhythmia,ECG,828.43,563.33,118.3,Paid,,No,Community outreach
ENC-0510839,2025-02-10,North Campus,Cardiology,Follow-up,67,Medicare,English,10:24,10:26,10:59,11:44,11,33,45,No,3,Coronary disease,ECG,1040.83,562.05,44.96,Paid,,No,Employer program
ENC-0510840,2025-09-10,North Campus,Emergency,Emergency,81,Commercial,Other,13:09,13:12,14:48,16:31,0,,103,No,3,Respiratory symptoms,Minor procedure,3327.82,2262.92,475.21,Paid,,No,Specialist referral
ENC-0510841,2025-04-10,North Campus,Emergency,Emergency,37,Workers compensation,English,12:00,12:15,13:23,14:42,0,68,79,No,3,Abdominal pain,Laboratory panel,3924.74,,222.93,Paid,3,Yes,Self referral
ENC-0510842,2025-02-27,Lakeside Clinic,Imaging,Follow-up,21,Commercial,Mandarin,07:32,07:47,08:10,08:39,25,23,29,No,3,Cancer surveillance,MRI,542.05,,,Pending,,No,Specialist referral
ENC-0510843,2025-10-15,Lakeside Clinic,Neurology,Follow-up,62,Commercial,English,16:58,17:14,18:03,19:10,35,49,67,No,5,Cognitive symptoms,Consultation,782.93,,,Pending,,No,Primary care referral
ENC-0510844,2025-06-07,Central Medical Pavilion,Oncology,New patient,29,Commercial,English,13:52,14:02,14:25,15:46,14,23,81,No,2,Solid tumor,Consultation,1995.25,,,Under review,5,No,Primary care referral
ENC-0510845,2025-07-29,West Community Hospital,Cardiology,Procedure,69,Medicaid,Other,12:43,12:39,12:53,14:04,12,14,71,No,4,Hypertension,Echocardiogram,1199.57,575.79,46.06,Paid,,No,Specialist referral
ENC-0510846,2025-03-16,Lakeside Clinic,Orthopedics,Follow-up,42,Medicaid,English,09:29,09:42,10:19,10:55,23,37,36,No,5,Sports injury,Injection,661.95,,,Under review,4,No,Primary care referral
ENC-0510847,2025-11-13,Central Medical Pavilion,Imaging,Procedure,27,Medicaid,English,13:33,13:41,13:41,14:34,15,0,53,No,3,Cancer surveillance,MRI,1174.69,563.85,45.11,Paid,5,No,Specialist referral
ENC-0510848,2025-12-04,West Community Hospital,Neurology,Telehealth,56,Commercial,English,14:12,14:10,14:36,15:16,32,26,40,No,3,Seizure disorder,EEG,1192.29,,,Pending,5,No,Self referral
ENC-0510849,2025-07-19,Lakeside Clinic,Oncology,Follow-up,31,Medicaid,English,07:33,07:49,07:49,09:19,42,0,90,No,4,Therapy follow-up,Infusion,2107.79,1011.74,80.94,Paid,5,No,Primary care referral
ENC-0510850,2025-05-11,Central Medical Pavilion,Emergency,Emergency,60,Workers compensation,Spanish,18:11,18:10,19:15,21:25,0,65,130,No,2,Injury,Laboratory panel,3138.52,2228.35,178.27,Paid,,No,
ENC-0510851,2025-07-18,West Community Hospital,Emergency,Emergency,64,Commercial,English,21:30,21:50,22:20,01:09,0,30,169,No,3,Chest pain,Laboratory panel,3489.52,0,0,Denied,,No,Specialist referral
ENC-0510852,2025-04-07,Lakeside Clinic,Cardiology,Follow-up,30,Commercial,Spanish,16:56,16:56,17:38,18:31,18,42,53,No,4,Hypertension,ECG,639.23,434.68,91.28,Paid,,No,Specialist referral
ENC-0510853,2025-07-16,Lakeside Clinic,Orthopedics,Follow-up,20,Commercial,English,08:01,08:05,08:19,08:58,17,14,39,No,3,Joint pain,X-ray,517.52,351.91,73.9,Paid,4,No,Primary care referral
ENC-0510854,2025-11-16,West Community Hospital,Imaging,Telehealth,33,Medicaid,English,16:26,16:37,16:52,17:20,4,15,28,No,4,Diagnostic imaging,CT,408.04,195.86,15.67,Paid,,No,Self referral
ENC-0510855,2025-05-06,West Community Hospital,Neurology,Telehealth,67,Medicare,English,13:28,13:30,14:02,15:08,21,32,66,No,5,Cognitive symptoms,Nerve study,863.1,466.07,37.29,Paid,3,No,Self referral
ENC-0510856,2025-05-07,West Community Hospital,Primary Care,Follow-up,96,Commercial,English,11:37,11:22,11:56,12:19,2,34,23,No,4,Preventive care,Office visit,313.05,212.87,44.7,Paid,4,No,Employer program
ENC-0510857,2025-03-26,Lakeside Clinic,Neurology,New patient,66,Workers compensation,English,15:02,15:00,15:37,16:13,21,37,36,No,5,Migraine,EEG,951.2,675.35,54.03,Paid,,No,Self referral
ENC-0510858,2025-11-13,Lakeside Clinic,Imaging,Follow-up,43,Commercial,French,09:51,09:54,10:18,10:47,,24,29,No,4,Musculoskeletal imaging,X-ray,520.83,354.16,74.37,Paid,,No,Primary care referral
ENC-0510859,2025-07-22,Central Medical Pavilion,Neurology,Procedure,96,Commercial,English,16:48,16:56,17:26,18:38,15,30,72,No,5,Seizure disorder,Nerve study,2110.51,1435.15,301.38,Paid,4,No,Primary care referral
ENC-0510860,2025-08-02,Lakeside Clinic,Emergency,Emergency,21,Commercial,Spanish,15:07,15:07,15:46,17:38,0,39,112,No,3,Injury,Minor procedure,2527.14,1718.46,360.88,Paid,,No,Primary care referral
ENC-0510861,2025-12-16,North Campus,Orthopedics,New patient,69,Commercial,Arabic,07:43,08:04,08:06,08:33,26,2,27,No,3,Joint pain,Injection,797.29,542.16,113.85,Paid,4,No,Primary care referral
ENC-0510862,2025-09-03,West Community Hospital,Imaging,New patient,50,Medicaid,English,11:01,10:48,11:43,12:24,27,55,41,No,5,Musculoskeletal imaging,CT,486.51,,,Pending,,No,Self referral
ENC-0510863,2025-11-10,North Campus,Imaging,Follow-up,57,Medicare,English,16:39,16:38,17:06,17:44,22,28,38,No,5,Diagnostic imaging,X-ray,470.13,,,Pending,,No,Primary care referral
ENC-0510864,2025-11-17,Lakeside Clinic,Imaging,Follow-up,42,Medicaid,Spanish,12:04,12:01,12:01,12:53,29,0,52,No,5,Musculoskeletal imaging,Ultrasound,615.58,,,Pending,,No,Primary care referral
ENC-0510865,2025-03-07,North Campus,Primary Care,Telehealth,67,Self-pay,English,15:30,15:35,16:13,16:49,25,38,36,No,3,Preventive care,Office visit,383.89,,,Pending,,No,Primary care referral
ENC-0510866,2025-01-23,Lakeside Clinic,Imaging,Procedure,7,Medicaid,Spanish,14:27,14:34,14:52,15:48,38,18,56,No,5,Diagnostic imaging,CT,729.13,349.98,28,Paid,,No,Primary care referral
ENC-0510867,2025-04-18,North Campus,Primary Care,Procedure,83,Medicare,Spanish,15:11,14:59,14:59,15:28,6,0,29,No,5,Hypertension,Office visit,560.3,,,Under review,,No,Primary care referral
ENC-0510868,2025-09-26,Lakeside Clinic,Imaging,Follow-up,62,Medicaid,English,08:29,08:33,08:56,09:39,0,23,43,No,4,Diagnostic imaging,X-ray,624.66,299.84,23.99,Paid,5,No,Specialist referral
ENC-0510869,2025-08-13,Central Medical Pavilion,Imaging,Follow-up,52,Commercial,Spanish,10:12,09:59,10:18,10:40,24,19,22,No,4,Diagnostic imaging,CT,523.39,355.91,74.74,Paid,,No,Primary care referral
ENC-0510870,2025-05-03,Lakeside Clinic,Neurology,Procedure,64,Commercial,English,11:31,11:35,11:51,12:43,10,16,52,No,5,Seizure disorder,EEG,2003.54,,,Pending,,No,Self referral
ENC-0510871,2025-05-13,Central Medical Pavilion,Emergency,Emergency,61,Medicaid,English,04:20,04:26,05:40,07:40,0,74,120,No,4,Abdominal pain,Evaluation and management,4144.98,,159.17,Paid,,No,Primary care referral
ENC-0510872,2025-11-17,Central Medical Pavilion,Primary Care,Procedure,96,Medicare,English,10:17,10:03,10:16,10:48,19,13,32,No,3,Respiratory infection,Office visit,460.77,248.82,19.91,Paid,,No,Primary care referral
ENC-0510873,2025-01-07,Central Medical Pavilion,Emergency,Emergency,10,Commercial,English,12:58,13:15,15:03,16:55,0,,112,No,2,Injury,Laboratory panel,3487.49,,,Pending,1,No,Employer program
ENC-0510874,2025-10-04,North Campus,Oncology,Follow-up,59,Self-pay,Arabic,09:37,09:42,10:13,11:24,14,31,71,No,3,Therapy follow-up,Consultation,2295.28,1905.08,1714.57,Paid,,Yes,Specialist referral
ENC-0510875,2025-08-29,North Campus,Cardiology,Follow-up,23,Commercial,English,14:24,14:39,15:21,16:04,21,42,43,No,4,Hypertension,Echocardiogram,989.32,672.74,141.28,Paid,,No,Emergency transfer
ENC-0510876,2025-09-24,Central Medical Pavilion,Primary Care,Telehealth,58,Medicare,English,15:04,15:03,15:26,15:53,15,23,27,No,5,Hypertension,Office visit,391.82,211.58,16.93,Paid,,No,Employer program
ENC-0510877,2025-10-03,North Campus,Neurology,Follow-up,62,Commercial,Spanish,15:18,15:21,15:44,16:28,0,23,44,No,4,Neuropathy,Nerve study,920.34,625.83,131.42,Paid,5,No,Specialist referral
ENC-0510878,2025-07-07,North Campus,Emergency,Emergency,30,Medicaid,English,02:48,02:59,04:26,07:16,0,87,170,No,3,Chest pain,Minor procedure,2820.64,1353.91,108.31,Paid,,Yes,Specialist referral
ENC-0510879,2025-12-18,West Community Hospital,Primary Care,Follow-up,35,Medicaid,Mandarin,12:35,12:36,13:14,13:37,7,38,23,No,5,Preventive care,Office visit,356.57,171.15,13.69,Paid,,No,Emergency transfer
ENC-0510880,2025-08-19,West Community Hospital,Primary Care,Follow-up,65,Medicare,Other,09:57,10:07,10:12,10:30,4,5,18,No,4,Hypertension,Office visit,386.5,208.71,16.7,Paid,4,No,Primary care referral
ENC-0510881,2025-12-31,Central Medical Pavilion,Primary Care,Telehealth,67,Commercial,English,16:07,15:39,16:09,16:44,23,30,35,No,4,Preventive care,Office visit,334.97,,,Under review,,Yes,Community outreach
ENC-0510882,2025-01-11,West Community Hospital,Imaging,Follow-up,71,Medicare ,English,12:08,12:04,12:04,12:48,22,0,44,No,5,Cancer surveillance,CT,673.94,363.93,29.11,Paid,5,No,Specialist referral
ENC-0510883,2025-09-27,West Community Hospital,Imaging,Follow-up,34,Medicaid,English,16:17,16:16,16:48,17:32,28,32,44,No,4,Diagnostic imaging,MRI,476.46,,,Under review,4,No,Primary care referral
ENC-0510884,2025-05-29,Central Medical Pavilion,Cardiology,Follow-up,70,Commercial,English,08:51,08:47,08:58,09:38,43,11,40,No,4,Arrhythmia,Echocardiogram,825.49,561.33,117.88,Paid,5,No,Primary care referral
ENC-0510884,10/13/2025,West Community Hospital,Cardiology,Procedure,54,Commercial,English,13:15,13:10,13:38,14:25,58,28,47,No,4,Arrhythmia,Consultation,1453.49,988.37,207.56,Paid,4,No,Self referral
ENC-0510886,2025-09-29,North Campus,Emergency,Emergency,53,Commercial,English,04:53,04:47,05:27,07:23,0,40,116,No,1,Injury,Laboratory panel,2109.5,,,Under review,4,No,Primary care referral
ENC-0510887,2025-11-22,West Community Hospital,Emergency,Emergency,90,Medicare,Spanish,07:02,07:12,09:01,11:22,0,,141,No,2,Neurologic symptoms,Evaluation and management,2467.49,1332.44,106.6,Paid,2,No,Self referral
ENC-0510888,2025-06-27,North Campus,Orthopedics,New patient,52,Self-pay,English,15:26,15:23,15:52,16:41,20,29,49,No,4,Joint pain,Injection,472,391.76,352.58,Paid,,No,Self referral
ENC-0510889,2025-08-26,West Community Hospital,Primary Care,Follow-up,32,Commercial,English,14:28,14:38,14:58,15:32,9,20,34,No,5,Diabetes,Office visit,241.85,0,0,Denied,4,No,Self referral
ENC-0510890,2025-10-21,North Campus,Primary Care,Procedure,71,Medicaid,Other,14:44,14:48,15:35,16:09,18,47,34,No,5,Preventive care,Vaccination,569.25,273.24,21.86,Paid,,No,Primary care referral
ENC-0510891,2025-02-18,Lakeside Clinic,Imaging,Procedure,55,Commercial,English,16:51,17:09,17:29,18:13,26,20,44,No,3,Diagnostic imaging,X-ray,764.93,,,Under review,,No,Emergency transfer
ENC-0510892,2025-11-18,Central Medical Pavilion,Primary Care,Follow-up,32,Commercial,English,16:28,16:23,16:31,16:51,18,8,20,No,5,Respiratory infection,Screening,271,184.28,38.7,Paid,5,No,Community outreach
ENC-0510893,2025-11-09,North Campus,Orthopedics,Follow-up,70,Medicaid,Spanish,07:51,07:38,08:11,08:56,1,33,45,No,5,Sports injury,Injection,825.68,396.33,31.71,Paid,,No,Primary care referral
ENC-0510894,2025-05-01,Central Medical Pavilion,Cardiology,Follow-up,41,Self-pay,Mandarin,07:49,07:54,08:36,09:24,6,42,48,No,4,Arrhythmia,Consultation,775.51,,,Pending,4,Yes,Primary care referral
ENC-0510895,2025-05-18,Central Medical Pavilion,Emergency,Emergency,75,Medicare,English,08:52,09:10,10:15,12:13,0,65,118,No,3,Respiratory symptoms,Evaluation and management,3367.47,1818.43,145.47,Paid,,No,Self referral
ENC-0510896,2025-05-21,North Campus,Cardiology,New patient,91,Commercial,English,08:19,,,,0,,,Yes,3,NOT_RECORDED,NOT_PERFORMED,0,,,Not submitted,,NOT_APPLICABLE,Employer program
ENC-0510897,2025-10-03,North Campus,Cardiology,Procedure,12,Medicaid,English,10:24,10:39,11:02,11:34,3,23,32,No,4,Arrhythmia,Echocardiogram,1357.59,651.64,52.13,Paid,,No,
ENC-0510898,2025-02-10,Lakeside Clinic,Orthopedics,Follow-up,41,Commercial,English,11:07,11:24,11:42,12:30,18,18,48,No,4,Joint pain,Consultation,519.22,,,Pending,,No,Specialist referral
ENC-0510899,2025-07-26,North Campus,Primary Care,Follow-up,96,Medicare,English,11:02,11:16,11:33,12:16,24,17,43,No,4,Preventive care,Screening,247.04,133.4,10.67,Paid,5,No,Emergency transfer
ENC-0510900,2025-04-03,Lakeside Clinic,Primary Care,Follow-up,62,Medicare,English,09:34,09:44,10:08,10:28,0,24,20,No,4,Respiratory infection,Screening,351.04,189.56,15.16,Paid,,No,Self referral
ENC-0510901,2025-07-26,Lakeside Clinic,Emergency,Emergency,58,Medicaid,Spanish,21:05,21:01,22:25,00:53,0,84,148,No,4,Respiratory symptoms,Minor procedure,2806.15,1346.95,107.76,Paid,,No,Specialist referral
ENC-0510902,2025-05-14,Central Medical Pavilion,Emergency,Emergency,37,Commercial,English,22:04,22:21,22:49,01:35,0,28,166,No,2,Neurologic symptoms,Evaluation and management,3323.3,2259.84,474.57,Paid,,No,Specialist referral
ENC-0510903,2025-10-03,North Campus,Oncology,Follow-up,71,Commercial,English,07:56,07:59,08:46,09:50,29,47,64,No,4,Solid tumor,Laboratory monitoring,1710.85,1163.38,244.31,Paid,,No,Employer program
ENC-0510904,2025-03-06,Central Medical Pavilion,Primary Care,Follow-up,66,Commercial,English,16:29,16:46,16:46,17:08,7,0,22,No,4,Diabetes,Office visit,374.46,254.63,53.47,Paid,5,No,Emergency transfer
ENC-0510905,2025-01-18,Lakeside Clinic,Emergency,Emergency,90,Medicare,English,14:48,15:03,16:35,18:36,0,,121,No,5,Abdominal pain,Minor procedure,2736.95,0,0,Denied,,No,Self referral
ENC-0510906,2025-05-29,Lakeside Clinic,Emergency,Emergency,40,Medicaid,English,10:22,10:28,12:09,14:07,0,,118,No,3,Respiratory symptoms,Minor procedure,2202.48,,,Pending,,No,Primary care referral
ENC-0510907,2025-04-02,West Community Hospital,Primary Care,Follow-up,20,Medicaid,English,13:56,13:47,13:47,14:15,21,0,28,No,4,Respiratory infection,Office visit,270.47,,,Under review,5,No,Community outreach
ENC-0510908,2025-06-10,Central Medical Pavilion,Neurology,Follow-up,93,Medicare,Mandarin,14:26,14:15,14:44,15:52,20,29,68,No,4,Neuropathy,Consultation,1030.24,556.33,44.51,Paid,,No,Employer program
ENC-0510909,2025-12-11,Lakeside Clinic,Neurology,Procedure,50,Commercial,English,13:15,13:19,13:27,14:21,8,8,54,No,3,Neuropathy,Nerve study,1787.35,1215.4,255.23,Paid,,No,Primary care referral
ENC-0510910,2025-01-18,Central Medical Pavilion,Emergency,Emergency,96,Medicare,English,09:23,09:31,10:32,13:02,0,61,150,No,4,Abdominal pain,Laboratory panel,3064.82,1655,132.4,Paid,,No,Specialist referral
ENC-0510911,2025-02-13,West Community Hospital,Neurology,Follow-up,31,Commercial,English,10:56,11:04,11:29,12:10,,25,41,No,4,Cognitive symptoms,Consultation,882.78,,,Under review,4,No,Self referral
ENC-0510912,2025-06-25,Central Medical Pavilion,Orthopedics,Follow-up,51,Medicare,Spanish,09:50,09:53,10:01,10:38,20,8,37,No,4,Joint pain,Injection,819.66,442.62,35.41,Paid,,No,Self referral
ENC-0510913,2025-03-09,Central Medical Pavilion,Imaging,New patient,68,Commercial,English,13:43,14:00,14:00,14:36,13,0,36,No,4,Musculoskeletal imaging,CT,635.56,432.18,90.76,Paid,4,No,Emergency transfer
ENC-0510914,2025-04-22,Central Medical Pavilion,Oncology,New patient,-4,Medicaid,English,07:52,08:04,08:43,10:14,21,39,91,No,5,Solid tumor,Laboratory monitoring,1567.17,0,0,Denied,,Yes,Specialist referral
ENC-0510915,2025-01-28,North Campus,Primary Care,New patient,44,Commercial,English,15:26,15:11,15:33,15:58,31,22,25,No,5,Preventive care,Office visit,314.57,213.91,44.92,Paid,,No,Primary care referral
ENC-0510916,2025-06-12,Lakeside Clinic,Primary Care,New patient,62,Commercial,English,14:18,14:22,14:32,15:00,0,10,28,No,4,Diabetes,Screening,245.3,166.8,35.03,Paid,,No,Primary care referral
ENC-0510917,2025-02-15,Central Medical Pavilion,Oncology,New patient,75,Medicare,English,07:55,08:08,08:45,10:13,42,37,88,No,2,Hematologic malignancy,Infusion,1458.81,,,Pending,,No,Community outreach
ENC-0510918,2025-05-14,North Campus,Neurology,New patient,35,Medicaid,English,11:53,12:06,12:56,13:40,23,50,44,No,3,Seizure disorder,Consultation,1266.85,,,Under review,,No,Self referral
ENC-0510919,2025-05-30,North Campus,Emergency,Emergency,26,Medicaid,Mandarin,23:30,23:37,23:48,01:57,0,11,129,No,2,Chest pain,Laboratory panel,2238.54,1074.5,85.96,Paid,,No,Specialist referral
ENC-0510920,2025-01-24,Lakeside Clinic,Neurology,New patient,67,Medicare,Spanish,07:34,07:16,07:38,08:25,2,22,47,No,3,Migraine,Consultation,748.14,404,32.32,Paid,,No,Self referral
ENC-0510921,2025-09-22,NORTH CAMPUS,Imaging,New patient,34,Commercial,English,07:56,08:16,08:39,09:12,1,23,33,No,5,Musculoskeletal imaging,MRI,581.13,0,0,Denied,,No,Self referral
ENC-0510922,2025-04-05,Central Medical Pavilion,Primary Care,New patient,43,Commercial,English,15:08,15:14,15:23,15:58,11,9,35,No,4,Respiratory infection,Screening,373.56,0,0,Denied,5,Yes,Emergency transfer
ENC-0510923,2025-03-27,Lakeside Clinic,Emergency,Emergency,92,Medicare,English,21:43,21:54,23:22,01:49,0,88,147,No,1,Abdominal pain,Laboratory panel,3437.79,1856.41,148.51,Paid,,Yes,Primary care referral
ENC-0510924,2025-07-18,Lakeside Clinic,Emergency,Emergency,63,Medicaid,English,21:04,21:00,22:26,01:24,0,86,178,No,3,Neurologic symptoms,Minor procedure,2758.98,1324.31,105.94,Paid,,Yes,Emergency transfer
ENC-0510925,2025-11-03,Lakeside Clinic,Imaging,Follow-up,26,Commercial,English,14:36,14:38,14:58,15:35,29,20,37,No,3,Diagnostic imaging,X-ray,531.64,0,0,Denied,4,No,Emergency transfer
ENC-0510926,2025-08-21,West Community Hospital,Primary Care,Follow-up,73,Medicare,English,07:39,07:30,07:46,08:17,28,16,31,No,5,Diabetes,Office visit,388.13,209.59,16.77,Paid,,No,Emergency transfer
ENC-0510927,2025-12-19,North Campus,Primary Care,Procedure,57,Commercial,Other,12:27,12:44,13:07,13:43,22,23,36,No,5,Diabetes,Office visit,385.1,261.87,54.99,Paid,5,No,Emergency transfer
ENC-0510928,2025-09-29,North Campus,ORTHO,Procedure,42,Self-pay,English,16:29,16:45,16:50,17:35,4,5,45,No,4,Fracture follow-up,Consultation,1425.39,1183.07,1064.76,Paid,,No,Emergency transfer
ENC-0510929,2025-01-26,Lakeside Clinic,Imaging,Procedure,57,Medicare,English,11:37,11:17,11:41,12:19,27,24,38,No,4,Musculoskeletal imaging,Ultrasound,1072.4,579.1,46.33,Paid,,Yes,Emergency transfer
ENC-0510930,2025-08-13,Lakeside Clinic,Cardiology,New patient,77,Medicare,English,11:08,11:15,11:42,12:32,7,27,50,No,4,Heart failure,Consultation,831.56,449.04,35.92,Paid,4,No,Specialist referral
ENC-0510931,2025-09-16,Lakeside Clinic,Orthopedics,Follow-up,45,Medicaid,English,15:37,15:43,16:02,16:56,12,19,54,No,5,Fracture follow-up,X-ray,685.82,,,Pending,3,No,Specialist referral
ENC-0510932,2025-01-03,Central Medical Pavilion,Neurology,Procedure,67,Commercial,English,09:04,09:00,09:26,10:52,38,26,86,No,4,Seizure disorder,Consultation,1939,,,Pending,3,No,Primary care referral
ENC-0510933,2025-02-08,North Campus,Emergency,Emergency,63,Commercial,English,15:59,15:39,18:08,20:48,0,,160,No,5,Neurologic symptoms,Minor procedure,3927.97,,,Pending,,No,Specialist referral
ENC-0510934,2025-04-10,North Campus,Imaging,Follow-up,90,Medicare,English,08:20,08:31,08:47,09:12,15,16,25,No,3,Musculoskeletal imaging,X-ray,697.48,0,0,Denied,5,No,Primary care referral
ENC-0510935,2025-09-16,Central Medical Pavilion,Primary Care,Follow-up,45,Commercial,English,12:44,12:42,13:14,13:52,10,32,38,No,4,Respiratory infection,Vaccination,325.27,221.18,46.45,Paid,,No,Self referral
ENC-0510936,2025-03-02,Central Medical Pavilion,Imaging,Follow-up,40,Self-pay,English,12:19,12:31,12:31,12:58,33,0,27,No,5,Musculoskeletal imaging,MRI,604.66,501.87,451.68,Paid,,No,Emergency transfer
ENC-0510937,2025-05-30,North Campus,Emergency,Emergency,37,Commercial,Spanish,01:46,01:55,02:21,04:24,0,26,123,No,3,Chest pain,Evaluation and management,4031.12,,,Pending,5,No,Specialist referral
ENC-0510938,2025-06-08,North Campus,Emergency,Emergency,90,Self-pay,English,18:23,18:33,20:08,23:37,0,,209,No,2,Neurologic symptoms,Minor procedure,3164.57,,,Pending,,No,Self referral
ENC-0510939,2025-01-30,Central Medical Pavilion,Emergency,Emergency,63,Medicaid,Spanish,23:22,23:23,00:26,02:53,0,63,147,No,3,Chest pain,Evaluation and management,3108.52,1492.09,119.37,Paid,4,No,Self referral
ENC-0510940,2025-08-08,North Campus,Orthopedics,Follow-up,64,Medicare,Spanish,13:22,13:42,13:50,14:33,13,8,43,No,4,Sports injury,Consultation,547.75,295.79,23.66,Paid,,No,Primary care referral
ENC-0510941,2025-02-20,West Community Hospital,Imaging,Follow-up,96,Medicare,English,11:08,11:04,11:43,12:09,8,39,26,No,5,Musculoskeletal imaging,MRI,604.33,,,Pending,,No,Primary care referral
ENC-0510942,2025-09-19,Lakeside Clinic,Cardiology,Follow-up,31,Commercial,English,09:47,09:44,10:25,11:26,23,41,61,No,4,Arrhythmia,Consultation,823.73,560.14,117.63,Paid,,No,Specialist referral
ENC-0510943,2025-10-06,Lakeside Clinic,Cardiology,Procedure,17,Commercial,Spanish,09:51,10:02,10:06,11:07,29,4,61,No,3,Heart failure,ECG,1241.12,843.96,177.23,Paid,,No,Primary care referral
ENC-0510944,2025-04-18,Central Medical Pavilion,Primary Care,New patient,71,Commercial,English,10:23,10:35,11:05,11:34,0,30,29,No,4,Respiratory infection,Vaccination,322.84,219.53,46.1,Paid,5,No,
ENC-0510945,2025-09-01,Lakeside Clinic,Emergency,Emergency,21,Commercial,English,10:12,10:06,11:13,13:05,0,67,112,No,5,Neurologic symptoms,Minor procedure,3353.11,2280.11,478.82,Paid,,No,Community outreach
ENC-0510946,2025-04-06,Lakeside Clinic,Orthopedics,New patient,84,Medicare,English,11:36,11:29,11:54,12:33,37,25,39,No,5,Sports injury,Consultation,817.05,441.21,35.3,Paid,3,No,Primary care referral
ENC-0510947,2025-01-30,Lakeside Clinic,Primary Care,Procedure,71,Commercial,English,11:51,11:55,11:55,12:29,25,0,34,No,3,Diabetes,Vaccination,502.84,,,Pending,,No,Specialist referral
ENC-0510948,2025-03-22,Lakeside Clinic,Cardiology,New patient,56,Self-pay,English,08:29,08:36,09:02,09:53,20,26,51,No,5,Heart failure,Echocardiogram,1017.63,,,Under review,4,No,Self referral
ENC-0510949,2025-11-15,Lakeside Clinic,Imaging,Follow-up,74,Commercial,English,12:53,12:57,13:25,13:47,43,28,22,No,4,Musculoskeletal imaging,X-ray,450.04,306.03,64.27,Paid,4,No,Specialist referral
ENC-0510950,2025-03-03,Lakeside Clinic,Imaging,Procedure,55,Medicaid,English,12:54,12:47,12:59,13:52,40,12,53,No,4,Diagnostic imaging,MRI,852.22,0,0,Denied,,No,Primary care referral
ENC-0510951,2025-03-01,Central Medical Pavilion,Imaging,Procedure,29,Commercial,French,13:18,13:21,14:10,14:43,10,49,33,No,4,Diagnostic imaging,X-ray,882.14,,,Pending,4,No,Primary care referral
ENC-0510952,2025-10-19,North Campus,Primary Care,Follow-up,61,Medicare,English,16:41,,,,22,,,Yes,4,NOT_RECORDED,NOT_PERFORMED,0,,,Not submitted,,NOT_APPLICABLE,Self referral
ENC-0510953,2025-01-18,Lakeside Clinic,Cardiology,Procedure,40,Self-pay,English,10:40,10:37,11:09,12:04,15,32,55,No,4,Hypertension,ECG,1664.58,,,Under review,,No,Primary care referral
ENC-0510954,2025-07-24,Central Medical Pavilion,Imaging,Follow-up,17,Commercial,English,11:29,,,,14,,,Yes,5,NOT_RECORDED,NOT_PERFORMED,0,,,Not submitted,,NOT_APPLICABLE,Primary care referral
ENC-0510955,2025-05-29,North Campus,Neurology,New patient,82,Medicare,English,13:02,12:47,13:28,14:04,43,41,36,No,5,Seizure disorder,Consultation,1035.47,559.15,44.73,Paid,,No,Self referral
ENC-0510956,2025-12-27,Central Medical Pavilion,Imaging,Telehealth,23,Medicaid,English,11:29,,,,21,,,Yes,5,NOT_RECORDED,NOT_PERFORMED,0,,,Not submitted,,NOT_APPLICABLE,Emergency transfer
ENC-0510957,2025-05-31,Lakeside Clinic,Orthopedics,Follow-up,96,Medicare,English,10:39,10:41,11:27,12:10,30,46,43,No,3,Fracture follow-up,X-ray,775.26,418.64,33.49,Paid,,No,Employer program
ENC-0510958,2025-01-12,North Campus,Primary Care,New patient,26,Medicaid,English,12:33,,,,22,,,Yes,4,NOT_RECORDED,NOT_PERFORMED,0,,,Not submitted,,NOT_APPLICABLE,Employer program
ENC-0510959,2025-09-03,Lakeside Clinic,Imaging,Telehealth,36,Commercial,English,07:43,07:49,08:07,08:49,0,18,42,No,4,Musculoskeletal imaging,X-ray,687.69,467.63,98.2,Paid,,No,Primary care referral
ENC-0510960,2025-10-22,West Community Hospital,Imaging,Follow-up,6,Medicaid,English,07:34,07:24,08:06,08:40,0,42,34,No,5,Musculoskeletal imaging,CT,555.89,266.83,21.35,Paid,4,No,Community outreach
ENC-0510961,2025-12-27,West Community Hospital,Primary Care,Follow-up,45,COMM,English,16:13,16:09,16:29,17:02,9,20,33,No,4,Diabetes,Screening,259.58,176.51,37.07,Paid,4,No,Primary care referral
ENC-0510962,2025-07-17,Central Medical Pavilion,Primary Care,Follow-up,38,Commercial,English,16:32,16:36,16:56,17:30,11,20,34,No,3,Respiratory infection,Office visit,381.43,259.37,54.47,Paid,,No,Primary care referral
ENC-0510963,2025-09-20,Lakeside Clinic,Cardiology,Follow-up,40,Commercial,Spanish,09:28,09:47,10:09,11:04,25,22,55,No,4,Arrhythmia,Consultation,719.96,489.57,102.81,Paid,,No,Primary care referral
ENC-0510964,2025-08-19,Central Medical Pavilion,Neurology,Follow-up,30,Medicaid,English,10:55,10:52,11:22,11:42,,30,20,No,3,Neuropathy,Nerve study,1113.98,534.71,42.78,Paid,4,No,Emergency transfer
ENC-0510965,2025-02-09,West Community Hospital,Imaging,New patient,79,Medicare,English,15:28,15:36,15:49,16:09,8,13,20,No,4,Musculoskeletal imaging,Ultrasound,703.58,,,Under review,,No,Emergency transfer
ENC-0510966,2025-12-29,North Campus,Orthopedics,New patient,18,Commercial,English,16:45,16:48,17:03,17:41,27,15,38,No,4,Fracture follow-up,Injection,832.73,566.26,118.91,Paid,5,No,Specialist referral
ENC-0510967,2025-05-31,North Campus,Oncology,Follow-up,37,Commercial,English,14:12,14:12,15:03,16:13,18,51,70,No,5,Hematologic malignancy,Consultation,2161.32,1469.7,308.64,Paid,3,No,Primary care referral
ENC-0510968,2025-10-26,West Community Hospital,Oncology,New patient,75,Medicare,English,14:54,14:47,15:07,16:13,4,20,66,No,5,Therapy follow-up,Infusion,1542.08,832.72,66.62,Paid,4,No,Employer program
ENC-0510969,2025-02-26,West Community Hospital,Imaging,Follow-up,42,Commercial,English,09:06,09:12,10:10,10:54,46,58,44,No,4,Cancer surveillance,X-ray,507.99,,,Pending,,No,Self referral
ENC-0510970,2025-12-29,North Campus,Emergency,Emergency,85,Medicare,English,07:08,07:17,08:18,10:13,0,61,115,No,2,Injury,Minor procedure,2408.13,,,Under review,,No,Emergency transfer
ENC-0510971,2025-09-11,Lakeside Clinic,Primary Care,Follow-up,78,Commercial,English,08:49,08:48,09:10,09:46,37,22,36,No,5,Respiratory infection,Screening,302.22,205.51,43.16,Paid,5,No,Primary care referral
ENC-0510972,2025-08-05,Central Medical Pavilion,Cardiology,Telehealth,39,Commercial,English,15:23,15:25,15:59,16:58,0,34,59,No,2,Hypertension,Echocardiogram,795.88,0,0,Denied,,No,Primary care referral
ENC-0510973,2025-10-30,Central Medical Pavilion,Cardiology,Follow-up,54,Commercial,Other,15:37,15:26,16:01,16:42,18,35,41,No,4,Arrhythmia,Consultation,703.59,478.44,100.47,Paid,4,No,Self referral
ENC-0510974,2025-05-16,Lakeside Clinic,Emergency,Emergency,88,Medicare,English,04:33,04:46,04:46,06:58,0,0,132,No,5,Injury,Evaluation and management,3674.96,1984.48,158.76,Paid,,No,Primary care referral
ENC-0510975,2025-06-26,Lakeside Clinic,Orthopedics,Follow-up,19,Commercial,English,11:11,11:15,11:16,12:02,6,1,46,No,3,Fracture follow-up,X-ray,545.71,371.08,77.93,Paid,4,No,Self referral
ENC-0510976,2025-07-24,Central Medical Pavilion,Cardiology,Follow-up,24,Workers compensation,English,16:50,16:58,17:14,17:48,20,16,34,No,4,Heart failure,ECG,953.86,677.24,54.18,Paid,,Yes,Specialist referral
ENC-0510977,2025-05-23,West Community Hospital,Neurology,Follow-up,48,Commercial,English,15:17,15:09,15:54,16:52,18,45,58,No,2,Neuropathy,EEG,964,,,Pending,4,No,Self referral
ENC-0510978,2025-08-17,Lakeside Clinic,Primary Care,Follow-up,51,Medicare,English,16:58,16:59,17:16,17:44,5,17,28,No,4,Respiratory infection,Vaccination,357.4,,,Under review,,No,Self referral
ENC-0510979,2025-12-31,Lakeside Clinic,Imaging,New patient,57,Medicaid,Arabic,14:54,15:02,15:37,16:02,41,35,25,No,5,Cancer surveillance,X-ray,517.05,248.18,19.85,Paid,,Yes,Self referral
ENC-0510980,2025-02-11,Central Medical Pavilion,Emergency,Emergency,36,Medicaid,Spanish,17:10,17:29,18:12,20:11,0,43,119,No,4,Chest pain,Minor procedure,3168.78,1521.01,121.68,Paid,,No,Self referral
ENC-0510981,2025-05-28,West Community Hospital,Primary Care,Follow-up,94,Medicare,English,13:10,13:13,13:13,13:36,26,0,23,No,4,Diabetes,Vaccination,318.57,172.03,13.76,Paid,,No,Specialist referral
ENC-0510982,12/06/2025,Lakeside Clinic,Imaging,New patient,79,Commercial,English,14:51,14:42,15:06,15:48,12,24,42,No,3,Cancer surveillance,CT,560.72,381.29,80.07,Paid,5,No,Primary care referral
ENC-0510983,2025-08-12,Lakeside Clinic,Primary Care,Follow-up,43,Self-pay,Mandarin,14:36,14:33,15:03,15:42,43,30,39,No,4,Respiratory infection,Screening,364.18,302.27,272.04,Paid,,No,Specialist referral
ENC-0510984,2025-07-26,North Campus,Imaging,New patient,47,Medicaid,English,14:02,14:11,14:34,15:12,28,23,38,No,4,Musculoskeletal imaging,Ultrasound,533.34,,,Pending,5,No,Community outreach
ENC-0510985,2025-05-21,Central Medical Pavilion,Imaging,Procedure,57,Commercial,Spanish,15:40,15:39,16:18,17:01,19,39,43,No,4,Cancer surveillance,Ultrasound,949.78,0,0,Denied,,No,Specialist referral
ENC-0510986,2025-05-12,Central Medical Pavilion,Imaging,Follow-up,72,Medicaid,Spanish,08:25,08:04,08:19,08:53,11,15,34,No,3,Cancer surveillance,X-ray,667.92,320.6,25.65,Paid,4,No,Self referral
ENC-0510987,2025-07-21,North Campus,Imaging,New patient,46,Medicaid,Arabic,15:15,15:19,15:44,16:24,16,25,40,No,5,Diagnostic imaging,CT,432.03,,,Under review,5,No,Specialist referral
ENC-0510988,2025-09-22,North Campus,Emergency,Emergency,48,Medicaid,English,05:21,05:29,06:01,08:06,0,32,125,No,3,Injury,Laboratory panel,3808.32,,146.24,Paid,4,No,Self referral
ENC-0510989,2025-05-10,North Campus,Oncology,Follow-up,82,Medicare,Other,13:03,13:19,13:59,15:13,22,40,74,No,2,Therapy follow-up,Consultation,2124.54,1147.25,91.78,Paid,,No,Primary care referral
ENC-0510990,2025-01-24,Lakeside Clinic,Cardiology,Telehealth,40,Commercial,English,10:10,10:15,11:05,11:39,6,50,34,No,3,Coronary disease,ECG,709.03,482.14,101.25,Paid,,No,Primary care referral
ENC-0510991,2025-10-30,West Community Hospital,Oncology,New patient,18,Commercial,English,15:04,15:17,15:37,17:02,0,20,85,No,4,Solid tumor,Infusion,2635.87,,,Pending,,No,
ENC-0510992,2025-09-20,North Campus,Emergency,Emergency,26,Self-pay,English,17:45,17:44,18:16,20:35,0,32,139,No,5,Abdominal pain,Minor procedure,2548.73,2115.45,1903.9,Paid,5,Yes,Self referral
ENC-0510993,2025-03-24,Central Medical Pavilion,Orthopedics,Telehealth,65,Medicare,English,08:15,08:22,08:23,08:47,16,1,24,No,3,Fracture follow-up,Consultation,674.28,364.11,29.13,Paid,,No,Emergency transfer
ENC-0510994,2025-08-06,Central Medical Pavilion,Neurology,Follow-up,24,Self-pay,Spanish,12:10,12:05,12:51,13:37,1,46,46,No,4,Seizure disorder,Nerve study,1211.11,,,Under review,,No,Specialist referral
ENC-0510995,2025-05-26,West Community Hospital,Cardiology,New patient,30,Self-pay,English,16:26,16:47,17:00,17:59,9,13,59,No,4,Arrhythmia,Consultation,896.91,744.44,670,Paid,5,No,Primary care referral
ENC-0510996,2025-05-23,West Community Hospital,Emergency,Emergency,71,Medicare,English,21:27,21:41,22:47,01:10,0,66,143,No,5,Abdominal pain,Evaluation and management,2729.48,1473.92,117.91,Paid,,No,Primary care referral
ENC-0510997,2025-11-18,West Community Hospital,Cardiology,New patient,86,Medicare,Mandarin,16:21,16:42,17:06,17:49,4,24,43,No,5,Hypertension,Consultation,833.14,449.9,35.99,Paid,,No,Specialist referral
ENC-0510998,2025-11-02,Lakeside Clinic,Imaging,New patient,96,Medicaid,English,08:01,08:02,08:19,09:11,30,17,52,No,4,Cancer surveillance,MRI,406.95,195.34,15.63,Paid,,No,Primary care referral
ENC-0510999,2025-07-24,West Community Hospital,Oncology,New patient,40,Commercial,English,15:54,16:14,16:47,17:56,6,33,69,No,4,Therapy follow-up,Laboratory monitoring,1984.23,1349.28,283.35,Paid,,No,Primary care referral
ENC-0511000,2025-10-14,Central Medical Pavilion,Primary Care,Procedure,96,Medicare,English,10:29,10:40,11:12,11:39,3,32,27,No,4,Hypertension,Screening,536.32,289.61,23.17,Paid,,No,Community outreach
ENC-0511001,2025-01-19,Lakeside Clinic,Imaging,New patient,96,Medicare,Arabic,13:41,13:43,13:58,14:56,20,15,58,No,5,Musculoskeletal imaging,X-ray,670.87,362.27,28.98,Paid,,No,Primary care referral
ENC-0511002,2025-07-02,West Community Hospital,Orthopedics,Follow-up,77,Medicaid,English,16:39,16:50,17:05,17:47,27,15,42,No,5,Sports injury,Consultation,563.38,0,0,Denied,4,No,Primary care referral
ENC-0511003,2025-07-08,Central Medical Pavilion,Neurology,New patient,36,Medicaid,English,09:35,09:30,10:02,11:02,4,32,60,No,5,Neuropathy,EEG,1120.98,,,Under review,5,No,Specialist referral
ENC-0511004,2025-11-11,CENTRAL MEDICAL PAVILION,Imaging,Procedure,25,Commercial,English,11:29,11:29,12:01,12:35,21,32,34,No,4,Musculoskeletal imaging,MRI,1056.67,718.54,150.89,Paid,3,No,Primary care referral
ENC-0511005,2025-06-18,West Community Hospital,Orthopedics,New patient,16,Commercial,English,14:49,14:41,14:49,15:20,55,8,31,No,3,Sports injury,Consultation,743.96,505.89,106.24,Paid,,No,Emergency transfer
ENC-0511006,2025-02-08,Central Medical Pavilion,Neurology,Procedure,88,Medicare,English,10:03,10:16,10:19,11:12,0,3,53,No,5,Neuropathy,Nerve study,1639.54,0,0,Denied,,No,Employer program
ENC-0511007,2025-10-11,West Community Hospital,Emergency,Emergency,31,Commercial,English,20:49,21:04,23:04,01:12,0,,128,No,4,Neurologic symptoms,Minor procedure,2715.52,1846.55,387.78,Paid,2,Yes,Self referral
ENC-0511008,2025-02-22,North Campus,Cardiology,New patient,35,Workers compensation,Spanish,10:05,10:09,10:53,11:26,0,44,33,No,3,Arrhythmia,ECG,1053.34,747.87,59.83,Paid,3,No,Primary care referral
ENC-0511009,2025-07-26,Lakeside Clinic,Primary Care,Follow-up,80,Medicare,French,15:12,15:26,15:40,15:53,37,14,13,No,4,Hypertension,Vaccination,391.41,211.36,16.91,Paid,,No,Specialist referral
ENC-0511010,2025-11-22,Lakeside Clinic,Emergency,Emergency,60,Commercial,English,01:38,01:43,03:24,05:00,0,,96,No,5,Neurologic symptoms,Minor procedure,4492.3,0,0,Denied,,No,Primary care referral
ENC-0511011,2025-01-21,West Community Hospital,Emergency,Emergency,39,Medicare,English,07:01,07:04,07:08,09:04,0,4,116,No,2,Neurologic symptoms,Laboratory panel,2897.91,1564.87,125.19,Paid,,Yes,Community outreach
ENC-0511012,2025-05-24,North Campus,Primary Care,Follow-up,65,Medicare,Mandarin,13:46,13:56,13:56,14:16,18,0,20,No,4,Preventive care,Vaccination,333.43,180.05,14.4,Paid,,No,Self referral
ENC-0511013,2025-09-07,Lakeside Clinic,Emergency,Emergency,55,Commercial,English,19:28,19:38,20:56,23:08,0,78,132,No,2,Injury,Evaluation and management,3485.02,2369.81,497.66,Paid,2,No,Emergency transfer
ENC-0511014,2025-06-20,Lakeside Clinic,Orthopedics,Follow-up,45,Commercial,Spanish,14:31,14:37,14:48,15:25,19,11,37,No,4,Fracture follow-up,X-ray,867.3,0,0,Denied,5,No,Specialist referral
ENC-0511015,2025-03-20,West Community Hospital,Primary Care,Procedure,7,Workers compensation,English,13:33,13:38,13:56,14:17,5,18,21,No,5,Preventive care,Office visit,591.57,420.01,33.6,Paid,,No,Self referral
ENC-0511016,2025-07-15,West Community Hospital,Imaging,New patient,62,Self-pay,English,13:42,13:27,13:43,14:22,0,16,39,No,3,Cancer surveillance,X-ray,464.48,385.52,346.97,Paid,5,No,Specialist referral
ENC-0511017,2025-01-02,Lakeside Clinic,Neurology,Follow-up,16,Medicaid,English,12:24,12:21,12:44,13:23,,23,39,No,3,Migraine,Consultation,1114.25,534.84,42.79,Paid,5,No,Primary care referral
ENC-0511018,2025-10-14,Lakeside Clinic,Imaging,Procedure,41,Self-pay,English,12:35,12:42,12:43,13:20,21,1,37,No,5,Cancer surveillance,MRI,950.36,788.8,709.92,Paid,,No,Employer program
ENC-0511019,2025-04-05,West Community Hospital,Imaging,New patient,89,Medicare,English,13:30,13:21,13:38,14:06,16,17,28,No,4,Diagnostic imaging,Ultrasound,583.84,315.27,25.22,Paid,,No,Primary care referral
ENC-0511020,2025-01-07,North Campus,Imaging,Follow-up,34,Medicaid,Spanish,15:41,16:16,16:54,17:12,22,38,18,No,5,Musculoskeletal imaging,MRI,468.83,,,Under review,,No,Emergency transfer
ENC-0511021,2025-12-19,Central Medical Pavilion,Emergency,Emergency,56,Commercial,English,14:47,14:29,16:29,19:28,0,,179,No,2,Injury,Laboratory panel,2817.41,1915.84,402.33,Paid,,No,Employer program
ENC-0511022,2025-10-07,Lakeside Clinic,Cardiology,New patient,42,Medicare,English,14:32,14:46,15:13,15:45,28,27,32,No,4,Coronary disease,ECG,646.62,,,Under review,,No,Self referral
ENC-0511023,2025-07-30,Central Medical Pavilion,Oncology,New patient,42,Commercial,Mandarin,14:14,14:24,14:34,15:32,42,10,58,No,5,Hematologic malignancy,Infusion,2185.79,,,Under review,4,No,Primary care referral
ENC-0511024,2025-09-30,West Community Hospital,Orthopedics,Follow-up,40,Commercial,English,12:11,12:20,12:24,13:03,14,4,39,No,4,Sports injury,Consultation,545.77,371.12,77.94,Paid,,No,Primary care referral
ENC-0511025,2025-11-30,Central Medical Pavilion,Neurology,Procedure,36,Commercial,English,09:09,09:07,09:27,10:58,17,20,91,No,4,Migraine,EEG,1356.49,922.41,193.71,Paid,5,No,Self referral
ENC-0511026,2025-06-15,North Campus,Imaging,New patient,96,Commercial,English,11:21,11:18,11:18,12:02,0,0,44,No,4,Cancer surveillance,X-ray,645.71,439.08,92.21,Paid,,No,Self referral
ENC-0511027,2025-07-03,Central Medical Pavilion,Primary Care,Follow-up,62,Medicaid,English,12:23,12:21,13:03,13:41,34,42,38,No,5,Preventive care,Office visit,389.03,186.73,14.94,Paid,4,No,Self referral
ENC-0511028,2025-11-26,Lakeside Clinic,Emergency,Emergency,96,Medicare,English,13:50,13:32,14:14,16:15,0,42,121,No,4,Injury,Evaluation and management,3563.15,,,Pending,4,No,Emergency transfer
ENC-0511029,2025-07-10,Central Medical Pavilion,Emergency,Emergency,37,Medicare,Mandarin,23:06,23:39,01:17,02:37,0,,80,No,1,Respiratory symptoms,Minor procedure,3431.73,1853.13,148.25,Paid,1,No,Specialist referral
ENC-0511030,2025-09-26,West Community Hospital,Emergency,Emergency,26,Workers compensation,English,17:57,18:11,18:37,21:06,0,26,149,No,2,Chest pain,Minor procedure,3132.06,0,0,Denied,4,No,Primary care referral
ENC-0511031,2025-11-24,West Community Hospital,Imaging,Telehealth,34,Commercial,English,10:06,10:02,10:16,10:44,11,14,28,No,3,Cancer surveillance,MRI,589.21,400.66,84.14,Paid,3,No,Primary care referral
ENC-0511032,2025-07-17,Central Medical Pavilion,Emergency,Emergency,17,Commercial,English,02:23,02:46,04:01,05:43,0,75,102,No,3,Abdominal pain,Evaluation and management,2261.8,0,0,Denied,,No,Primary care referral
ENC-0511033,2025-04-28,Lakeside Clinic,Primary Care,Procedure,40,Commercial,English,11:00,11:17,11:39,12:03,5,22,24,No,4,Hypertension,Office visit,603.84,410.61,86.23,Paid,,No,Community outreach
ENC-0511034,2025-04-06,North Campus,Cardiology,New patient,86,Medicaid,Spanish,08:44,08:52,09:58,10:38,31,66,40,No,3,Heart failure,Echocardiogram,1041.28,499.81,39.98,Paid,,No,Specialist referral
ENC-0511035,2025-12-20,Central Medical Pavilion,Primary Care,Procedure,39,Medicaid,English,13:52,14:11,14:32,14:49,11,21,17,No,3,Respiratory infection,Screening,646.15,310.15,24.81,Paid,,No,Primary care referral
ENC-0511036,2025-09-18,Central Medical Pavilion,Primary Care,Follow-up,32,Medicaid,English,16:41,16:55,16:58,17:21,15,3,23,No,4,Respiratory infection,Screening,324.16,155.6,12.45,Paid,5,No,Emergency transfer
ENC-0511037,2025-07-09,Central Medical Pavilion,Imaging,Follow-up,54,Commercial,English,11:53,11:50,12:22,12:56,14,32,34,No,4,Cancer surveillance,MRI,473.34,,,Under review,3,No,Primary care referral
ENC-0511038,2025-07-29,Central Medical Pavilion,Imaging,New patient,52,Commercial,English,16:30,,,,37,,,Yes,5,NOT_RECORDED,NOT_PERFORMED,0,,,Not submitted,,NOT_APPLICABLE,
ENC-0511039,2025-02-02,Central Medical Pavilion,Primary Care,New patient,84,Medicare,English,09:25,09:10,09:10,09:44,1,0,34,No,4,Respiratory infection,Office visit,367.72,,,Pending,,No,Emergency transfer
ENC-0511040,2025-10-12,West Community Hospital,Orthopedics,Follow-up,49,medicaid,English,11:04,11:05,11:08,11:35,15,3,27,No,4,Spine disorder,X-ray,479.52,0,0,Denied,5,No,Primary care referral
ENC-0511041,2025-08-14,West Community Hospital,Imaging,New patient,37,Commercial,English,11:04,10:57,11:48,12:31,42,51,43,No,4,Cancer surveillance,Ultrasound,660.02,448.81,94.25,Paid,3,No,Primary care referral
ENC-0511042,2025-08-15,North Campus,Primary Care,Follow-up,58,Medicare,English,12:46,12:28,12:36,13:04,6,8,28,No,5,Hypertension,Office visit,268.62,145.05,11.6,Paid,5,No,Self referral
ENC-0511043,2025-05-21,West Community Hospital,Orthopedics,Telehealth,63,Medicare,English,15:58,16:10,16:50,17:32,16,40,42,No,5,Sports injury,Injection,623.56,336.72,26.94,Paid,5,No,Emergency transfer
ENC-0511044,2025-11-17,Central Medical Pavilion,Oncology,Procedure,96,Medicare,English,09:59,09:55,09:55,11:18,19,0,83,No,3,Solid tumor,Consultation,4333.7,,187.22,Paid,,No,Emergency transfer
ENC-0511045,2025-06-24,North Campus,Primary Care,New patient,74,Medicare,English,09:35,09:35,09:47,10:27,0,12,40,No,5,Hypertension,Office visit,385.13,207.97,16.64,Paid,5,Yes,Specialist referral
ENC-0511046,2025-06-14,North Campus,Imaging,Follow-up,14,Workers compensation,Spanish,13:03,12:53,13:24,14:06,12,31,42,No,4,Musculoskeletal imaging,X-ray,569.17,404.11,32.33,Paid,,No,Self referral
ENC-0511047,2025-08-05,North Campus,Cardiology,Follow-up,55,Commercial,English,13:39,13:54,14:10,14:57,6,16,47,No,2,Heart failure,Echocardiogram,618.95,420.89,88.39,Paid,4,No,Employer program
ENC-0511048,2025-04-11,Lakeside Clinic,Cardiology,Telehealth,34,Self-pay,English,14:24,14:15,14:41,15:35,17,26,54,No,4,Arrhythmia,Echocardiogram,720.39,597.92,538.13,Paid,,Yes,Primary care referral
ENC-0511049,2025-07-27,North Campus,Imaging,New patient,80,Medicare,English,16:45,16:59,17:08,17:45,0,9,37,No,4,Diagnostic imaging,Ultrasound,639.74,345.46,27.64,Paid,,No,Specialist referral
ENC-0511050,2025-12-20,Lakeside Clinic,Imaging,Follow-up,59,Medicare,English,16:18,16:33,17:01,17:48,41,28,47,No,4,Cancer surveillance,X-ray,686.1,370.49,29.64,Paid,,No,Primary care referral
ENC-0510018,2025-04-08,North Campus,Orthopedics,Follow-up,39,Medicaid,Spanish,08:05,08:09,08:24,08:54,10,15,30,No,4,Spine disorder,Consultation,771.4,370.27,29.62,Paid,5,No,Specialist referral
ENC-0510079,2025-01-18,West Community Hospital,Neurology,New patient,30,Commercial,English,15:18,15:27,16:19,17:26,0,52,67,No,4,Migraine,EEG,724.72,492.81,103.49,Paid,,No,Self referral
ENC-0510140,2025-10-22,Central Medical Pavilion,Emergency,Emergency,63,Commercial,English,00:35,00:34,01:10,03:25,0,36,135,No,2,Neurologic symptoms,Minor procedure,3363.71,,,Under review,4,Yes,Primary care referral
ENC-0510201,2025-11-01,West Community Hospital,Orthopedics,Follow-up,40,Commercial,English,11:57,11:59,12:26,12:52,25,27,26,No,3,Sports injury,Consultation,567.05,385.59,80.97,Paid,4,No,Primary care referral
ENC-0510262,2025-05-31,Central Medical Pavilion,Orthopedics,Follow-up,64,Self-pay,English,09:39,09:56,10:31,10:43,8,35,12,No,5,Joint pain,X-ray,633.47,0,0,Denied,,No,Primary care referral
ENC-0510323,2025-03-10,West Community Hospital,Emergency,Emergency,59,Commercial,English,12:41,12:49,13:50,15:36,0,61,106,No,2,Respiratory symptoms,Evaluation and management,2318.28,1576.43,331.05,Paid,,No,Specialist referral
ENC-0510384,2025-07-15,West Community Hospital,Emergency,Emergency,41,Medicaid,English,06:10,06:23,06:50,08:55,0,27,125,No,3,Respiratory symptoms,Laboratory panel,2737.35,0,0,Denied,3,No,Self referral
ENC-0510445,2025-09-24,Central Medical Pavilion,Orthopedics,Telehealth,96,Medicare,English,13:12,13:27,14:12,15:16,23,45,64,No,4,Joint pain,X-ray,497.42,,,Under review,,No,Emergency transfer
ENC-0510506,2025-09-29,CENTRAL MEDICAL PAVILION,Cardiology,Procedure,75,Medicaid,English,10:57,11:04,11:11,11:54,30,7,43,No,4,Heart failure,Echocardiogram,1605.3,0,0,Denied,5,No,Self referral
ENC-0510567,2025-11-14,Lakeside Clinic,Emergency,Emergency,68,Commercial,English,18:20,18:21,19:41,21:44,0,80,123,No,3,Abdominal pain,Evaluation and management,3337.88,2269.76,476.65,Paid,4,No,Primary care referral
ENC-0510628,2025-02-19,West Community Hospital,Emergency,Emergency,96,Medicare,English,05:16,05:17,06:06,08:41,0,49,155,No,3,Chest pain,Minor procedure,3314.65,1789.91,143.19,Paid,,No,Emergency transfer
ENC-0510689,2025-06-29,West Community Hospital,Primary Care,Telehealth,29,Commercial,English,09:02,09:05,09:36,10:08,3,31,32,No,4,Diabetes,Screening,284.18,,,Pending,,No,Specialist referral
ENC-0510750,2025-03-08,North Campus,Primary Care,Follow-up,23,Workers compensation,English,14:42,14:27,14:37,15:10,21,10,33,No,5,Hypertension,Vaccination,329.99,234.29,18.74,Paid,,No,Emergency transfer
ENC-0510811,2025-10-18,Central Medical Pavilion,Primary Care,Telehealth,57,Commercial,English,13:03,12:48,13:25,14:04,20,37,39,No,4,Diabetes,Screening,330.43,224.69,47.18,Paid,,No,Primary care referral
ENC-0510872,2025-11-17,Central Medical Pavilion,Primary Care,Procedure,96,Medicare,English,10:17,10:03,10:16,10:48,19,13,32,No,3,Respiratory infection,Office visit,460.77,248.82,19.91,Paid,,No,Primary care referral
ENC-0510933,2025-02-08,North Campus,Emergency,Emergency,63,Commercial,English,15:59,15:39,18:08,20:48,0,,160,No,5,Neurologic symptoms,Minor procedure,3927.97,,,Pending,,No,Specialist referral
