performance_id,report_date,campaign_id,campaign_name,channel,objective,audience_segment,region,device,campaign_status,impressions,reach,clicks,landing_page_sessions,conversions,spend_usd,attributed_revenue_usd,ctr_pct,cpc_usd,conversion_rate_pct,roas,frequency,video_views,email_sends,email_opens,attribution_model
PERF-0780001,2025-01-28,CMP-101,Year-End Pipeline,Email,Conversion,Small business owners,Europe,Mobile,Active,36886,31500,708,565,43,145.8,15355.26,1.919,0.21,7.611,105.317,1.171,NOT_APPLICABLE,37168,12841,Data-driven
PERF-0780002,2025-04-04,CMP-102,Regional Awareness,Display,Website traffic,Enterprise decision makers,Latin America,Desktop,Active,93179,57985,647,586,14,564.33,2439.54,0.694,0.87,2.389,4.323,1.607,NOT_APPLICABLE,NOT_APPLICABLE,NOT_APPLICABLE,Last click
PERF-0780003,2025-03-27,CMP-103,Partner Activation,Email,Lead generation,Enterprise decision makers,Asia Pacific,Mobile,Active,21219,17451,633,540,32,120.81,3121.11,2.983,0.19,5.926,25.835,1.216,NOT_APPLICABLE,21286,6626,Data-driven
PERF-0780004,2025-04-12,CMP-104,Spring Demand Gen,Display,Awareness,Mid-market operations,Asia Pacific,Mobile,Active,79471,53632,311,264,5,162.17,1391.64,0.391,0.52,1.894,8.581,1.482,NOT_APPLICABLE,NOT_APPLICABLE,NOT_APPLICABLE,Data-driven
PERF-0780005,2025-03-16,CMP-105,Enterprise Demo Push,Paid Social,Awareness,Enterprise decision makers,Latin America,Desktop,Active,48501,30748,716,660,19,1094.85,5161.5,1.476,1.53,2.879,4.714,1.577,20073,NOT_APPLICABLE,NOT_APPLICABLE,Linear
PERF-0780006,2025-04-11,CMP-106,Mid-Market Growth,Paid Social,Lead generation,Technical evaluators,Europe,Tablet,Active,39267,25828,555,500,8,560.68,3066.95,1.413,1.01,1.6,5.47,1.52,8742,NOT_APPLICABLE,NOT_APPLICABLE,Linear
PERF-0780007,2025-04-28,CMP-107,New Product Launch,Video,Lead generation,,North America,Mobile,Active,118948,78540,571,490,11,552.36,2146.38,0.48,0.97,2.245,3.886,1.514,23350,NOT_APPLICABLE,NOT_APPLICABLE,Last click
PERF-0780008,2025-08-08,CMP-108,Customer Expansion,Video,Lead generation,Mid-market operations,North America,Mobile,Completed,56146,42089,426,400,8,398.87,1511.23,0.759,0.94,2,3.789,1.334,11802,NOT_APPLICABLE,NOT_APPLICABLE,Position based
PERF-0780009,2025-06-15,CMP-109,Year-End Pipeline,Paid Search,Lead Gen,Enterprise decision makers,Asia Pacific,Desktop,Completed,14356,10405,679,565,30,2038.99,10970.32,4.73,3,5.31,5.38,1.38,NOT_APPLICABLE,NOT_APPLICABLE,NOT_APPLICABLE,Last click
PERF-0780010,2025-07-13,CMP-110,Regional Awareness,Paid Social,Website traffic,Small business owners,North America,Desktop,Active,31281,17828,689,594,13,1128.06,3539.44,2.203,1.64,2.189,3.138,1.755,12192,NOT_APPLICABLE,NOT_APPLICABLE,Linear
PERF-0780011,2025-09-01,CMP-111,Partner Activation,paid-social,Website traffic,Mid-market operations,North America,Mobile,Paused,66055,40679,1262,1107,37,1974.86,5652.78,1.911,1.56,3.342,2.862,1.624,24815,NOT_APPLICABLE,NOT_APPLICABLE,Data-driven
PERF-0780012,2025-10-17,CMP-112,Spring Demand Gen,Display,Conversion,Mid-market operations,Europe,Desktop,Active,86449,55788,481,481,8,440.21,6058.49,0.556,0.92,1.663,13.763,1.55,NOT_APPLICABLE,NOT_APPLICABLE,NOT_APPLICABLE,Last click
PERF-0780013,2025-11-24,CMP-113,Enterprise Demo Push,Paid Search,Awareness,Enterprise decision makers,North America,Mobile,Active,26462,17864,1222,1057,66,1707.24,9608.25,4.618,1.4,6.244,5.628,1.481,NOT_APPLICABLE,NOT_APPLICABLE,NOT_APPLICABLE,Last click
PERF-0780014,2025-09-30,CMP-114,Mid-Market Growth,Paid Search,Website traffic,Mid-market operations,North America,Mobile,Active,20794,13744,731,643,48,2150.06,11061.08,3.515,2.94,7.465,5.145,1.513,NOT_APPLICABLE,NOT_APPLICABLE,NOT_APPLICABLE,Data-driven
PERF-0780015,07/13/2025,CMP-115,New Product Launch,Paid Social,Retention,Mid-market operations,Middle East and Africa,Mobile,Completed,76619,48824,1439,1370,59,1913.94,,1.878,1.33,4.307,21.634,1.569,32933,NOT_APPLICABLE,NOT_APPLICABLE,Data-driven
PERF-0780016,2025-03-31,CMP-116,Customer Expansion,Display,Conversion,Technical evaluators,EMEA,Desktop,Active,129987,76342,664,552,14,474.18,6727.71,0.511,0.71,2.536,14.188,1.703,NOT_APPLICABLE,NOT_APPLICABLE,NOT_APPLICABLE,Data-driven
PERF-0780017,2025-06-04,CMP-117,Year-End Pipeline,Email,Awareness,Enterprise decision makers,North America,Desktop,Active,11951,11479,429,363,16,81.42,4434.46,3.59,0.19,4.408,54.464,1.041,NOT_APPLICABLE,11988,3875,Linear
PERF-0780018,2025-03-24,CMP-118,Regional Awareness,Email,Awareness,Enterprise decision makers,North America,Mobile,Active,55643,52651,1723,1472,72,323.96,25261.18,3.097,0.19,4.891,77.976,1.057,NOT_APPLICABLE,56704,12813,first_touch
PERF-0780019,2025-05-04,CMP-119,Partner Activation,Paid Search,Conversion,Mid-market operations,Europe,Tablet,Active,26317,16965,903,903,70,2446.73,9952.68,3.431,2.71,7.752,4.068,1.551,NOT_APPLICABLE,NOT_APPLICABLE,NOT_APPLICABLE,Last click
PERF-0780020,2025-05-22,CMP-120,Spring Demand Gen,Display,Lead generation,Enterprise decision makers,North America,Desktop,Completed,80891,49713,399,314,7,308.93,2199.84,0.493,0.77,2.229,7.121,1.627,NOT_APPLICABLE,NOT_APPLICABLE,NOT_APPLICABLE,Last click
PERF-0780021,2025-02-04,CMP-121,Enterprise Demo Push,Affiliate,Lead generation,Mid-market operations,North America,Desktop,Active,23362,17509,510,438,16,769.07,5268.1,2.183,1.51,3.653,6.85,1.334,NOT_APPLICABLE,NOT_APPLICABLE,NOT_APPLICABLE,Data-driven
PERF-0780022,2025-09-20,CMP-122,Mid-Market Growth,Paid Social,Website traffic,Technical evaluators,Middle East and Africa,Desktop,Paused,58106,36855,1049,837,28,1453.01,10035.11,1.805,1.39,3.345,6.906,1.577,10307,NOT_APPLICABLE,NOT_APPLICABLE,First click
PERF-0780023,2025-05-17,CMP-123,New Product Launch,Paid Social,Conversion,Existing customers,North America,Desktop,Active,54490,29514,899,840,37,1157.38,10902.63,1.65,1.29,4.405,9.42,1.846,22486,NOT_APPLICABLE,NOT_APPLICABLE,Linear
PERF-0780024,2025-12-08,CMP-124,Customer Expansion,Paid Search,Lead generation,Mid-market operations,North America,Mobile,Active,21445,12463,1179,832,38,3443.33,2298.32,5.498,2.92,4.567,0.667,1.721,NOT_APPLICABLE,NOT_APPLICABLE,NOT_APPLICABLE,Last click
PERF-0780025,2025-03-15,CMP-125,Year-End Pipeline,Email,Lead generation,Enterprise decision makers,Europe,Desktop,Draft,47832,43338,1555,1381,90,311.31,27089.68,3.251,0.2,6.517,87.018,1.104,NOT_APPLICABLE,47484,16543,Last click
PERF-0780026,2025-04-08,CMP-126,Regional Awareness,Display,Retention,Enterprise decision makers,North America,Mobile,Active,69581,32621,402,381,8,349.54,5822,0.578,0.87,2.1,16.656,2.133,NOT_APPLICABLE,NOT_APPLICABLE,NOT_APPLICABLE,Last click
PERF-0780027,2025-02-28,CMP-127,Partner Activation,Email,Conversion,Enterprise decision makers,North America,Desktop,Completed,53218,38379,1681,1436,,337.73,30793.05,3.159,0.2,6.755,91.177,1.387,NOT_APPLICABLE,55690,18670,Data-driven
PERF-0780028,2025-04-09,CMP-128,Spring Demand Gen,Video,Awareness,Enterprise decision makers,Asia Pacific,Tablet,Active,104447,,708,633,15,716.11,3586.47,0.678,1.01,2.37,5.008,1.01,31409,NOT_APPLICABLE,NOT_APPLICABLE,First click
PERF-0780029,2025-08-28,CMP-129,Enterprise Demo Push,Paid Social,Awareness,Technical evaluators,Europe,Desktop,Paused,49309,30221,392,351,7,597.27,2039.59,0.795,1.52,1.994,3.415,1.632,17525,NOT_APPLICABLE,NOT_APPLICABLE,Linear
PERF-0780030,2025-10-27,CMP-130,Mid-Market Growth,Organic Social,Lead generation,Existing customers,Europe,Mobile,Active,59732,55165,756,610,16,47.02,4550.97,1.266,0.06,2.623,96.788,1.083,13663,NOT_APPLICABLE,NOT_APPLICABLE,Data-driven
PERF-0780031,2025-09-09,CMP-131,New Product Launch,Paid Search,Lead generation,Existing customers,Europe,Desktop,Completed,19734,9765,863,668,54,2696.57,12648.62,4.373,3.12,8.084,4.691,2.021,NOT_APPLICABLE,NOT_APPLICABLE,NOT_APPLICABLE,Last click
PERF-0780032,2025-07-31,CMP-132,Customer Expansion,Paid Social,Lead generation,Enterprise decision makers,North America,Mobile,Active,59768,44412,630,472,15,899.15,5308.67,1.054,1.43,3.178,5.904,1.346,21319,NOT_APPLICABLE,NOT_APPLICABLE,Last click
PERF-0780033,2025-11-18,CMP-101,Year-End Pipeline,Paid Search,Conversion,Small business owners,North America,Desktop,Active,24466,10419,1045,1037,,2651.26,16522.16,4.271,2.54,10.608,6.232,2.348,NOT_APPLICABLE,NOT_APPLICABLE,NOT_APPLICABLE,Data-driven
PERF-0780034,2025-12-20,CMP-102,Regional Awareness,Paid Social,Conversion,Mid-market operations,Latin America,Desktop,Active,46893,30760,670,651,27,637.23,15591.31,1.429,0.95,4.147,24.467,1.524,19863,NOT_APPLICABLE,NOT_APPLICABLE,Data-driven
PERF-0780035,2025-03-15,CMP-103,Partner Activation,Paid Search,Conversion,Mid-market operations,North America,Mobile,Active,30239,20832,1094,824,47,3134.45,26616.2,3.618,2.87,5.704,8.492,1.452,NOT_APPLICABLE,NOT_APPLICABLE,NOT_APPLICABLE,Last click
PERF-0780036,2025-11-19,CMP-104,Spring Demand Gen,Affiliate,Awareness,Enterprise decision makers,North America,Mobile,Active,27280,18171,514,415,21,704.45,7864.47,1.884,1.37,5.06,11.164,1.501,NOT_APPLICABLE,NOT_APPLICABLE,NOT_APPLICABLE,Last click
PERF-0780037,2025-09-25,CMP-105,Enterprise Demo Push,Display,Lead generation,Small business owners,North America,Mobile,Active,95520,58636,481,376,5,412.71,790.36,0.504,0.86,1.33,1.915,1.629,NOT_APPLICABLE,NOT_APPLICABLE,NOT_APPLICABLE,Data-driven
PERF-0780038,2025-01-21,CMP-106,Mid-Market Growth,Email,Conversion,Mid-market operations,Asia Pacific,Mobile,Paused,16641,12327,471,471,25,120,15277.34,2.83,0.25,5.308,127.311,1.35,NOT_APPLICABLE,16549,5455,Position based
PERF-0780039,2025-11-01,CMP-107,New Product Launch,Paid Search,Lead generation,Existing customers,Asia Pacific,Desktop,Active,31140,22035,1114,932,39,3155.26,9359.11,3.577,2.83,4.185,2.966,1.413,NOT_APPLICABLE,NOT_APPLICABLE,NOT_APPLICABLE,First click
PERF-0780040,2025-07-22,CMP-108,Customer Expansion,Email,Website traffic,Enterprise decision makers,Europe,Desktop,Completed,39588,35533,1986,1508,89,361.69,11377.4,5.017,0.18,5.902,31.456,1.114,NOT_APPLICABLE,40270,12449,Last click
PERF-0780041,2025-03-13,CMP-109,Year-End Pipeline,Paid Social,Awareness,Mid-market operations,Europe,Desktop,Active,54038,33828,857,757,25,1081.03,9537.21,1.586,1.26,3.303,8.822,1.597,25245,NOT_APPLICABLE,NOT_APPLICABLE,First click
PERF-0780042,2025-03-04,CMP-110,Regional Awareness,Paid Search,Awareness,Technical evaluators,North America,Desktop,Active,21846,12018,864,686,40,2500.26,9020.31,3.955,2.89,5.831,3.608,1.818,NOT_APPLICABLE,NOT_APPLICABLE,NOT_APPLICABLE,Last click
PERF-0780043,2025-10-21,CMP-111,Partner Activation,Video,Lead generation,Enterprise decision makers,North America,Mobile,Active,87836,59640,692,492,10,776.49,2871.05,0.788,1.12,2.033,3.697,1.473,33500,NOT_APPLICABLE,NOT_APPLICABLE,Data-driven
PERF-0780044,2025-05-26,CMP-112,Spring Demand Gen,Video,Conversion,Technical evaluators,Europe,Mobile,Active,41068,27884,314,286,6,395.47,2037.82,0.765,1.26,2.098,5.153,1.473,18392,NOT_APPLICABLE,NOT_APPLICABLE,Data-driven
PERF-0780045,2025-08-28,CMP-113,Enterprise Demo Push,Email,Lead generation,Small business owners,Europe,Mobile,Completed,9761,9664,263,248,13,51.62,4695.17,2.694,0.2,5.242,90.956,1.01,NOT_APPLICABLE,9799,3267,Last click
PERF-0780046,2025-08-05,CMP-114,Mid-Market Growth,Paid Social,Lead generation,Existing customers,Latin America,Desktop,Completed,71037,39619,987,947,32,1243.35,7556.48,1.389,1.26,3.379,6.078,1.793,10646,NOT_APPLICABLE,NOT_APPLICABLE,First click
PERF-0780047,2025-10-07,CMP-115,New Product Launch,Paid Search,Conversion,Small business owners,North America,Mobile,Completed,29825,17217,812,650,59,2432.78,29976.68,2.723,3,9.077,12.322,1.732,NOT_APPLICABLE,NOT_APPLICABLE,NOT_APPLICABLE,Last click
PERF-0780048,2025-03-28,CMP-116,Customer Expansion,Email,Conversion,Enterprise decision makers,Asia Pacific,Mobile,Completed,49433,44497,1260,1070,72,240.44,,2.549,0.19,6.729,161.49,1.111,NOT_APPLICABLE,50383,15303,Last click
PERF-0780049,2025-05-12,CMP-117,Year-End Pipeline,Display,Lead generation,Enterprise decision makers,North America,Desktop,Active,74206,53536,389,317,6,263.17,1169.42,0.524,0.68,1.893,4.444,1.386,NOT_APPLICABLE,NOT_APPLICABLE,NOT_APPLICABLE,Last click
PERF-0780050,2025-10-06,CMP-118,Regional Awareness,Paid Social,Lead generation,Mid-market operations,Europe,Mobile,Active,62219,35316,607,500,16,810.31,4039.63,0.976,1.33,3.2,4.985,1.762,21156,NOT_APPLICABLE,NOT_APPLICABLE,Linear
PERF-0780051,2025-12-10,CMP-119,Partner Activation,Video,Awareness,Small business owners,North America,Mobile,Active,111200,74452,982,804,17,856.83,1968.03,0.883,0.87,2.114,2.297,1.494,38746,NOT_APPLICABLE,NOT_APPLICABLE,Data-driven
PERF-0780052,2025-05-14,CMP-120,Spring Demand Gen,Paid Social,Awareness,Existing customers,Europe,Mobile,Active,47837,29554,530,521,18,605.75,6534.91,1.108,1.14,3.455,10.788,1.619,24684,NOT_APPLICABLE,NOT_APPLICABLE,Data-driven
PERF-0780053,2025-01-13,CMP-121,Enterprise Demo Push,Paid Search,Lead generation,Mid-market operations,Europe,Desktop,Active,23800,16809,1144,1088,85,3151.78,20217.4,4.807,2.76,7.813,6.415,1.416,NOT_APPLICABLE,NOT_APPLICABLE,NOT_APPLICABLE,Data-driven
PERF-0780054,2025-04-04,CMP-122,Mid-Market Growth,Video,Lead generation,Small business owners,Asia Pacific,Mobile,Active,106311,58885,598,525,10,646.87,3268.03,0.563,1.08,1.905,5.052,1.805,49127,NOT_APPLICABLE,NOT_APPLICABLE,Data-driven
PERF-0780055,2025-03-13,CMP-123,New Product Launch,Organic Social,Conversion,Technical evaluators,North America,Desktop,Active,33898,21389,336,268,6,17.15,2680.16,0.991,0.05,2.239,156.278,1.585,9100,NOT_APPLICABLE,NOT_APPLICABLE,Linear
PERF-0780056,2025-02-19,CMP-124,Customer Expansion,Paid Social,Website traffic,Mid-market operations,Europe,Desktop,Paused,51196,37666,845,691,21,1188.13,6579.58,1.651,1.41,3.039,5.538,1.359,19116,NOT_APPLICABLE,NOT_APPLICABLE,Linear
PERF-0780057,2025-08-11,CMP-125,Year-End Pipeline,Paid Search,Website traffic,Enterprise decision makers,North America,Mobile,Active,20781,12413,1209,1022,75,3344.67,21294.35,5.818,2.77,7.339,6.367,1.674,NOT_APPLICABLE,NOT_APPLICABLE,NOT_APPLICABLE,Data-driven
PERF-0780058,2025-04-27,CMP-126,Regional Awareness,Email,Lead generation,Small business owners,Europe,Desktop,Active,43647,41867,1063,889,64,171.5,23550.12,2.435,0.16,7.199,137.318,1.043,NOT_APPLICABLE,45296,13698,Last click
PERF-0780059,2025-01-19,CMP-127,Partner Activation,Affiliate,Awareness,Existing customers,Europe,Tablet,Active,11274,7476,147,112,5,258.54,1537.02,1.304,1.76,4.464,5.945,1.508,NOT_APPLICABLE,NOT_APPLICABLE,NOT_APPLICABLE,Last click
PERF-0780060,2025-12-12,CMP-128,Spring Demand Gen,Paid Search,Lead generation,Technical evaluators,Latin America,Desktop,Active,17549,11570,497,398,33,1769.35,5438.1,2.832,3.56,8.291,3.074,1.517,NOT_APPLICABLE,NOT_APPLICABLE,NOT_APPLICABLE,First click
PERF-0780061,2025-04-19,CMP-129,Enterprise Demo Push,Email,Conversion,Enterprise decision makers,North America,Desktop,Completed,32784,23999,1219,1027,60,164.75,26547.89,3.718,0.14,5.842,161.14,1.366,NOT_APPLICABLE,32804,11528,Data-driven
PERF-0780062,2025-02-07,CMP-130,Mid-Market Growth,Paid Social,Website traffic,Mid-market operations,Europe,Desktop,Active,54068,28145,643,565,23,807.46,5384.52,1.189,1.26,4.071,6.668,1.921,12149,NOT_APPLICABLE,NOT_APPLICABLE,Data-driven
PERF-0780063,2025-04-18,CMP-131,New Product Launch,Paid Search,Lead generation,Technical evaluators,North America,Desktop,Active,37413,27124,1720,1491,90,,15429.7,4.597,3.28,6.036,2.739,1.379,NOT_APPLICABLE,NOT_APPLICABLE,NOT_APPLICABLE,Last click
PERF-0780064,2025-03-15,CMP-132,Customer Expansion,Video,Awareness,Technical evaluators,Asia Pacific,Mobile,Active,85651,41417,780,680,15,860.48,5541.7,0.911,1.1,2.206,6.44,2.068,37877,NOT_APPLICABLE,NOT_APPLICABLE,Data-driven
PERF-0780065,2025-06-15,CMP-101,Year-End Pipeline,Paid Search,Conversion,Mid-market operations,North America,Desktop,Active,25272,13372,937,761,78,2302.61,30595.05,3.708,2.46,10.25,13.287,1.89,NOT_APPLICABLE,NOT_APPLICABLE,NOT_APPLICABLE,Data-driven
PERF-0780066,2025-11-08,CMP-102,Regional Awareness,Paid Social,Lead generation,,Asia Pacific,Mobile,Paused,47801,30085,624,521,17,926.2,4033.25,1.305,1.48,3.263,4.355,1.589,21174,NOT_APPLICABLE,NOT_APPLICABLE,Last click
PERF-0780067,2025-03-10,CMP-103,Partner Activation,Video,Retention,Technical evaluators,North America,Mobile,Active,57778,43795,355,301,5,284.36,2881.63,0.614,0.8,1.661,10.134,1.319,21444,NOT_APPLICABLE,NOT_APPLICABLE,Last click
PERF-0780068,2025-12-25,CMP-104,Spring Demand Gen,Paid Search,Website traffic,Technical evaluators,Asia Pacific,Desktop,Completed,18629,12403,1011,932,87,2445.14,20641.89,5.427,2.42,9.335,8.442,1.502,NOT_APPLICABLE,NOT_APPLICABLE,NOT_APPLICABLE,First click
PERF-0780069,2025-06-01,CMP-105,Enterprise Demo Push,Paid Search,Lead generation,Enterprise decision makers,North America,Mobile,Active,15737,8478,659,610,63,1968.19,20334.18,4.188,2.99,10.328,10.331,1.856,NOT_APPLICABLE,NOT_APPLICABLE,NOT_APPLICABLE,Position based
PERF-0780070,2025-03-16,CMP-106,Mid-Market Growth,Email,Awareness,Existing customers,North America,Desktop,Active,28738,28453,916,800,49,211.87,21189.77,3.187,0.23,6.125,100.013,1.01,NOT_APPLICABLE,29461,11293,Linear
PERF-0780071,2025-11-30,CMP-107,New Product Launch,Video,Lead generation,Small business owners,Europe,Desktop,Active,91874,48035,735,670,13,661.93,4473.74,0.8,0.9,1.94,6.759,1.913,38562,NOT_APPLICABLE,NOT_APPLICABLE,Linear
PERF-0780072,2025-10-30,CMP-108,Customer Expansion,Paid Search,Awareness,Small business owners,North America,Mobile,Paused,16903,11963,684,589,39,2212.45,5732.27,4.047,3.23,6.621,2.591,1.413,NOT_APPLICABLE,NOT_APPLICABLE,NOT_APPLICABLE,Last click
PERF-0780073,2025-06-23,CMP-109,Year-End Pipeline,Paid Search,Website traffic,Small business owners,Europe,Desktop,Active,19532,10599,485,475,35,1433.75,10825.25,2.483,2.96,7.368,7.55,1.843,NOT_APPLICABLE,NOT_APPLICABLE,NOT_APPLICABLE,Data-driven
PERF-0780074,2025-05-01,CMP-110,Regional Awareness,Paid Search,Awareness,Existing customers,Europe,Mobile,Active,33715,18827,1081,845,70,3581.11,21947.57,3.206,3.31,8.284,6.129,1.791,NOT_APPLICABLE,NOT_APPLICABLE,NOT_APPLICABLE,Data-driven
PERF-0780075,2025-11-03,CMP-111,Partner Activation,Display,Awareness,Mid-market operations,Asia Pacific,Desktop,Active,94804,59688,677,584,12,619.01,2468.1,0.714,0.91,2.055,3.987,1.588,NOT_APPLICABLE,NOT_APPLICABLE,NOT_APPLICABLE,Data-driven
PERF-0780076,2025-11-28,CMP-112,Spring Demand Gen,Paid Social,Awareness,Mid-market operations,Europe,Desktop,Active,34210,19508,483,412,11,560.6,3406.44,1.412,1.16,2.67,6.076,1.754,13374,NOT_APPLICABLE,NOT_APPLICABLE,Last click
PERF-0780077,2025-07-19,CMP-113,Enterprise Demo Push,Paid Social,Lead generation,Existing customers,Europe,Mobile,Active,45066,27349,545,467,19,463.33,3943.54,1.209,0.85,4.069,8.511,1.648,12183,NOT_APPLICABLE,NOT_APPLICABLE,Last click
PERF-0780078,2025-02-18,CMP-114,Mid-Market Growth,Affiliate,Awareness,Small business owners,North America,Mobile,Active,44656,26005,1067,845,15,1532.43,4639.64,2.389,1.44,1.775,3.028,1.717,NOT_APPLICABLE,NOT_APPLICABLE,NOT_APPLICABLE,Data-driven
PERF-0780079,2025-09-16,CMP-115,New Product Launch,Paid Social,Lead generation,Existing customers,Asia Pacific,Desktop,Active,70683,45092,472,410,14,640.74,4387.22,0.668,1.36,3.415,6.847,1.568,24530,NOT_APPLICABLE,NOT_APPLICABLE,Linear
PERF-0780080,2025-12-29,CMP-116,Customer Expansion,Video,Lead generation,Mid-market operations,Europe,Desktop,Active,45485,24932,434,401,8,521.61,1516.74,0.954,1.2,1.995,2.908,1.824,17440,NOT_APPLICABLE,NOT_APPLICABLE,Linear
PERF-0780081,2025-04-11,CMP-117,Year-End Pipeline,Paid Social,Conversion,Existing customers,Europe,Desktop,Active,72228,32007,984,754,16,1460.42,4986.75,1.362,1.48,2.122,3.415,2.257,20194,NOT_APPLICABLE,NOT_APPLICABLE,Data-driven
PERF-0780082,2025-11-30,CMP-118,Regional Awareness,Paid Social,Conversions,Technical evaluators,North America,Mobile,Completed,73526,48262,927,769,29,1401.8,11706.98,1.261,1.51,3.771,8.351,1.523,13122,NOT_APPLICABLE,NOT_APPLICABLE,Last click
PERF-0780083,2025-01-27,CMP-119,Partner Activation,Display,Website traffic,Technical evaluators,Asia Pacific,Tablet,Paused,134305,72863,600,511,8,538.29,3181.49,0.447,0.9,1.566,5.91,1.843,NOT_APPLICABLE,NOT_APPLICABLE,NOT_APPLICABLE,Data-driven
PERF-0780084,2025-07-30,CMP-120,Spring Demand Gen,Paid Social,Lead generation,Small business owners,Latin America,Mobile,Active,80931,55733,1097,909,26,1281.23,8555.59,1.355,1.17,2.86,6.678,1.452,30498,NOT_APPLICABLE,NOT_APPLICABLE,Linear
PERF-0780085,2025-08-19,CMP-121,Enterprise Demo Push,Organic Social,Awareness,Mid-market operations,North America,Mobile,Active,48203,24700,514,421,13,37.39,3125.12,1.066,0.07,3.088,83.582,1.952,18551,NOT_APPLICABLE,NOT_APPLICABLE,Linear
PERF-0780086,2025-03-02,CMP-122,Mid-Market Growth,Paid Social,Lead generation,Mid-market operations,Latin America,Desktop,Paused,62347,31115,916,869,40,1234.47,13460.86,1.469,1.35,4.603,10.904,2.004,15193,NOT_APPLICABLE,NOT_APPLICABLE,Linear
PERF-0780087,2025-10-19,CMP-123,New Product Launch,Paid Social,Lead generation,Enterprise decision makers,North America,Desktop,Paused,73755,40393,843,699,27,966.69,7815.46,1.143,1.15,3.863,8.085,1.826,29643,NOT_APPLICABLE,NOT_APPLICABLE,Last click
PERF-0780088,2025-08-08,CMP-124,Customer Expansion,Display,Lead generation,Mid-market operations,Europe,Desktop,Completed,83735,58452,424,348,7,437.03,1697.04,0.506,1.03,2.011,3.883,1.433,NOT_APPLICABLE,NOT_APPLICABLE,NOT_APPLICABLE,Data-driven
PERF-0780089,2025-11-29,CMP-125,Year-End Pipeline,Paid Search,Awareness,Enterprise decision makers,North America,Desktop,Completed,25015,16934,1222,901,32,3461.12,7927.01,4.885,2.83,3.552,2.29,1.477,NOT_APPLICABLE,NOT_APPLICABLE,NOT_APPLICABLE,First click
PERF-0780090,2025-09-21,CMP-126,Regional Awareness,Organic Social,Awareness,Mid-market operations,Asia Pacific,Desktop,Active,24787,16972,373,306,9,27.92,2456.81,1.505,0.07,2.941,87.995,1.46,6224,NOT_APPLICABLE,NOT_APPLICABLE,Position based
PERF-0780091,2025-04-29,CMP-127,Partner Activation,Email,Conversion,Technical evaluators,Latin America,Desktop,Paused,37205,36294,1160,959,67,157.41,22812.85,3.118,0.14,6.986,144.926,1.025,NOT_APPLICABLE,37330,13063,Position based
PERF-0780092,2025-08-27,CMP-128,Spring Demand Gen,Video,Lead generation,Mid-market operations,North America,Desktop,Completed,38555,20869,358,318,4,432.39,1153.5,0.929,1.21,1.258,2.668,1.847,14763,NOT_APPLICABLE,NOT_APPLICABLE,Data-driven
PERF-0780093,2025-02-13,CMP-129,Enterprise Demo Push,Organic Social,Lead generation,Technical evaluators,North America,Mobile,Active,10995,7055,106,83,2,5.1,608.25,0.964,0.05,2.41,119.265,1.558,2086,NOT_APPLICABLE,NOT_APPLICABLE,Data-driven
PERF-0780094,2025-04-06,CMP-130,Mid-Market Growth,Video,Conversion,Technical evaluators,Asia Pacific,Tablet,Active,112101,41230,872,753,20,1194.6,8195.44,0.778,1.37,2.656,6.86,2.719,42016,NOT_APPLICABLE,NOT_APPLICABLE,Data-driven
PERF-0780095,2025-12-24,CMP-131,New Product Launch,Paid Search,Lead generation,Small business owners,NA,Desktop,Active,8619,4161,275,252,13,706.89,2420.23,3.191,2.57,5.159,3.424,2.071,NOT_APPLICABLE,NOT_APPLICABLE,NOT_APPLICABLE,Last click
PERF-0780096,2025-12-28,CMP-132,Customer Expansion,Paid Search,Awareness,Small business owners,North America,Desktop,Active,31626,22380,903,699,81,3150.49,23542.27,2.855,3.49,11.588,7.473,1.413,NOT_APPLICABLE,NOT_APPLICABLE,NOT_APPLICABLE,Data-driven
PERF-0780097,2025-02-14,CMP-101,Year-End Pipeline,Paid Search,Lead generation,Small business owners,North America,Mobile,Active,19457,14539,1007,913,75,2439.08,15568.05,5.176,2.42,8.215,6.383,1.338,NOT_APPLICABLE,NOT_APPLICABLE,NOT_APPLICABLE,Position based
PERF-0780098,2025-07-24,CMP-102,Regional Awareness,Paid Search,Website traffic,Existing customers,North America,Mobile,Active,20175,10396,781,605,50,2641.19,12596.42,3.871,3.38,8.264,4.769,1.941,NOT_APPLICABLE,NOT_APPLICABLE,NOT_APPLICABLE,Data-driven
PERF-0780099,2025-07-05,CMP-103,Partner Activation,Paid Social,Lead generation,Mid-market operations,North America,Mobile,Paused,47229,27717,660,567,9,783.77,2307.51,1.397,1.19,1.587,2.944,1.704,22555,NOT_APPLICABLE,NOT_APPLICABLE,First click
PERF-0780100,2025-10-17,CMP-104,Spring Demand Gen,Paid Search,Lead generation,Technical evaluators,Asia Pacific,Desktop,Completed,8617,5928,332,296,25,864.47,7129.61,3.853,2.6,8.446,8.247,1.454,NOT_APPLICABLE,NOT_APPLICABLE,NOT_APPLICABLE,Linear
PERF-0780101,2025-09-09,CMP-105,Enterprise Demo Push,Video,Lead generation,Mid-market operations,North America,Desktop,Paused,89282,57410,735,559,7,1100.15,1215.51,0.823,1.5,1.252,1.105,1.555,44518,NOT_APPLICABLE,NOT_APPLICABLE,DDA
PERF-0780102,2025-12-08,CMP-106,Mid-Market Growth,Paid Search,Awareness,Enterprise decision makers,North America,Desktop,Active,23387,14965,844,640,58,2367.52,13792.82,3.609,2.81,9.063,5.826,1.563,NOT_APPLICABLE,NOT_APPLICABLE,NOT_APPLICABLE,Linear
PERF-0780103,2025-06-29,CMP-107,New Product Launch,Paid Search,Conversion,Small business owners,North America,Mobile,Active,18996,12356,365,303,33,1133.43,12623.76,1.921,3.11,10.891,11.138,1.537,NOT_APPLICABLE,NOT_APPLICABLE,NOT_APPLICABLE,Last click
PERF-0780104,2025-07-04,CMP-108,Customer Expansion,Paid Search,Lead generation,Mid-market operations,Asia Pacific,Desktop,Paused,21996,12481,967,965,90,2610.24,25291.19,4.396,2.7,9.326,9.689,1.762,NOT_APPLICABLE,NOT_APPLICABLE,NOT_APPLICABLE,Data-driven
PERF-0780105,2025-09-02,CMP-109,Year-End Pipeline,Paid Social,Lead generation,Small business owners,North America,Desktop,Active,53720,26111,643,638,16,883.52,6240.01,1.197,1.37,2.508,7.063,2.057,19046,NOT_APPLICABLE,NOT_APPLICABLE,Data-driven
PERF-0780106,2025-11-02,CMP-110,Regional Awareness,Display,Awareness,Existing customers,North America,Desktop,Active,98974,62308,295,238,3,299.95,620.5,0.298,1.02,1.261,2.069,1.588,NOT_APPLICABLE,NOT_APPLICABLE,NOT_APPLICABLE,Data-driven
PERF-0780107,2025-12-14,CMP-111,Partner Activation,Video,Lead generation,Enterprise decision makers,Latin America,Mobile,Active,83664,38063,544,424,8,588.86,1911.53,0.65,1.08,1.887,3.246,2.198,31781,NOT_APPLICABLE,NOT_APPLICABLE,Last click
PERF-0780108,2025-07-01,CMP-112,Spring Demand Gen,Display,Lead generation,Technical evaluators,Middle East and Africa,Mobile,Active,79166,58889,420,283,5,368.29,1623.79,0.531,0.88,1.767,4.409,1.344,NOT_APPLICABLE,NOT_APPLICABLE,NOT_APPLICABLE,Data-driven
PERF-0780109,2025-02-17,CMP-113,Enterprise Demo Push,Paid Social,Lead generation,Small business owners,North America,Mobile,Completed,66136,30798,472,407,19,488.76,4361.74,0.714,1.04,4.668,8.924,2.147,24136,NOT_APPLICABLE,NOT_APPLICABLE,First click
PERF-0780110,2025-01-26,CMP-114,Mid-Market Growth,Paid Search,Lead generation,Existing customers,North America,Mobile,Active,25681,14859,1169,1088,82,2767.19,24707.41,4.552,2.37,7.537,8.929,1.728,NOT_APPLICABLE,NOT_APPLICABLE,NOT_APPLICABLE,Data-driven
PERF-0780111,2025-09-28,CMP-115,New Product Launch,Affiliate,Awareness,Technical evaluators,Middle East and Africa,Mobile,Active,26269,18818,356,289,13,626.12,4126.02,1.355,1.76,4.498,6.59,1.396,NOT_APPLICABLE,NOT_APPLICABLE,NOT_APPLICABLE,Last click
PERF-0780112,2025-06-24,CMP-116,Customer Expansion,Paid Social,Lead generation,Technical evaluators,North America,Mobile,Active,22142,12994,273,222,7,230.96,2114.02,1.233,0.85,3.153,9.153,1.704,11657,NOT_APPLICABLE,NOT_APPLICABLE,Data-driven
PERF-0780113,2025-06-27,CMP-117,Year-End Pipeline,Paid Social,Lead generation,Existing customers,North America,Desktop,Active,72950,37287,674,511,19,987.69,4942.65,0.924,1.47,3.718,5.004,1.956,19785,NOT_APPLICABLE,NOT_APPLICABLE,Last click
PERF-0780114,2025-03-22,CMP-118,Regional Awareness,Paid Search,Lead generation,Existing customers,Asia Pacific,Desktop,Completed,19511,12899,950,753,65,2731.12,14227.22,4.869,2.87,8.632,5.209,1.513,NOT_APPLICABLE,NOT_APPLICABLE,NOT_APPLICABLE,Data-driven
PERF-0780115,2025-11-28,CMP-119,Partner Activation,Paid Search,Awareness,Technical evaluators,Europe,Desktop,Active,31112,18239,1070,976,91,2432.13,24524.49,3.439,2.27,9.324,10.084,1.706,NOT_APPLICABLE,NOT_APPLICABLE,NOT_APPLICABLE,Last click
PERF-0780116,07/26/2025,CMP-120,Spring Demand Gen,Paid Social,Awareness,Technical evaluators,Europe,Desktop,Active,77040,53550,719,613,25,1088.55,7029.58,0.933,1.51,4.078,6.458,1.439,33254,NOT_APPLICABLE,NOT_APPLICABLE,Data-driven
PERF-0780117,2025-04-13,CMP-121,Enterprise Demo Push,Email,Website traffic,Mid-market operations,North America,Mobile,Active,29769,29474,1467,1104,53,260.22,11284.46,4.928,0.18,4.801,43.365,1.01,NOT_APPLICABLE,29516,7732,Data-driven
PERF-0780118,2025-09-12,CMP-122,Mid-Market Growth,Video,Awareness,Existing customers,North America,Desktop,Paused,70192,44328,321,297,4,340.64,869.81,0.457,1.06,1.347,2.553,1.583,31499,NOT_APPLICABLE,NOT_APPLICABLE,Last click
PERF-0780119,2025-08-18,CMP-123,New Product Launch,Video,Lead generation,Enterprise decision makers,North America,Mobile,Paused,"42,800",61818,652,589,9,681.54,1659.43,0.83,1.05,1.528,2.435,1.27,21016,NOT_APPLICABLE,NOT_APPLICABLE,Last click
PERF-0780120,2025-03-14,CMP-124,Customer Expansion,Paid Social,Lead generation,Enterprise decision makers,Europe,Desktop,Completed,43039,20262,436,395,13,648.8,5586.99,1.013,1.49,3.291,8.611,2.124,17063,NOT_APPLICABLE,NOT_APPLICABLE,Last click
PERF-0780121,2025-06-07,CMP-125,Year-End Pipeline,Paid Search,Website traffic,Mid-market operations,North America,Mobile,Active,33747,31083,2306,2010,206,,,6.833,3.22,10.249,8.223,1.086,NOT_APPLICABLE,NOT_APPLICABLE,NOT_APPLICABLE,Position based
PERF-0780122,2025-06-11,CMP-126,Regional Awareness,Email,Website traffic,Enterprise decision makers,Europe,Mobile,Active,36823,36458,1059,901,30,162.92,8186.65,2.876,0.15,3.33,50.25,1.01,NOT_APPLICABLE,37175,11259,Linear
PERF-0780123,2025-11-22,CMP-127,Partner Activation,Affiliate,Awareness,Small business owners,Middle East and Africa,Desktop,Completed,19070,11828,348,285,14,634,4402.81,1.825,1.82,4.912,6.944,1.612,NOT_APPLICABLE,NOT_APPLICABLE,NOT_APPLICABLE,Linear
PERF-0780124,2025-12-31,CMP-128,Spring Demand Gen,Paid Search,Lead generation,Technical evaluators,Asia Pacific,Mobile,Active,21482,9977,1086,1086,77,3054.06,26034.89,5.055,2.81,7.09,8.525,2.153,NOT_APPLICABLE,NOT_APPLICABLE,NOT_APPLICABLE,Last click
PERF-0780125,2025-09-09,CMP-129,Enterprise Demo Push,Paid Social,Website traffic,,North America,Mobile,Active,95398,45592,1761,1608,57,2493.1,10691.74,1.846,1.42,3.545,4.289,2.092,43306,NOT_APPLICABLE,NOT_APPLICABLE,Data-driven
PERF-0780126,2025-05-07,CMP-130,Mid-Market Growth,Paid Social,Lead generation,Enterprise decision makers,Latin America,Tablet,Active,63018,32635,727,647,11,921.35,1849.19,1.154,1.27,1.7,2.007,1.931,29470,NOT_APPLICABLE,NOT_APPLICABLE,Data-driven
PERF-0780127,2025-11-01,CMP-131,New Product Launch,Affiliate,Lead generation,Technical evaluators,North America,Mobile,Paused,21782,21566,441,337,10,710.78,1555.36,2.025,1.61,2.967,2.188,1.01,NOT_APPLICABLE,NOT_APPLICABLE,NOT_APPLICABLE,Data-driven
PERF-0780128,2025-12-09,CMP-132,Customer Expansion,Paid Search,Awareness,Enterprise decision makers,North America,Mobile,Completed,35200,18994,1553,1296,101,3473.13,15661.29,4.412,2.24,7.793,4.509,1.853,NOT_APPLICABLE,NOT_APPLICABLE,NOT_APPLICABLE,Data-driven
PERF-0780129,2025-10-22,CMP-101,Year-End Pipeline,Paid Social,Website traffic,Technical evaluators,Europe,Mobile,Active,46879,28785,575,437,11,706.77,2632.87,1.227,1.23,2.517,3.725,1.629,14466,NOT_APPLICABLE,NOT_APPLICABLE,Linear
PERF-0780130,2025-02-05,CMP-102,Regional Awareness,Paid Social,Lead generation,Mid-market operations,Middle East and Africa,Mobile,Paused,90211,58965,1165,899,29,1805.39,8600.49,1.291,1.55,3.226,4.764,1.53,25382,NOT_APPLICABLE,NOT_APPLICABLE,Data-driven
PERF-0780131,2025-01-19,CMP-103,Partner Activation,Video,Awareness,Small business owners,Latin America,Desktop,Paused,99745,66794,970,741,9,1039.72,3138.1,0.972,1.07,1.215,3.018,1.493,21666,NOT_APPLICABLE,NOT_APPLICABLE,Last click
PERF-0780132,2025-09-06,CMP-104,Spring Demand Gen,Affiliate,Awareness,Technical evaluators,Middle East and Africa,Mobile,Completed,23358,19015,345,284,16,588.72,6190.21,1.477,1.71,5.634,10.515,1.228,NOT_APPLICABLE,NOT_APPLICABLE,NOT_APPLICABLE,Data-driven
PERF-0780133,2025-07-11,CMP-105,Enterprise Demo Push,Paid Search,Awareness,Enterprise decision makers,Middle East and Africa,Mobile,Active,23683,12446,743,677,36,1754.53,4296.97,3.137,2.36,5.318,2.449,1.903,NOT_APPLICABLE,NOT_APPLICABLE,NOT_APPLICABLE,Data-driven
PERF-0780134,2025-11-18,CMP-106,Mid-Market Growth,Paid Search,Website traffic,Technical evaluators,Asia Pacific,Mobile,Active,20517,11895,963,816,60,2508.33,21102.38,4.694,2.6,7.353,8.413,1.725,NOT_APPLICABLE,NOT_APPLICABLE,NOT_APPLICABLE,Data-driven
PERF-0780135,2025-04-25,CMP-107,New Product Launch,Display,Website traffic,Enterprise decision makers,Europe,Desktop,Active,133573,,893,795,12,684.14,3079.5,0.669,0.77,1.509,4.501,1.453,NOT_APPLICABLE,NOT_APPLICABLE,NOT_APPLICABLE,Last click
PERF-0780136,2025-05-25,CMP-108,Customer Expansion,Paid Search,Awareness,Existing customers,North America,Desktop,Active,19959,11330,469,357,23,1173.94,1361.07,2.35,2.5,6.443,1.159,1.762,NOT_APPLICABLE,NOT_APPLICABLE,NOT_APPLICABLE,Last click
PERF-0780137,2025-01-15,CMP-109,Year-End Pipeline,Paid Social,Awareness,Enterprise decision makers,North America,Mobile,Completed,32691,17947,486,384,12,676.82,2867.07,1.487,1.39,3.125,4.236,1.822,12130,NOT_APPLICABLE,NOT_APPLICABLE,Position based
PERF-0780138,2025-03-02,CMP-110,Regional Awareness,Paid Search,Lead generation,Technical evaluators,Europe,Mobile,Active,19430,10641,759,711,53,1924.68,8315.5,3.906,2.54,7.454,4.32,1.826,NOT_APPLICABLE,NOT_APPLICABLE,NOT_APPLICABLE,Position based
PERF-0780138,2025-06-12,CMP-111,Partner Activation,Organic Social,Awareness,Mid-market operations,North America,Mobile,Active,69989,39369,629,623,18,40.28,6317.71,0.899,0.06,2.889,156.845,1.778,24199,NOT_APPLICABLE,NOT_APPLICABLE,Last click
PERF-0780140,2025-10-31,CMP-112,Spring Demand Gen,Paid Social,Website traffic,Small business owners,North America,Mobile,Active,52846,36005,892,812,23,927.19,9305.18,1.688,1.04,2.833,10.036,1.468,16457,NOT_APPLICABLE,NOT_APPLICABLE,Data-driven
PERF-0780141,2025-02-26,CMP-113,Enterprise Demo Push,Email,Website traffic,Technical evaluators,Europe,Mobile,Active,23340,23109,553,476,23,98.03,6186.3,2.369,0.18,4.832,63.106,1.01,NOT_APPLICABLE,24153,9324,Data-driven
PERF-0780142,2025-09-09,CMP-114,Mid-Market Growth,Paid Search,Retention,Mid-market operations,Asia Pacific,Desktop,Active,15792,8421,455,324,21,1359.95,10977.04,2.881,2.99,6.481,8.072,1.875,NOT_APPLICABLE,NOT_APPLICABLE,NOT_APPLICABLE,Data-driven
PERF-0780143,2025-05-29,CMP-115,New Product Launch,Paid Search,Website traffic,Existing customers,Latin America,Tablet,Completed,22809,17897,1346,1309,52,2961.79,6666.21,5.901,2.2,3.972,2.251,1.274,NOT_APPLICABLE,NOT_APPLICABLE,NOT_APPLICABLE,Position based
PERF-0780144,2025-12-08,CMP-116,Customer Expansion,Display,Website traffic,Enterprise decision makers,Europe,Desktop,Completed,76553,40005,631,604,9,611.56,3113.66,0.824,0.97,1.49,5.091,1.914,NOT_APPLICABLE,NOT_APPLICABLE,NOT_APPLICABLE,Last click
PERF-0780145,2025-07-20,CMP-117,Year-End Pipeline,paid-social,Website traffic,Technical evaluators,Latin America,Mobile,Draft,69535,36986,1097,1019,21,1328.92,6303.32,1.578,1.21,2.061,4.743,1.88,19914,NOT_APPLICABLE,NOT_APPLICABLE,Linear
PERF-0780146,2025-10-19,CMP-118,Regional Awareness,Display,Conversion,Technical evaluators,North America,Mobile,Active,53179,24627,381,318,6,327.94,1844.59,0.716,0.86,1.887,5.625,2.159,NOT_APPLICABLE,NOT_APPLICABLE,NOT_APPLICABLE,First click
PERF-0780147,2025-06-04,CMP-119,Partner Activation,Paid Social,Lead generation,Mid-market operations,Latin America,Mobile,Active,83861,48705,1214,1092,37,1586.19,12906.8,1.448,1.31,3.388,8.137,1.722,40475,NOT_APPLICABLE,NOT_APPLICABLE,Linear
PERF-0780148,2025-06-20,CMP-120,Spring Demand Gen,Video,Awareness,Enterprise decision makers,Europe,Desktop,Paused,109661,62472,804,804,15,874,2714.6,0.733,1.09,1.866,3.106,1.755,40662,NOT_APPLICABLE,NOT_APPLICABLE,Linear
PERF-0780149,2025-01-04,CMP-121,Enterprise Demo Push,Paid Search,Conversion,Enterprise decision makers,Asia Pacific,Desktop,Active,22990,21707,787,712,72,1849.93,,3.423,2.35,10.112,20.674,1.059,NOT_APPLICABLE,NOT_APPLICABLE,NOT_APPLICABLE,Last click
PERF-0780150,2025-03-29,CMP-122,Mid-Market Growth,Display,Lead generation,Existing customers,Latin America,Mobile,Active,55630,36858,242,185,3,161.31,1023.08,0.435,0.67,1.622,6.342,1.509,NOT_APPLICABLE,NOT_APPLICABLE,NOT_APPLICABLE,Data-driven
PERF-0780151,2025-04-08,CMP-123,New Product Launch,Paid Social,Conversion,Enterprise decision makers,Asia Pacific,Desktop,Active,63578,37417,887,797,20,1040.57,12035.69,1.395,1.17,2.509,11.566,1.699,13787,NOT_APPLICABLE,NOT_APPLICABLE,Data-driven
PERF-0780152,2025-09-23,CMP-124,Customer Expansion,Paid Search,Website traffic,Technical evaluators,North America,Desktop,Completed,32326,14587,1978,1686,118,,32086.17,6.119,3.34,6.999,4.85,2.216,NOT_APPLICABLE,NOT_APPLICABLE,NOT_APPLICABLE,Position based
PERF-0780153,2025-03-18,CMP-125,Year-End Pipeline,Paid Social,Lead generation,Enterprise decision makers,North America,Mobile,Active,56415,37134,501,458,15,742.73,4684.56,0.888,1.48,3.275,6.307,1.519,20287,NOT_APPLICABLE,NOT_APPLICABLE,Data-driven
PERF-0780154,2025-02-14,CMP-126,Regional Awareness,Email,Awareness,Technical evaluators,Asia Pacific,Mobile,Active,32169,27606,912,745,37,158.12,6902.99,2.835,0.17,4.966,43.657,1.165,NOT_APPLICABLE,32750,9576,Last click
PERF-0780155,2025-09-02,CMP-127,Partner Activation,Paid Search,brand awareness,Mid-market operations,Asia Pacific,Desktop,Completed,12987,7118,426,389,36,1147.31,17322.82,3.28,2.69,9.254,15.099,1.825,NOT_APPLICABLE,NOT_APPLICABLE,NOT_APPLICABLE,Data-driven
PERF-0780156,2025-10-13,CMP-128,Spring Demand Gen,Display,Lead generation,Mid-market operations,North America,Desktop,Active,86070,47462,363,342,5,230.4,1898.02,0.422,0.63,1.462,8.238,1.813,NOT_APPLICABLE,NOT_APPLICABLE,NOT_APPLICABLE,Last click
PERF-0780157,2025-04-05,CMP-129,Enterprise Demo Push,Affiliate,Lead generation,Enterprise decision makers,North America,Mobile,Completed,23282,16941,422,408,12,583.25,2538.69,1.813,1.38,2.941,4.353,1.374,NOT_APPLICABLE,NOT_APPLICABLE,NOT_APPLICABLE,Data-driven
PERF-0780158,2025-04-01,CMP-130,Mid-Market Growth,Paid Social,Conversion,Enterprise decision makers,Middle East and Africa,Mobile,Paused,64360,28804,637,501,21,953.83,12432.85,0.99,1.5,4.192,13.035,2.234,17650,NOT_APPLICABLE,NOT_APPLICABLE,Linear
PERF-0780159,2025-02-20,CMP-131,New Product Launch,Display,Awareness,Technical evaluators,Latin America,Desktop,Active,19567,9478,134,124,2,107.45,667.83,0.685,0.8,1.613,6.215,2.064,NOT_APPLICABLE,NOT_APPLICABLE,NOT_APPLICABLE,Last click
PERF-0780160,2025-02-18,CMP-132,Customer Expansion,Paid Social,Conversion,Mid-market operations,North America,Mobile,Active,86918,50740,1142,948,38,1484.11,12712.24,1.314,1.3,4.008,8.566,1.713,36146,NOT_APPLICABLE,NOT_APPLICABLE,Last click
PERF-0780161,2025-02-13,CMP-101,Year-End Pipeline,Email,Website traffic,Enterprise decision makers,North America,Mobile,Active,34442,34101,1369,1101,48,296.57,11448.16,3.975,0.22,4.36,38.602,1.01,NOT_APPLICABLE,34739,10832,Last click
PERF-0780162,2025-12-28,CMP-102,Regional Awareness,Email,Awareness,Existing customers,North America,Mobile,Active,32513,30455,939,817,39,185.45,9728.01,2.888,0.2,4.774,52.456,1.068,NOT_APPLICABLE,32806,12749,Linear
PERF-0780163,2025-08-11,CMP-103,Partner Activation,Email,Lead generation,Existing customers,Asia Pacific,Mobile,Active,30107,29809,699,693,23,119.33,4788.34,2.322,0.17,3.319,40.127,1.01,NOT_APPLICABLE,30760,8945,Position based
PERF-0780164,2025-06-23,CMP-104,Spring Demand Gen,Paid Search,Conversion,Existing customers,Middle East and Africa,Desktop,Active,21949,17076,736,644,46,2635.13,9023.38,3.353,3.58,7.143,3.424,1.285,NOT_APPLICABLE,NOT_APPLICABLE,NOT_APPLICABLE,Position based
PERF-0780165,2025-01-02,CMP-105,Enterprise Demo Push,Display,Lead generation,Mid-market operations,Latin America,Desktop,Active,130413,75993,517,449,7,405.05,2131.27,0.396,0.78,1.559,5.262,1.716,NOT_APPLICABLE,NOT_APPLICABLE,NOT_APPLICABLE,Data-driven
PERF-0780166,2025-07-14,CMP-106,Mid-Market Growth,Paid Social,Conversion,Mid-market operations,Europe,Desktop,Completed,49888,34425,576,566,20,1139.1,12984.85,1.155,1.98,3.534,11.399,1.449,18596,NOT_APPLICABLE,NOT_APPLICABLE,Last click
PERF-0780167,2025-08-12,CMP-107,New Product Launch,Display,Awareness,Mid-market operations,Asia Pacific,Mobile,Active,119700,63248,835,705,8,659.91,2468.26,0.698,0.79,1.135,3.74,1.893,NOT_APPLICABLE,NOT_APPLICABLE,NOT_APPLICABLE,Linear
PERF-0780168,2025-12-03,CMP-108,Customer Expansion,Email,Website traffic,Enterprise decision makers,Asia Pacific,Tablet,Active,51020,41069,1785,1581,79,268.72,35536.12,3.499,0.15,4.997,132.242,1.242,NOT_APPLICABLE,52125,18200,Position based
PERF-0780169,2025-01-28,CMP-109,Year-End Pipeline,Display,Conversion,Existing customers,North America,Mobile,Paused,104870,55561,522,471,11,327,3650.4,0.498,0.63,2.335,11.163,1.887,NOT_APPLICABLE,NOT_APPLICABLE,NOT_APPLICABLE,Last click
PERF-0780170,2025-03-10,CMP-110,Regional Awareness,Paid Search,Awareness,Small business owners,North America,Desktop,Paused,25410,12155,846,700,59,2248.23,9915.15,3.329,2.66,8.429,4.41,2.09,NOT_APPLICABLE,NOT_APPLICABLE,NOT_APPLICABLE,Position based
PERF-0780171,2025-03-10,CMP-111,Partner Activation,Video,Website traffic,Existing customers,Europe,Mobile,Active,82617,49639,688,555,12,861.05,2619.94,0.833,1.25,2.162,3.043,1.664,22862,NOT_APPLICABLE,NOT_APPLICABLE,First click
PERF-0780172,2025-06-16,CMP-112,Spring Demand Gen,Email,Conversion,Enterprise decision makers,North America,Mobile,Active,26702,20283,719,579,44,75.73,5836.18,2.693,0.11,7.599,77.066,1.316,NOT_APPLICABLE,26982,9877,Last click
PERF-0780173,2025-04-27,CMP-113,Enterprise Demo Push,Email,Website traffic,Enterprise decision makers,Europe,Mobile,Active,43842,43408,1809,1468,81,307.49,10737.92,4.126,0.17,5.518,34.921,1.01,NOT_APPLICABLE,44909,15560,First click
PERF-0780174,2025-05-10,CMP-114,Mid-Market Growth,Affiliate,Lead generation,Technical evaluators,APAC,Mobile,Completed,31958,22378,437,376,24,818.95,5271.66,1.367,1.87,6.383,6.437,1.428,NOT_APPLICABLE,NOT_APPLICABLE,NOT_APPLICABLE,Last click
PERF-0780175,2025-07-11,CMP-115,New Product Launch,Video,Lead generation,Existing customers,North America,Mobile,Active,53771,38860,412,327,6,345.79,1271.07,0.766,0.84,1.835,3.676,1.384,19203,NOT_APPLICABLE,NOT_APPLICABLE,Data-driven
PERF-0780176,2025-12-15,CMP-116,Customer Expansion,Paid Social,Conversion,Enterprise decision makers,North America,Desktop,Completed,34895,25379,492,348,9,521.14,4028.22,1.41,1.06,2.586,7.73,1.375,16859,NOT_APPLICABLE,NOT_APPLICABLE,Data-driven
PERF-0780177,2025-11-02,CMP-117,Year-End Pipeline,Display,Awareness,Mid-market operations,Asia Pacific,Desktop,Completed,140885,,816,724,15,540.74,2498.56,0.579,0.66,2.072,4.621,1.426,NOT_APPLICABLE,NOT_APPLICABLE,NOT_APPLICABLE,Last click
PERF-0780178,2025-07-20,CMP-118,Regional Awareness,Paid Search,Lead generation,Existing customers,North America,Mobile,Completed,14050,7407,670,445,25,1552.59,5604.8,4.769,2.32,5.618,3.61,1.897,NOT_APPLICABLE,NOT_APPLICABLE,NOT_APPLICABLE,Linear
PERF-0780179,2025-05-29,CMP-119,Partner Activation,Paid Search,Retention,Small business owners,North America,Mobile,Active,8715,5870,520,503,13,1544.63,1980.75,5.967,2.97,2.584,1.282,1.485,NOT_APPLICABLE,NOT_APPLICABLE,NOT_APPLICABLE,First click
PERF-0780180,2025-09-07,CMP-120,Spring Demand Gen,Paid Social,Conversion,Enterprise decision makers,North America,Mobile,Active,79189,48366,1202,1135,45,1594.2,18634.27,1.518,1.33,3.965,11.689,1.637,46788,NOT_APPLICABLE,NOT_APPLICABLE,Last click
PERF-0780181,2025-10-10,CMP-121,Enterprise Demo Push,Organic Social,Website traffic,Small business owners,Asia Pacific,Desktop,Active,18522,9415,273,222,6,13.58,1409.2,1.474,0.05,2.703,103.77,1.967,6158,NOT_APPLICABLE,NOT_APPLICABLE,Data-driven
PERF-0780182,2025-05-24,CMP-122,Mid-Market Growth,Display,Lead generation,Enterprise decision makers,Europe,Desktop,Active,98540,47803,533,399,8,501.5,2581.57,0.541,0.94,2.005,5.148,2.061,NOT_APPLICABLE,NOT_APPLICABLE,NOT_APPLICABLE,Data-driven
PERF-0780183,2025-11-30,CMP-123,New Product Launch,Affiliate,Website traffic,Enterprise decision makers,Europe,Mobile,Active,35671,21986,706,559,39,1182.14,10414.33,1.979,1.67,6.977,8.81,1.622,NOT_APPLICABLE,NOT_APPLICABLE,NOT_APPLICABLE,Last click
PERF-0780184,2025-12-22,CMP-124,Customer Expansion,Paid Social,Awareness,,Europe,Desktop,Paused,38168,24062,482,446,13,735.66,3918.72,1.263,1.53,2.915,5.327,1.586,14308,NOT_APPLICABLE,NOT_APPLICABLE,last-click
PERF-0780185,2025-09-05,CMP-125,Year-End Pipeline,Affiliate,Website traffic,Existing customers,North America,Tablet,Active,39581,20764,552,453,21,662.3,5189.84,1.395,1.2,4.636,7.836,1.906,NOT_APPLICABLE,NOT_APPLICABLE,NOT_APPLICABLE,Last click
PERF-0780186,2025-02-16,CMP-126,Regional Awareness,Paid Search,Awareness,Technical evaluators,Europe,Desktop,Active,22158,10966,1285,1181,125,,19852.77,5.799,3.3,10.584,4.686,2.021,NOT_APPLICABLE,NOT_APPLICABLE,NOT_APPLICABLE,Data-driven
PERF-0780187,2025-05-04,CMP-127,Partner Activation,Paid Search,Awareness,Small business owners,Europe,Mobile,Paused,11801,6596,480,421,21,1409.98,5433.17,4.067,2.94,4.988,3.853,1.789,NOT_APPLICABLE,NOT_APPLICABLE,NOT_APPLICABLE,Data-driven
PERF-0780188,2025-05-31,CMP-128,Spring Demand Gen,Paid Social,Website traffic,Existing customers,North America,Mobile,Active,62848,39453,1183,1018,41,2014.35,9510.69,1.882,1.7,4.028,4.721,1.593,18239,NOT_APPLICABLE,NOT_APPLICABLE,Data-driven
PERF-0780189,2025-08-17,CMP-129,Enterprise Demo Push,Email,Awareness,Mid-market operations,North America,Mobile,Active,53056,52198,1428,1231,70,249.27,9102.46,2.691,0.17,5.686,36.516,1.016,NOT_APPLICABLE,53580,13344,Data-driven
PERF-0780190,2025-01-08,CMP-130,Mid-Market Growth,Paid Search,Conversion,Existing customers,North America,Mobile,Completed,16112,8545,549,448,35,1789.95,6997.31,3.407,3.26,7.813,3.909,1.886,NOT_APPLICABLE,NOT_APPLICABLE,NOT_APPLICABLE,Position based
PERF-0780191,2025-08-15,CMP-131,New Product Launch,Paid Search,Lead generation,Technical evaluators,North America,Mobile,Active,13631,9148,486,427,17,1239.97,7418.79,3.565,2.55,3.981,5.983,1.49,NOT_APPLICABLE,NOT_APPLICABLE,NOT_APPLICABLE,Last click
PERF-0780192,2025-12-16,CMP-132,Customer Expansion,Paid Search,Website traffic,Technical evaluators,Asia Pacific,Mobile,Active,23878,12055,1257,1022,36,3259.03,9736.82,5.264,2.59,3.523,2.988,1.981,NOT_APPLICABLE,NOT_APPLICABLE,NOT_APPLICABLE,Position based
PERF-0780193,2025-06-20,CMP-101,Year-End Pipeline,Paid Search,Awareness,Small business owners,North America,Mobile,Active,20689,16380,560,465,29,2057.52,5791.63,2.707,3.67,6.237,2.815,1.263,NOT_APPLICABLE,NOT_APPLICABLE,NOT_APPLICABLE,Position based
PERF-0780194,2025-02-08,CMP-102,Regional Awareness,Video,Awareness,Enterprise decision makers,Asia Pacific,Desktop,Active,161267,,1021,728,6,1009.76,2533.38,0.633,0.99,0.824,2.509,1.128,46418,NOT_APPLICABLE,NOT_APPLICABLE,Data-driven
PERF-0780195,2025-09-01,CMP-103,Partner Activation,Organic Social,Lead generation,Technical evaluators,Europe,Desktop,Active,38296,24249,257,224,2,14.78,667.12,0.671,0.06,0.893,45.137,1.579,17048,NOT_APPLICABLE,NOT_APPLICABLE,Last click
PERF-0780196,2025-05-17,CMP-104,Spring Demand Gen,Affiliate,Conversion,Enterprise decision makers,North America,Desktop,Active,45503,23064,759,499,23,1088.77,5031.18,1.668,1.43,4.609,4.621,1.973,NOT_APPLICABLE,NOT_APPLICABLE,NOT_APPLICABLE,First click
PERF-0780197,2025-12-24,CMP-105,Enterprise Demo Push,Paid Search,Awareness,Small business owners,North America,Mobile,Active,21845,16575,747,583,32,2795.96,6485.25,3.42,3.74,5.489,2.32,1.318,NOT_APPLICABLE,NOT_APPLICABLE,NOT_APPLICABLE,Last click
PERF-0780198,2025-04-06,CMP-106,Mid-Market Growth,Paid Search,Website traffic,Small business owners,North America,Mobile,Active,9981,7284,605,543,43,1456.8,9094.58,6.062,2.41,7.919,6.243,1.37,NOT_APPLICABLE,NOT_APPLICABLE,NOT_APPLICABLE,Last click
PERF-0780199,2025-12-28,CMP-107,New Product Launch,Email,Lead generation,Enterprise decision makers,Europe,Desktop,Completed,16890,16723,495,333,15,74.79,3754.32,2.931,0.15,4.505,50.198,1.01,NOT_APPLICABLE,17327,5039,Last click
PERF-0780200,2025-02-12,CMP-108,Customer Expansion,Paid Search,Awareness,Mid-market operations,North America,Desktop,Completed,29812,15868,945,842,57,2893.16,13635.54,3.17,3.06,6.77,4.713,1.879,NOT_APPLICABLE,NOT_APPLICABLE,NOT_APPLICABLE,Data-driven
PERF-0780201,2025-08-01,CMP-109,Year-End Pipeline,Display,Retention,Technical evaluators,Latin America,Desktop,Active,95058,65937,534,478,7,400.16,5393.18,0.562,0.75,1.464,13.478,1.442,NOT_APPLICABLE,NOT_APPLICABLE,NOT_APPLICABLE,Last click
PERF-0780202,2025-12-22,CMP-110,Regional Awareness,Paid Search,Awareness,Mid-market operations,North America,Desktop,Paused,22063,15564,934,908,71,2118.95,14554.4,4.233,2.27,7.819,6.869,1.418,NOT_APPLICABLE,NOT_APPLICABLE,NOT_APPLICABLE,Data-driven
PERF-0780203,2025-02-26,CMP-111,Partner Activation,Email,Website traffic,Small business owners,Europe,Mobile,Paused,55797,34198,2006,1408,86,332.25,19137.61,3.595,0.17,6.108,57.6,1.632,NOT_APPLICABLE,57139,20056,Data-driven
PERF-0780204,2025-06-20,CMP-112,Spring Demand Gen,Paid Search,Awareness,Enterprise decision makers,North America,Mobile,Active,24613,14050,1073,989,84,2908.44,20927.63,4.359,2.71,8.493,7.195,1.752,NOT_APPLICABLE,NOT_APPLICABLE,NOT_APPLICABLE,First click
PERF-0780205,2025-06-23,CMP-113,Enterprise Demo Push,Organic Social,Website traffic,Small business owners,North America,Mobile,Active,60099,42501,930,690,13,69.34,4683.48,1.547,0.07,1.884,67.544,1.414,29144,NOT_APPLICABLE,NOT_APPLICABLE,Data-driven
PERF-0780206,2025-08-24,CMP-114,Mid-Market Growth,Paid Search,Lead generation,Enterprise decision makers,Asia Pacific,Desktop,Active,16988,8231,774,689,49,2386.25,17242.58,4.556,3.08,7.112,7.226,2.064,NOT_APPLICABLE,NOT_APPLICABLE,NOT_APPLICABLE,Position based
PERF-0780207,2025-07-10,CMP-115,New Product Launch,Video,Conversion,Small business owners,North America,Mobile,Active,112596,68719,871,618,16,1084.8,4616.2,0.774,1.25,2.589,4.255,1.638,44477,NOT_APPLICABLE,NOT_APPLICABLE,Last click
PERF-0780208,2025-09-12,CMP-116,Customer Expansion,Paid Search,Conversion,Mid-market operations,North America,Desktop,Active,23564,15287,1231,1096,,3686.66,,5.224,2.99,10.036,11.94,1.541,NOT_APPLICABLE,NOT_APPLICABLE,NOT_APPLICABLE,Data-driven
PERF-0780209,2025-10-03,CMP-117,Year-End Pipeline,Video,Awareness,Mid-market operations,Asia Pacific,Mobile,Active,82599,44858,558,472,11,656.51,4074.31,0.676,1.18,2.331,6.206,1.841,54249,NOT_APPLICABLE,NOT_APPLICABLE,First click
PERF-0780210,2025-06-21,CMP-118,Regional Awareness,Email,Conversion,Mid-market operations,Europe,Desktop,Active,42345,41926,1067,958,52,214.08,33635.29,2.52,0.2,5.428,157.116,1.01,NOT_APPLICABLE,42336,12211,Data-driven
PERF-0780211,2025-11-11,CMP-119,Partner Activation,Paid Search,Awareness,Mid-market operations,Europe,Tablet,Completed,11960,9403,574,420,31,1205.57,11630.4,4.799,2.1,7.381,9.647,1.272,NOT_APPLICABLE,NOT_APPLICABLE,NOT_APPLICABLE,Data-driven
PERF-0780212,2025-08-30,CMP-120,Spring Demand Gen,organic_social,Website traffic,Enterprise decision makers,North America,Desktop,Paused,19890,11307,250,221,5,15.6,909.45,1.257,0.06,2.262,58.298,1.759,12213,NOT_APPLICABLE,NOT_APPLICABLE,Data-driven
PERF-0780213,2025-03-03,CMP-121,Enterprise Demo Push,Email,Awareness,Existing customers,Europe,Mobile,Active,10947,10839,299,219,18,57.14,5097.24,2.731,0.19,8.219,89.206,1.01,NOT_APPLICABLE,11077,2772,Data-driven
PERF-0780214,2025-07-31,CMP-122,Mid-Market Growth,Paid Search,Lead generation,Small business owners,Latin America,Mobile,Active,11654,6611,399,379,28,782.55,3191.43,3.424,1.96,7.388,4.078,1.763,NOT_APPLICABLE,NOT_APPLICABLE,NOT_APPLICABLE,Last click
PERF-0780215,2025-13-07,CMP-123,New Product Launch,Video,Conversion,Mid-market operations,North America,Desktop,Completed,112453,,926,738,21,995.78,9949.91,0.823,1.08,2.846,9.992,1.185,36344,NOT_APPLICABLE,NOT_APPLICABLE,Data-driven
PERF-0780216,2025-08-23,CMP-124,Customer Expansion,Paid Social,Lead generation,Enterprise decision makers,North America,Mobile,Active,65162,36888,950,804,26,1334.29,9121.51,1.458,1.4,3.234,6.836,1.766,24691,NOT_APPLICABLE,NOT_APPLICABLE,First click
PERF-0780217,03/23/2025,CMP-125,Year-End Pipeline,Organic Social,Lead generation,Technical evaluators,Latin America,Mobile,Completed,34837,24907,399,384,5,27.3,1236.56,1.145,0.07,1.302,45.295,1.399,13397,NOT_APPLICABLE,NOT_APPLICABLE,Position based
PERF-0780218,2025-02-18,CMP-126,Regional Awareness,Email,Lead generation,Existing customers,North America,Desktop,Completed,53124,48400,2254,2254,,452.31,24959.55,4.243,0.2,5.324,55.182,1.098,NOT_APPLICABLE,51892,21050,Data-driven
PERF-0780219,2025-10-30,CMP-127,Partner Activation,Email,Lead generation,Technical evaluators,Latin America,Tablet,Completed,42608,42186,1168,1069,58,187.27,13513.62,2.741,0.16,5.426,72.161,1.01,NOT_APPLICABLE,43458,14462,Data-driven
PERF-0780220,2025-10-25,CMP-128,Spring Demand Gen,Paid Search,Conversion,Existing customers,Europe,Mobile,Completed,19347,12347,819,714,62,3130.17,25142.76,4.233,3.82,8.683,8.032,1.567,NOT_APPLICABLE,NOT_APPLICABLE,NOT_APPLICABLE,Last click
PERF-0780221,2025-01-26,CMP-129,Enterprise Demo Push,Paid Search,Website traffic,Technical evaluators,Europe,Mobile,Active,35664,25445,2103,1850,145,,,5.897,2.43,7.838,9.442,1.402,NOT_APPLICABLE,NOT_APPLICABLE,NOT_APPLICABLE,Data-driven
PERF-0780222,2025-03-21,CMP-130,Mid-Market Growth,Email,Lead generation,Small business owners,North America,Desktop,Completed,35672,34255,996,913,55,195.19,13967.78,2.792,0.2,6.024,71.56,1.041,NOT_APPLICABLE,35834,10144,Data-driven
PERF-0780223,2025-11-28,CMP-131,New Product Launch,Video,Lead generation,Enterprise decision makers,North America,Desktop,Completed,77635,51643,624,485,10,701.94,1761.32,0.804,1.12,2.062,2.509,1.503,29059,NOT_APPLICABLE,NOT_APPLICABLE,Data-driven
PERF-0780224,2025-04-23,CMP-132,Customer Expansion,Paid Social,Awareness,Enterprise decision makers,Europe,Mobile,Completed,74832,50485,974,809,19,1066.58,6494.33,1.302,1.1,2.349,6.089,1.482,26276,NOT_APPLICABLE,NOT_APPLICABLE,Data-driven
PERF-0780225,2025-07-15,CMP-101,Year-End Pipeline,Display,Awareness,Mid-market operations,North America,Mobile,Active,108147,74290,674,560,6,588.26,441.02,0.623,0.87,1.071,0.75,1.456,NOT_APPLICABLE,NOT_APPLICABLE,NOT_APPLICABLE,Position based
PERF-0780226,2025-05-18,CMP-102,Regional Awareness,Email,Awareness,Mid-market operations,North America,Mobile,Completed,47989,40969,1402,1180,69,247.74,28527.32,2.922,0.18,5.847,115.15,1.171,NOT_APPLICABLE,48377,16634,Position based
PERF-0780227,2025-07-18,CMP-103,Partner Activation,Email,Lead generation,Technical evaluators,North America,Mobile,Active,67911,67239,2604,2319,85,372.92,17708.24,3.834,0.14,3.665,47.485,1.01,NOT_APPLICABLE,67941,17983,Data-driven
PERF-0780228,2025-07-14,CMP-104,Spring Demand Gen,Paid Social,Conversions,Existing customers,Asia Pacific,Mobile,Paused,48179,28354,828,716,25,1056.58,8932.06,1.719,1.28,3.492,8.454,1.699,23314,NOT_APPLICABLE,NOT_APPLICABLE,Data-driven
PERF-0780229,2025-06-08,CMP-105,Enterprise Demo Push,Paid Search,Lead generation,Existing customers,Europe,Desktop,Paused,22221,13939,1058,963,,3019.12,12854.71,4.761,2.85,11.838,4.258,1.594,NOT_APPLICABLE,NOT_APPLICABLE,NOT_APPLICABLE,Data-driven
PERF-0780230,2025-11-18,CMP-106,Mid-Market Growth,Paid Search,Awareness,Technical evaluators,Asia Pacific,Desktop,Active,22209,19856,444,430,37,1299.89,11419.48,1.999,2.93,8.605,8.785,1.119,NOT_APPLICABLE,NOT_APPLICABLE,NOT_APPLICABLE,Last click
PERF-0780231,2025-05-02,CMP-107,New Product Launch,Organic Social,Conversion,Enterprise decision makers,North America,Desktop,Active,43123,24534,502,479,8,15.61,4788.74,1.164,0.03,1.67,306.774,1.758,15518,NOT_APPLICABLE,NOT_APPLICABLE,First click
PERF-0780232,2025-08-22,CMP-108,Customer Expansion,Video,Lead generation,Enterprise decision makers,Europe,Desktop,Completed,99282,48479,777,703,8,725.96,2146.44,0.783,0.93,1.138,2.957,2.048,32402,NOT_APPLICABLE,NOT_APPLICABLE,Last click
PERF-0780233,2025-09-29,CMP-109,Year-End Pipeline,Video,Website traffic,Enterprise decision makers,North America,Desktop,Active,112145,60844,1109,927,13,1260.42,4038.34,0.989,1.14,1.402,3.204,1.843,47172,NOT_APPLICABLE,NOT_APPLICABLE,Data-driven
PERF-0780234,2025-12-27,CMP-110,Regional Awareness,Display,Website traffic,Existing customers,Europe,Desktop,Draft,126842,63401,903,743,13,673.74,3003.72,0.712,0.75,1.75,4.458,2.001,NOT_APPLICABLE,NOT_APPLICABLE,NOT_APPLICABLE,Last click
PERF-0780235,2025-09-25,CMP-111,Partner Activation,Affiliate,Awareness,Enterprise decision makers,Asia Pacific,Desktop,Active,14470,10712,222,185,11,231.32,2338.34,1.534,1.04,5.946,10.109,1.351,NOT_APPLICABLE,NOT_APPLICABLE,NOT_APPLICABLE,Data-driven
PERF-0780236,2025-02-25,CMP-112,Spring Demand Gen,Affiliate,Awareness,Existing customers,Europe,Desktop,Active,43515,25023,752,494,17,1055.02,6859.03,1.728,1.4,3.441,6.501,1.739,NOT_APPLICABLE,NOT_APPLICABLE,NOT_APPLICABLE,Linear
PERF-0780237,2025-11-02,CMP-113,Enterprise Demo Push,Paid Search,Conversion,Small business owners,North America,Mobile,Active,40150,36418,732,732,67,1749.94,,1.823,2.39,9.153,22.939,1.102,NOT_APPLICABLE,NOT_APPLICABLE,NOT_APPLICABLE,Last click
PERF-0780238,2025-07-04,CMP-114,Mid-Market Growth,Email,Lead generation,Enterprise decision makers,Asia Pacific,Desktop,Active,58309,44866,1553,1553,,355.68,34254.35,2.663,0.23,6.053,96.307,1.3,NOT_APPLICABLE,59462,17606,Linear
PERF-0780239,2025-07-01,CMP-115,New Product Launch,Paid Search,Awareness,Mid-market operations,North America,Desktop,Paused,36070,17083,1614,1519,98,,30933.36,4.475,2.67,6.452,7.181,2.111,NOT_APPLICABLE,NOT_APPLICABLE,NOT_APPLICABLE,First click
PERF-0780240,2025-06-13,CMP-116,Customer Expansion,Affiliate,Website traffic,Mid-market operations,North America,Mobile,Completed,26791,17845,583,480,11,1087.3,2320.05,2.176,1.87,2.292,2.134,1.501,NOT_APPLICABLE,NOT_APPLICABLE,NOT_APPLICABLE,Last click
PERF-0780241,2025-08-07,CMP-117,Year-End Pipeline,Paid Social,Website traffic,Mid-market operations,North America,Mobile,Active,57185,33734,696,438,15,958.42,3938.43,1.217,1.38,3.425,4.109,1.695,20716,NOT_APPLICABLE,NOT_APPLICABLE,Data-driven
PERF-0780242,2025-12-08,CMP-118,Regional Awareness,Paid Social,Awareness,Mid-market operations,North America,Desktop,Completed,89436,45050,1550,1183,10,1846.2,3042.68,1.733,1.19,0.845,1.648,1.985,37053,NOT_APPLICABLE,NOT_APPLICABLE,Data-driven
PERF-0780243,2025-05-26,CMP-119,Partner Activation,Paid Social,Lead generation,,Asia Pacific,Desktop,Active,53365,41176,853,697,31,1040.01,5571.2,1.598,1.22,4.448,5.357,1.296,17929,NOT_APPLICABLE,NOT_APPLICABLE,Last click
PERF-0780244,2025-12-14,CMP-120,Spring Demand Gen,Paid Search,Awareness,Mid-market operations,Asia Pacific,Desktop,Completed,24533,13391,841,837,35,2175.41,9731.9,3.428,2.59,4.182,4.474,1.832,NOT_APPLICABLE,NOT_APPLICABLE,NOT_APPLICABLE,Data-driven
PERF-0780245,2025-04-18,CMP-121,Enterprise Demo Push,Email,Lead generation,Mid-market operations,Latin America,Desktop,Completed,42718,31942,1298,1106,40,215.04,4919.59,3.039,0.17,3.617,22.878,1.337,NOT_APPLICABLE,44061,17712,First click
PERF-0780246,2025-07-27,CMP-122,Mid-Market Growth,Affiliate,Conversion,Enterprise decision makers,North America,Mobile,Active,34375,22241,791,597,32,1058.55,11582.19,2.301,1.34,5.36,10.942,1.546,NOT_APPLICABLE,NOT_APPLICABLE,NOT_APPLICABLE,Last click
PERF-0780247,2025-01-05,CMP-123,New Product Launch,Email,Conversion,Enterprise decision makers,Europe,Mobile,Active,46787,46324,1323,1162,70,287.88,6767.52,2.828,0.22,6.024,23.508,1.01,NOT_APPLICABLE,48567,14827,Last click
PERF-0780248,2025-11-13,CMP-124,Customer Expansion,Paid Social,Awareness,Mid-market operations,North America,Desktop,Active,57573,34500,1043,864,25,1675.78,7401.08,1.812,1.61,2.894,4.416,1.669,14327,NOT_APPLICABLE,NOT_APPLICABLE,Position based
PERF-0780249,2025-08-16,CMP-125,Year-End Pipeline,Email,Lead generation,Existing customers,Asia Pacific,Mobile,Active,62312,61695,1336,1161,55,279.81,14045.13,2.144,0.21,4.737,50.195,1.01,NOT_APPLICABLE,61844,20221,Last click
PERF-0780250,2025-07-05,CMP-126,Regional Awareness,Video,Retention,Small business owners,North America,Mobile,Active,92424,58982,667,539,13,893.45,11487.16,0.722,1.34,2.412,12.857,1.567,31677,NOT_APPLICABLE,NOT_APPLICABLE,Data-driven
PERF-0780251,2025-05-31,CMP-127,Partner Activation,Email,Website traffic,Enterprise decision makers,North America,Desktop,Active,20354,20152,903,807,31,200.9,8186.44,4.436,0.22,3.841,40.749,1.01,NOT_APPLICABLE,20849,7314,Last click
PERF-0780252,2025-01-02,CMP-128,Spring Demand Gen,Video,Retention,Existing customers,Asia Pacific,Mobile,Paused,40032,23218,335,291,8,351.83,3550.29,0.837,1.05,2.749,10.091,1.724,14734,NOT_APPLICABLE,NOT_APPLICABLE,Last click
PERF-0780253,2025-12-01,CMP-129,Enterprise Demo Push,Display,Conversion,Existing customers,LATAM,Mobile,Active,109334,69748,446,367,6,309.78,3510.12,0.408,0.69,1.635,11.331,1.568,NOT_APPLICABLE,NOT_APPLICABLE,NOT_APPLICABLE,Data-driven
PERF-0780254,2025-02-01,CMP-130,Mid-Market Growth,Paid Social,Awareness,Mid-market operations,North America,Mobile,Completed,56396,47648,653,464,13,1059.89,4381.54,1.158,1.62,2.802,4.134,1.184,16380,NOT_APPLICABLE,NOT_APPLICABLE,Data-driven
PERF-0780255,2025-11-12,CMP-131,New Product Launch,Video,Website traffic,Mid-market operations,Latin America,Mobile,Active,90054,50536,706,637,11,1006.55,2204.39,0.784,1.43,1.727,2.19,1.782,25231,NOT_APPLICABLE,NOT_APPLICABLE,First click
PERF-0780256,2025-01-21,CMP-132,Customer Expansion,Paid Social,Lead generation,Small business owners,Europe,Mobile,Active,51764,34194,814,600,16,1213.37,6855.29,1.573,1.49,2.667,5.65,1.514,22091,NOT_APPLICABLE,NOT_APPLICABLE,Last click
PERF-0780257,2025-07-18,CMP-101,Year-End Pipeline,Paid Search,Website traffic,Enterprise decision makers,Asia Pacific,Desktop,Active,20220,14033,1151,1065,67,3005.43,6327.3,5.692,2.61,6.291,2.105,1.441,NOT_APPLICABLE,NOT_APPLICABLE,NOT_APPLICABLE,First click
PERF-0780258,2025-04-13,CMP-102,Regional Awareness,Paid Search,Lead generation,Enterprise decision makers,Asia Pacific,Tablet,Active,17252,9283,949,798,75,3055.58,22578.39,5.501,3.22,9.398,7.389,1.858,NOT_APPLICABLE,NOT_APPLICABLE,NOT_APPLICABLE,First click
PERF-0780259,2025-01-18,CMP-103,Partner Activation,Organic Social,Lead generation,Small business owners,North America,Desktop,Active,19467,11398,216,180,6,13.99,1447.4,1.11,0.06,3.333,103.46,1.708,5772,NOT_APPLICABLE,NOT_APPLICABLE,Last click
PERF-0780260,2025-09-03,CMP-104,Spring Demand Gen,Organic Social,Lead generation,Enterprise decision makers,Europe,Mobile,Active,40911,26126,492,417,14,29.6,4033.24,1.203,0.06,3.357,136.258,1.566,11496,NOT_APPLICABLE,NOT_APPLICABLE,Data-driven
PERF-0780261,2025-02-03,CMP-105,Enterprise Demo Push,Paid Social,Awareness,Small business owners,Asia Pacific,Desktop,Paused,18760,11987,254,227,11,317.86,1782.26,1.354,1.25,4.846,5.607,1.565,7297,NOT_APPLICABLE,NOT_APPLICABLE,First click
PERF-0780262,2025-08-04,CMP-106,Mid-Market Growth,Paid Social,Website traffic,Technical evaluators,North America,Mobile,Active,67669,43633,773,684,25,1134.4,6389.06,1.142,1.47,3.655,5.632,1.551,26970,NOT_APPLICABLE,NOT_APPLICABLE,Last click
PERF-0780263,2025-10-07,CMP-107,New Product Launch,Paid Search,Awareness,Existing customers,North America,Mobile,Active,9304,5357,196,174,17,469.3,2304.19,2.107,2.39,9.77,4.91,1.737,NOT_APPLICABLE,NOT_APPLICABLE,NOT_APPLICABLE,Last click
PERF-0780264,2025-08-02,CMP-108,Customer Expansion,Paid Social,Website traffic,Small business owners,North America,Desktop,Draft,70594,48845,773,742,30,922.27,8237.35,1.095,1.19,4.043,8.932,1.445,31680,NOT_APPLICABLE,NOT_APPLICABLE,Last click
PERF-0780265,2025-03-09,CMP-109,Year-End Pipeline,Organic Social,Awareness,Small business owners,Latin America,Mobile,Draft,32302,16524,400,400,9,27.33,2985.77,1.238,0.07,2.25,109.249,1.955,11919,NOT_APPLICABLE,NOT_APPLICABLE,Last click
PERF-0780266,2025-10-26,CMP-110,Regional Awareness,Paid Social,Awareness,Mid-market operations,Asia Pacific,Desktop,Active,85667,53399,1111,940,44,1607.28,17400.3,1.297,1.45,4.681,10.826,1.604,35035,NOT_APPLICABLE,NOT_APPLICABLE,Last click
PERF-0780267,2025-04-19,CMP-111,Partner Activation,Organic Social,Lead generation,Small business owners,North America,Mobile,Active,37061,20286,500,456,11,30.08,2114.62,1.349,0.06,2.412,70.3,1.827,14868,NOT_APPLICABLE,NOT_APPLICABLE,first_touch
PERF-0780268,2025-04-24,CMP-112,Spring Demand Gen,Paid Social,Retention,Small business owners,North America,Mobile,Active,72284,40919,929,929,38,1314.71,9827.32,1.285,1.42,4.09,7.475,1.767,20217,NOT_APPLICABLE,NOT_APPLICABLE,Data-driven
PERF-0780269,2025-11-07,CMP-113,Enterprise Demo Push,Video,Awareness,Existing customers,North America,Mobile,Active,135325,,1097,1089,17,824.96,6066.83,0.811,0.75,1.561,7.354,1.252,43658,NOT_APPLICABLE,NOT_APPLICABLE,First click
PERF-0780270,2025-03-24,CMP-114,Mid-Market Growth,Affiliate,Lead generation,Mid-market operations,North America,Desktop,Active,31061,17107,533,488,29,718.44,8582.53,1.716,1.35,5.943,11.946,1.816,NOT_APPLICABLE,NOT_APPLICABLE,NOT_APPLICABLE,Last click
PERF-0780271,2025-04-24,CMP-115,New Product Launch,Paid Social,Awareness,Technical evaluators,Middle East and Africa,Desktop,Active,70633,35480,1291,1291,31,1425.4,5509.15,1.828,1.1,2.401,3.865,1.991,22391,NOT_APPLICABLE,NOT_APPLICABLE,Last click
PERF-0780272,2025-08-19,CMP-116,Customer Expansion,Paid Search,Lead generation,Enterprise decision makers,North America,Tablet,Paused,21511,10878,1001,861,46,2828.76,12435.45,4.653,2.83,5.343,4.396,1.977,NOT_APPLICABLE,NOT_APPLICABLE,NOT_APPLICABLE,Last click
PERF-0780273,2025-08-15,CMP-117,Year-End Pipeline,Paid Search,Awareness,Technical evaluators,Europe,Desktop,Active,26083,13562,1037,802,46,2444.85,13636.03,3.976,2.36,5.736,5.577,1.923,NOT_APPLICABLE,NOT_APPLICABLE,NOT_APPLICABLE,Linear
PERF-0780274,2025-11-24,CMP-118,Regional Awareness,Affiliate,Website traffic,Mid-market operations,North America,Mobile,Active,47598,33123,1295,1229,65,2215.57,6375.75,2.721,1.71,5.289,2.878,1.437,NOT_APPLICABLE,NOT_APPLICABLE,NOT_APPLICABLE,Linear
PERF-0780275,2025-06-02,CMP-119,Partner Activation,Video,Retention,Small business owners,North America,Desktop,Active,101168,70333,815,710,15,808.38,10109.14,0.806,0.99,2.113,12.505,1.438,27809,NOT_APPLICABLE,NOT_APPLICABLE,Last click
PERF-0780276,2025-03-17,CMP-120,Spring Demand Gen,Display,Lead generation,Existing customers,North America,Desktop,Draft,132898,,549,441,5,585.11,2030.7,0.413,1.07,1.134,3.471,1.282,NOT_APPLICABLE,NOT_APPLICABLE,NOT_APPLICABLE,Data-driven
PERF-0780277,2025-01-24,CMP-121,Enterprise Demo Push,Affiliate,Awareness,Mid-market operations,Asia Pacific,Mobile,Active,22955,13612,312,238,7,553.22,1618.02,1.359,1.77,2.941,2.925,1.686,NOT_APPLICABLE,NOT_APPLICABLE,NOT_APPLICABLE,Linear
PERF-0780278,2025-06-12,CMP-122,Mid-Market Growth,Video,Awareness,Enterprise decision makers,North America,Tablet,Active,57893,63393,520,498,9,662.2,2674.55,0.898,1.27,1.807,4.039,1.231,26939,NOT_APPLICABLE,NOT_APPLICABLE,First click
PERF-0780279,2025-08-23,CMP-123,New Product Launch,Paid social,Lead generation,Existing customers,Europe,Desktop,Draft,43882,26599,666,602,15,1199.06,2573.67,1.518,1.8,2.492,2.146,1.65,21657,NOT_APPLICABLE,NOT_APPLICABLE,Last click
PERF-0780280,2025-10-02,CMP-124,Customer Expansion,Paid Social,Website traffic,Small business owners,Europe,Desktop,Active,47424,30528,906,776,21,1045.57,5715.56,1.91,1.15,2.706,5.466,1.553,17535,NOT_APPLICABLE,NOT_APPLICABLE,Data-driven
PERF-0780281,2025-10-13,CMP-125,Year-End Pipeline,Email,Lead generation,Enterprise decision makers,North America,Desktop,Completed,36671,30572,1248,1067,22,194.73,3392.44,3.403,0.16,2.062,17.421,1.199,NOT_APPLICABLE,36382,15383,Last click
PERF-0780282,2025-09-16,CMP-126,Regional Awareness,Paid Search,Conversion,Enterprise decision makers,North America,Mobile,Active,11215,6474,631,544,37,1857.62,16226.44,5.626,2.94,6.801,8.735,1.732,NOT_APPLICABLE,NOT_APPLICABLE,NOT_APPLICABLE,Data-driven
PERF-0780283,2025-02-08,CMP-127,Partner Activation,Paid Social,Conversion,Existing customers,North America,Desktop,Active,74448,58177,945,780,27,1134.92,10159.68,1.269,1.2,3.462,8.952,1.28,27093,NOT_APPLICABLE,NOT_APPLICABLE,Position based
PERF-0780284,2025-04-26,CMP-128,Spring Demand Gen,Organic Social,Conversion,Small business owners,Asia Pacific,Desktop,Active,58174,32931,610,523,18,23.91,5846.25,1.049,0.04,3.442,244.511,1.767,27094,NOT_APPLICABLE,NOT_APPLICABLE,Data-driven
PERF-0780285,2025-07-17,CMP-129,Enterprise Demo Push,Display,Awareness,Technical evaluators,Asia Pacific,Mobile,Active,35881,20512,147,127,2,104.33,472.92,0.41,0.71,1.575,4.533,1.749,NOT_APPLICABLE,NOT_APPLICABLE,NOT_APPLICABLE,Data-driven
PERF-0780286,2025-02-02,CMP-130,Mid-Market Growth,Display,Lead generation,Enterprise decision makers,Europe,Tablet,Paused,96979,52647,524,385,4,406.18,1307.8,0.54,0.78,1.039,3.22,1.842,NOT_APPLICABLE,NOT_APPLICABLE,NOT_APPLICABLE,Last click
PERF-0780287,2025-06-29,CMP-131,New Product Launch,Affiliate,Lead generation,Mid-market operations,Europe,Mobile,Active,19761,18442,415,323,17,714.14,4154.12,2.1,1.72,5.263,5.817,1.072,NOT_APPLICABLE,NOT_APPLICABLE,NOT_APPLICABLE,Last click
PERF-0780288,2025-01-13,CMP-132,Customer Expansion,Video,Awareness,Existing customers,Latin America,Mobile,Completed,83648,65137,820,713,14,972.91,3086.02,0.98,1.19,1.964,3.172,1.284,20630,NOT_APPLICABLE,NOT_APPLICABLE,First click
PERF-0780289,2025-09-02,CMP-101,Year-End Pipeline,Affiliate,Awareness,Enterprise decision makers,Europe,Mobile,Completed,14018,7228,223,172,8,370.71,1777.45,1.591,1.66,4.651,4.795,1.939,NOT_APPLICABLE,NOT_APPLICABLE,NOT_APPLICABLE,Last click
PERF-0780290,2025-05-24,CMP-102,Regional Awareness,Paid Search,Awareness,Enterprise decision makers,North America,Mobile,Active,15126,7624,539,488,36,1535.14,12067.81,3.563,2.85,7.377,7.861,1.984,NOT_APPLICABLE,NOT_APPLICABLE,NOT_APPLICABLE,Data-driven
PERF-0780291,2025-09-08,CMP-103,Partner Activation,Video,Lead generation,Mid-market operations,North America,Tablet,Active,93383,50602,515,432,10,625.26,2743.68,0.551,1.21,2.315,4.388,1.845,31358,NOT_APPLICABLE,NOT_APPLICABLE,Data-driven
PERF-0780292,2025-04-30,CMP-104,Spring Demand Gen,Email,Website traffic,Enterprise decision makers,Europe,Mobile,Active,40008,36949,1315,1186,40,208.46,5304.48,3.287,0.16,3.373,25.446,1.083,NOT_APPLICABLE,39909,13688,Data-driven
PERF-0780293,2025-10-28,CMP-105,Enterprise Demo Push,Email,Lead generation,Existing customers,Europe,Mobile,Active,22497,17245,570,470,28,77.84,6933.46,2.534,0.14,5.957,89.073,1.305,NOT_APPLICABLE,22519,5175,Data-driven
PERF-0780294,2025-09-25,CMP-106,Mid-Market Growth,Display,Lead generation,Technical evaluators,North America,Mobile,Active,95375,87334,425,328,6,282.67,1393.91,0.446,0.67,1.829,4.931,1.092,NOT_APPLICABLE,NOT_APPLICABLE,NOT_APPLICABLE,First click
PERF-0780295,2025-05-11,CMP-107,New Product Launch,Email,Lead generation,Enterprise decision makers,Europe,Mobile,Active,17769,17593,552,442,21,99.04,5683.89,3.107,0.18,4.751,57.39,1.01,NOT_APPLICABLE,17996,5822,First click
PERF-0780296,2025-02-22,CMP-108,Customer Expansion,Paid Search,Awareness,Mid-market operations,Asia Pacific,Mobile,Completed,32593,25146,923,798,85,2555.62,24252.04,2.832,2.77,10.652,9.49,1.296,NOT_APPLICABLE,NOT_APPLICABLE,NOT_APPLICABLE,Linear
PERF-0780297,2025-03-22,CMP-109,Year-End Pipeline,Paid Social,Conversion,Technical evaluators,Europe,Desktop,Active,41693,30046,604,536,24,883.09,9390.67,1.449,1.46,4.478,10.634,1.388,16082,NOT_APPLICABLE,NOT_APPLICABLE,Linear
PERF-0780298,2025-12-18,CMP-110,Regional Awareness,Organic Social,Awareness,Existing customers,North America,Mobile,Draft,55549,40544,623,551,10,40.81,3445.82,1.122,0.07,1.815,84.436,1.37,26592,NOT_APPLICABLE,NOT_APPLICABLE,Last click
PERF-0780299,2025-07-12,CMP-111,Partner Activation,Paid Search,Website traffic,Small business owners,Asia Pacific,Desktop,Completed,19802,11420,1254,1135,66,,14844.37,6.333,3.47,5.815,3.412,1.734,NOT_APPLICABLE,NOT_APPLICABLE,NOT_APPLICABLE,Data-driven
PERF-0780300,2025-11-27,CMP-112,Spring Demand Gen,Video,Website traffic,Technical evaluators,Europe,Desktop,Completed,90786,51735,631,568,12,794.88,3748.29,0.695,1.26,2.113,4.716,1.755,22173,NOT_APPLICABLE,NOT_APPLICABLE,Position based
PERF-0780301,2025-11-26,CMP-113,Enterprise Demo Push,Paid Social,brand awareness,Existing customers,North America,Desktop,Active,45566,33175,433,379,7,674.29,2428.52,0.95,1.56,1.847,3.602,1.374,13901,NOT_APPLICABLE,NOT_APPLICABLE,Last click
PERF-0780302,2025-10-01,CMP-114,Mid-Market Growth,Organic Social,Retention,,North America,Mobile,Active,48318,28211,363,307,3,19.07,1189.35,0.751,0.05,0.977,62.368,1.713,17131,NOT_APPLICABLE,NOT_APPLICABLE,Linear
PERF-0780303,2025-03-04,CMP-115,New Product Launch,Paid Search,Awareness,Mid-market operations,Europe,Mobile,Completed,18287,9614,523,468,11,1582.94,2461.51,2.86,3.03,2.35,1.555,1.902,NOT_APPLICABLE,NOT_APPLICABLE,NOT_APPLICABLE,Linear
PERF-0780304,2025-10-30,CMP-116,Customer Expansion,Paid Search,Awareness,Mid-market operations,Europe,Mobile,Completed,33382,20954,1988,1692,107,,29965.2,5.955,3.49,6.324,4.323,1.593,NOT_APPLICABLE,NOT_APPLICABLE,NOT_APPLICABLE,Data-driven
PERF-0780305,2025-02-16,CMP-117,Year-End Pipeline,Paid Search,Awareness,Technical evaluators,North America,Tablet,Active,15222,7743,735,657,45,1985.78,11068.36,4.829,2.7,6.849,5.574,1.966,NOT_APPLICABLE,NOT_APPLICABLE,NOT_APPLICABLE,Last click
PERF-0780306,2025-10-25,CMP-118,Regional Awareness,Email,Lead generation,Mid-market operations,Asia Pacific,Tablet,Completed,31811,31496,640,466,29,112.63,5685.42,2.012,0.18,6.223,50.479,1.01,NOT_APPLICABLE,32453,8945,Linear
PERF-0780307,2025-06-04,CMP-119,Partner Activation,Paid Search,Lead generation,Enterprise decision makers,North America,Mobile,Active,24231,12549,1156,1071,93,3099.16,29379.31,4.771,2.68,8.683,9.48,1.931,NOT_APPLICABLE,NOT_APPLICABLE,NOT_APPLICABLE,Data-driven
PERF-0780308,2025-06-14,CMP-120,Spring Demand Gen,Paid Social,Website traffic,Technical evaluators,Asia Pacific,Desktop,Completed,92740,57620,1553,1415,35,1850.58,10393.29,1.675,1.19,2.473,5.616,1.61,8093,NOT_APPLICABLE,NOT_APPLICABLE,Last click
PERF-0780309,2025-12-21,CMP-121,Enterprise Demo Push,Email,Conversion,Enterprise decision makers,Europe,Desktop,Draft,24241,24001,580,560,39,103.07,23202.16,2.393,0.18,6.964,225.111,1.01,NOT_APPLICABLE,24597,9954,Last click
PERF-0780310,2025-06-02,CMP-122,Mid-Market Growth,Paid Social,Awareness,Mid-market operations,North America,Mobile,Active,65679,37154,1069,856,27,1407.38,1259.37,1.628,1.32,3.154,0.895,1.768,30547,NOT_APPLICABLE,NOT_APPLICABLE,Data-driven
PERF-0780311,2025-06-01,CMP-123,New Product Launch,Paid Social,Website traffic,Technical evaluators,Europe,Mobile,Active,55540,33537,823,717,15,1170.61,4532.99,1.482,1.42,2.092,3.872,1.656,17795,NOT_APPLICABLE,NOT_APPLICABLE,Last click
PERF-0780312,2025-04-23,CMP-124,Customer Expansion,Organic Social,Awareness,Mid-market operations,Latin America,Mobile,Active,19129,17351,174,170,4,7.93,855.97,0.91,0.05,2.353,107.941,1.102,8619,NOT_APPLICABLE,NOT_APPLICABLE,Data-driven
PERF-0780313,2025-04-06,CMP-125,Year-End Pipeline,Paid Social,Website traffic,Mid-market operations,Latin America,Mobile,Active,63436,37384,895,803,29,1216.5,9503.27,1.411,1.36,3.611,7.812,1.697,20938,NOT_APPLICABLE,NOT_APPLICABLE,Linear
PERF-0780314,2025-02-20,CMP-126,Regional Awareness,Paid Search,Awareness,Small business owners,North America,Mobile,Active,18817,11039,760,545,34,1983.31,6408.42,4.039,2.61,6.239,3.231,1.705,NOT_APPLICABLE,NOT_APPLICABLE,NOT_APPLICABLE,Linear
PERF-0780315,2025-10-24,CMP-127,Partner Activation,Paid Social,Lead generation,Enterprise decision makers,Asia Pacific,Tablet,Active,66086,34661,679,583,13,888.27,4090.53,1.027,1.31,2.23,4.605,1.907,22123,NOT_APPLICABLE,NOT_APPLICABLE,Last click
PERF-0780316,2025-12-04,CMP-128,Spring Demand Gen,Paid Search,Awareness,Small business owners,Europe,Mobile,Active,32936,20530,1445,1197,106,2850.13,25806.45,4.387,1.97,8.855,9.054,1.604,NOT_APPLICABLE,NOT_APPLICABLE,NOT_APPLICABLE,Last click
PERF-0780317,2025-11-17,CMP-129,Enterprise Demo Push,Paid Search,Website traffic,Mid-market operations,North America,Desktop,Draft,4686,4528,174,166,11,561.11,3448.87,3.713,3.22,6.627,6.147,1.035,NOT_APPLICABLE,NOT_APPLICABLE,NOT_APPLICABLE,First click
PERF-0780318,06/16/2025,CMP-130,Mid-Market Growth,Display,Lead generation,Mid-market operations,North America,Mobile,Draft,75754,43673,414,329,5,354.03,689.06,0.547,0.86,1.52,1.946,1.735,NOT_APPLICABLE,NOT_APPLICABLE,NOT_APPLICABLE,Position based
PERF-0780319,2025-07-13,CMP-131,New Product Launch,Email,Lead generation,Enterprise decision makers,Europe,Mobile,Active,43935,43500,1671,1407,67,332.17,15053.74,3.803,0.2,4.762,45.319,1.01,NOT_APPLICABLE,44658,15421,Data-driven
PERF-0780320,2025-08-04,CMP-132,Customer Expansion,Email,Conversion,Mid-market operations,Asia Pacific,Mobile,Active,40375,31104,782,661,43,110.77,15236.68,1.937,0.14,6.505,137.552,1.298,NOT_APPLICABLE,40415,15128,Data-driven
PERF-0780321,2025-12-09,CMP-101,Year-End Pipeline,Video,Conversion,Enterprise decision makers,Asia Pacific,Desktop,Draft,67804,58364,476,393,7,490.86,5036.11,0.702,1.03,1.781,10.26,1.162,28794,NOT_APPLICABLE,NOT_APPLICABLE,First click
PERF-0780322,2025-07-22,CMP-102,Regional Awareness,Display,Lead generation,Enterprise decision makers,Europe,Desktop,Paused,76794,45149,293,225,5,311.05,1495.18,0.382,1.06,2.222,4.807,1.701,NOT_APPLICABLE,NOT_APPLICABLE,NOT_APPLICABLE,Last click
PERF-0780323,2025-05-03,CMP-103,Partner Activation,Email,Lead generation,Mid-market operations,Asia Pacific,Tablet,Active,35961,33062,955,856,43,147.65,12775.2,2.656,0.15,5.023,86.524,1.088,NOT_APPLICABLE,36234,13032,Linear
PERF-0780324,2025-09-15,CMP-104,Spring Demand Gen,Paid Search,Website traffic,Small business owners,North America,Desktop,Active,15814,9237,757,661,40,1987.27,13532.93,4.787,2.63,6.051,6.81,1.712,NOT_APPLICABLE,NOT_APPLICABLE,NOT_APPLICABLE,Data-driven
PERF-0780325,2025-06-25,CMP-105,Enterprise Demo Push,Paid Search,Lead generation,Existing customers,Latin America,Mobile,Paused,32220,17541,1121,832,73,3082.07,23577.12,3.479,2.75,8.774,7.65,1.837,NOT_APPLICABLE,NOT_APPLICABLE,NOT_APPLICABLE,First click
PERF-0780326,2025-10-11,CMP-106,Mid-Market Growth,Organic Social,Awareness,Existing customers,North America,Mobile,Active,74846,59091,863,682,14,50.31,5307.06,1.153,0.06,2.053,105.487,1.267,29885,NOT_APPLICABLE,NOT_APPLICABLE,Data-driven
PERF-0780327,2025-04-16,CMP-107,New Product Launch,Email,Lead generation,Enterprise decision makers,North America,Mobile,Active,29817,22967,1032,846,58,175.37,18430.31,3.461,0.17,6.856,105.094,1.298,NOT_APPLICABLE,29933,8668,Data-driven
PERF-0780328,2025-01-08,CMP-108,Customer Expansion,Video,Website traffic,Existing customers,Latin America,Mobile,Completed,54955,46728,401,345,5,409.47,369.83,0.73,1.02,1.449,0.903,1.176,20493,NOT_APPLICABLE,NOT_APPLICABLE,Data-driven
PERF-0780329,2025-01-16,CMP-109,Year-End Pipeline,Video,Awareness,Existing customers,North America,Tablet,Completed,130374,74184,993,835,16,791.47,3885.77,0.762,0.8,1.916,4.91,1.757,49678,NOT_APPLICABLE,NOT_APPLICABLE,Last click
PERF-0780330,2025-11-26,CMP-110,Regional Awareness,Paid Social,Lead generation,Mid-market operations,North America,Mobile,Completed,87233,45991,1475,1193,32,1668.58,10218.15,1.691,1.13,2.682,6.124,1.897,30806,NOT_APPLICABLE,NOT_APPLICABLE,Data-driven
PERF-0780331,2025-06-20,CMP-111,Partner Activation,Display,Awareness,Mid-market operations,North America,Mobile,Completed,162233,,803,576,8,791.91,2575.42,0.495,0.99,1.389,3.252,1.684,NOT_APPLICABLE,NOT_APPLICABLE,NOT_APPLICABLE,Data-driven
PERF-0780332,2025-07-26,CMP-112,Spring Demand Gen,Paid Search,Awareness,Small business owners,EMEA,Desktop,Completed,26502,17609,26622,776,54,3186.52,12811.66,4.234,2.84,6.959,4.021,1.505,NOT_APPLICABLE,NOT_APPLICABLE,NOT_APPLICABLE,First click
PERF-0780333,2025-03-25,CMP-113,Enterprise Demo Push,Paid Social,Website traffic,Mid-market operations,North America,Mobile,Completed,49812,32041,846,846,34,917.9,11330.74,1.698,1.08,4.019,12.344,1.555,13119,NOT_APPLICABLE,NOT_APPLICABLE,Data-driven
PERF-0780334,2025-06-09,CMP-114,Mid-Market Growth,Affiliate,Awareness,Enterprise decision makers,Latin America,Desktop,Active,37677,24455,672,489,15,1144.2,4390.55,1.784,1.7,3.067,3.837,1.541,NOT_APPLICABLE,NOT_APPLICABLE,NOT_APPLICABLE,Data-driven
PERF-0780335,2025-11-28,CMP-115,New Product Launch,Email,Website traffic,Enterprise decision makers,Europe,Desktop,Completed,49469,38388,1356,1301,77,265.59,24159.74,2.741,0.2,5.919,90.966,1.289,NOT_APPLICABLE,50206,14229,Last click
PERF-0780336,2025-01-28,CMP-116,Customer Expansion,Video,Website traffic,Enterprise decision makers,Europe,Desktop,Active,71706,67731,699,648,9,872.42,3445.45,0.975,1.25,1.389,3.949,1.059,24245,NOT_APPLICABLE,NOT_APPLICABLE,First click
PERF-0780337,2025-12-20,CMP-117,Year-End Pipeline,Video,Lead generation,Mid-market operations,Europe,Desktop,Active,50779,33746,367,272,2,341.32,405.47,0.723,0.93,0.735,1.188,1.505,17542,NOT_APPLICABLE,NOT_APPLICABLE,First click
PERF-0780338,2025-01-06,CMP-118,Regional Awareness,Paid Social,Lead generation,Mid-market operations,Europe,Mobile,Active,34059,29946,533,498,20,857,6513.71,1.565,1.61,4.016,7.601,1.137,16090,NOT_APPLICABLE,NOT_APPLICABLE,Last click
PERF-0780339,2025-03-11,CMP-119,Partner Activation,Paid Social,Website traffic,Mid-market operations,North America,Mobile,Completed,53275,37600,972,907,31,1261.1,7389.3,1.824,1.3,3.418,5.859,1.417,23749,NOT_APPLICABLE,NOT_APPLICABLE,Data-driven
PERF-0780340,2025-01-13,CMP-120,Spring Demand Gen,Affiliate,Awareness,Technical evaluators,North America,Mobile,Active,32336,23711,509,440,24,879.27,5940.8,1.574,1.73,5.455,6.757,1.364,NOT_APPLICABLE,NOT_APPLICABLE,NOT_APPLICABLE,Linear
PERF-0780341,2025-08-12,CMP-121,Enterprise Demo Push,Display,Awareness,Technical evaluators,Middle East and Africa,Mobile,Active,67954,34996,260,206,4,228.54,1568.36,0.383,0.88,1.942,6.863,1.942,NOT_APPLICABLE,NOT_APPLICABLE,NOT_APPLICABLE,Linear
PERF-0780342,2025-05-20,CMP-122,Mid-Market Growth,Paid Search,Lead generation,Enterprise decision makers,Latin America,Mobile,Active,24956,14385,896,762,60,2981.91,27383.57,3.59,3.33,7.874,9.183,1.735,NOT_APPLICABLE,NOT_APPLICABLE,NOT_APPLICABLE,Data-driven
PERF-0780343,2025-03-23,CMP-123,New Product Launch,Paid Search,Awareness,Small business owners,Europe,Desktop,Active,25938,19744,964,772,40,2798.51,11712.3,3.717,2.9,5.181,4.185,1.314,NOT_APPLICABLE,NOT_APPLICABLE,NOT_APPLICABLE,Linear
PERF-0780344,2025-12-29,CMP-124,Customer Expansion,Display,Lead generation,Enterprise decision makers,Latin America,Tablet,Completed,153294,,777,587,8,456.9,1233.7,0.507,0.59,1.363,2.7,1.497,NOT_APPLICABLE,NOT_APPLICABLE,NOT_APPLICABLE,Data-driven
PERF-0780345,2025-02-26,CMP-125,Year-End Pipeline,Affiliate,Awareness,Technical evaluators,Asia Pacific,Mobile,Active,26713,13514,637,628,29,1214.12,6204.81,2.385,1.91,4.618,5.111,1.977,NOT_APPLICABLE,NOT_APPLICABLE,NOT_APPLICABLE,First click
PERF-0780346,2025-12-05,CMP-126,Regional Awareness,paid-social,Lead generation,Enterprise decision makers,North America,Mobile,Active,84379,51683,789,588,21,1158.53,5508.15,0.935,1.47,3.571,4.754,1.633,33349,NOT_APPLICABLE,NOT_APPLICABLE,Last click
PERF-0780347,2025-02-02,CMP-127,Partner Activation,Organic Social,Awareness,Enterprise decision makers,Europe,Mobile,Active,36403,21510,409,408,9,22.26,3419.57,1.124,0.05,2.206,153.619,1.692,7995,NOT_APPLICABLE,NOT_APPLICABLE,Data-driven
PERF-0780348,2025-04-01,CMP-128,Spring Demand Gen,Paid Social,Conversion,Technical evaluators,North America,Desktop,Completed,47185,21478,578,429,19,1088.94,7737.17,1.225,1.88,4.429,7.105,2.197,19042,NOT_APPLICABLE,NOT_APPLICABLE,Last click
PERF-0780349,2025-08-14,CMP-129,Enterprise Demo Push,Paid Social,Lead generation,Existing customers,North America,Mobile,Paused,74625,38714,497,434,15,890.35,4620.85,0.666,1.79,3.456,5.19,1.928,28211,NOT_APPLICABLE,NOT_APPLICABLE,Last click
PERF-0780350,2025-04-01,CMP-130,Mid-Market Growth,Email,Retention,Mid-market operations,Europe,Desktop,Completed,28404,17291,1295,1095,60,282.37,32226.26,4.559,0.22,5.479,114.128,1.643,NOT_APPLICABLE,28744,7183,first_touch
PERF-0780351,2025-12-21,CMP-131,New Product Launch,Affiliate,Lead generation,Small business owners,North America,Desktop,Active,27665,12775,490,460,28,740.88,4657.52,1.771,1.51,6.087,6.286,2.166,NOT_APPLICABLE,NOT_APPLICABLE,NOT_APPLICABLE,Last click
PERF-0780352,2025-11-14,CMP-132,Customer Expansion,Paid Search,Awareness,Mid-market operations,Europe,Mobile,Paused,13644,8711,354,354,30,1077.18,5750.63,2.595,3.04,8.475,5.339,1.566,NOT_APPLICABLE,NOT_APPLICABLE,NOT_APPLICABLE,Data-driven
PERF-0780353,2025-03-09,CMP-101,Year-End Pipeline,Email,Conversion,Enterprise decision makers,Middle East and Africa,Desktop,Active,30999,30692,821,697,34,147.39,11769.79,2.648,0.18,4.878,79.855,1.01,NOT_APPLICABLE,32092,12693,Last click
PERF-0780354,2025-02-17,CMP-102,Regional Awareness,Video,Awareness,Small business owners,Europe,Desktop,Active,78350,40719,508,443,6,596.48,1796.82,0.648,1.17,1.354,3.012,1.924,28582,NOT_APPLICABLE,NOT_APPLICABLE,Data-driven
PERF-0780355,2025-07-24,CMP-103,Partner Activation,Paid Social,Lead generation,Technical evaluators,Europe,Mobile,Active,72955,51105,929,890,29,1289.32,4688.59,1.273,1.39,3.258,3.636,1.428,28563,NOT_APPLICABLE,NOT_APPLICABLE,Data-driven
PERF-0780356,2025-04-18,CMP-104,Spring Demand Gen,Paid Search,Awareness,Technical evaluators,North America,Mobile,Paused,5736,3129,253,202,17,644.93,5112.73,4.411,2.55,8.416,7.928,1.833,NOT_APPLICABLE,NOT_APPLICABLE,NOT_APPLICABLE,First click
PERF-0780357,2025-05-06,CMP-105,Enterprise Demo Push,Paid Search,Conversion,Technical evaluators,North America,Desktop,Active,28100,15585,1949,1897,,,,6.936,2.77,9.067,13.233,1.803,NOT_APPLICABLE,NOT_APPLICABLE,NOT_APPLICABLE,Data-driven
PERF-0780358,2025-01-19,CMP-106,Mid-Market Growth,Video,Lead generation,Mid-market operations,North America,Desktop,Completed,110742,77894,389,295,8,345.73,1971.34,0.351,0.89,2.712,5.702,1.422,24554,NOT_APPLICABLE,NOT_APPLICABLE,First click
PERF-0780359,2025-12-04,CMP-107,New Product Launch,Paid Social,Retention,Technical evaluators,North America,Mobile,Active,38134,27195,608,465,8,1060.26,4096.69,1.594,1.74,1.72,3.864,1.402,16764,NOT_APPLICABLE,NOT_APPLICABLE,Last click
PERF-0780360,2025-02-13,CMP-108,Customer Expansion,Affiliate,Website traffic,Mid-market operations,Europe,Mobile,Completed,54516,41244,1208,872,50,2467.17,9185.02,2.216,2.04,5.734,3.723,1.322,NOT_APPLICABLE,NOT_APPLICABLE,NOT_APPLICABLE,Linear
PERF-0780361,2025-01-05,CMP-109,Year-End Pipeline,Paid Social,Lead generation,,North America,Mobile,Active,32377,19194,310,239,7,364.97,1288.89,0.957,1.18,2.929,3.531,1.687,16960,NOT_APPLICABLE,NOT_APPLICABLE,Last click
PERF-0780362,2025-07-25,CMP-110,Regional Awareness,Paid Search,Lead generation,Small business owners,Asia Pacific,Desktop,Active,20021,19823,825,684,49,1767.22,12414.52,4.121,2.14,7.164,7.025,1.01,NOT_APPLICABLE,NOT_APPLICABLE,NOT_APPLICABLE,Position based
PERF-0780363,2025-10-06,CMP-111,Partner Activation,Display,Lead generation,Small business owners,Europe,Mobile,Active,123348,54875,507,465,8,477.14,1541.11,0.411,0.94,1.72,3.23,2.248,NOT_APPLICABLE,NOT_APPLICABLE,NOT_APPLICABLE,Data-driven
PERF-0780364,2025-09-16,CMP-112,Spring Demand Gen,Video,Website traffic,Small business owners,Asia Pacific,Mobile,Completed,52876,27957,408,368,7,492.43,1288.02,0.772,1.21,1.902,2.616,1.891,19613,NOT_APPLICABLE,NOT_APPLICABLE,Linear
PERF-0780365,2025-06-12,CMP-113,Enterprise Demo Push,Organic Social,Conversion,Existing customers,North America,Mobile,Completed,42961,28152,560,471,13,27.55,4260.11,1.304,0.05,2.76,154.632,1.526,11070,NOT_APPLICABLE,NOT_APPLICABLE,Linear
PERF-0780366,2025-08-20,CMP-114,Mid-Market Growth,Display,Awareness,Mid-market operations,Europe,Mobile,Draft,139556,83006,791,598,8,591.42,947.66,0.567,0.75,1.338,1.602,1.681,NOT_APPLICABLE,NOT_APPLICABLE,NOT_APPLICABLE,First click
PERF-0780367,2025-02-13,CMP-115,New Product Launch,Paid Search,Lead generation,Technical evaluators,Europe,Mobile,Active,24145,14948,1018,729,59,3475.52,24346.73,4.216,3.41,8.093,7.005,1.615,NOT_APPLICABLE,NOT_APPLICABLE,NOT_APPLICABLE,Last click
PERF-0780368,2025-09-27,CMP-116,Customer Expansion,Paid Search,Lead generation,Technical evaluators,Latin America,Mobile,Completed,18408,11843,630,630,59,1808.9,17887.47,3.422,2.87,9.365,9.889,1.554,NOT_APPLICABLE,NOT_APPLICABLE,NOT_APPLICABLE,First click
PERF-0780369,2025-05-20,CMP-117,Year-End Pipeline,Paid Social,Website traffic,Enterprise decision makers,Asia Pacific,Desktop,Completed,76089,52276,1243,1108,36,1766.1,11588.13,1.634,1.42,3.249,6.561,1.456,13375,NOT_APPLICABLE,NOT_APPLICABLE,Data-driven
PERF-0780370,2025-06-12,CMP-118,Regional Awareness,Paid Search,Lead generation,Small business owners,Europe,Tablet,Active,22767,11047,928,900,53,2205.47,9237.61,4.076,2.38,5.889,4.188,2.061,NOT_APPLICABLE,NOT_APPLICABLE,NOT_APPLICABLE,Data-driven
PERF-0780371,2025-02-17,CMP-119,Partner Activation,Paid Search,Retention,Small business owners,North America,Mobile,Active,23103,16455,897,826,42,2544.34,26899.43,3.883,2.84,5.085,10.572,1.404,NOT_APPLICABLE,NOT_APPLICABLE,NOT_APPLICABLE,Linear
PERF-0780372,2025-01-12,CMP-120,Spring Demand Gen,Email,Lead generation,Mid-market operations,North America,Desktop,Completed,42605,34703,1275,1128,70,216.64,15474.46,2.993,0.17,6.206,71.429,1.228,NOT_APPLICABLE,43051,15710,Data-driven
PERF-0780373,2025-11-14,CMP-121,Enterprise Demo Push,Paid Social,Website traffic,Small business owners,North America,Tablet,Active,63749,34590,1090,1080,14,1785.33,4237.39,1.71,1.64,1.296,2.373,1.843,20687,NOT_APPLICABLE,NOT_APPLICABLE,Last click
PERF-0780374,2025-01-12,CMP-122,Mid-Market Growth,Display,brand awareness,Enterprise decision makers,North America,Mobile,Active,105110,63245,379,314,8,370.44,1842.54,0.361,0.98,2.548,4.974,1.662,NOT_APPLICABLE,NOT_APPLICABLE,NOT_APPLICABLE,Last click
PERF-0780375,2025-07-18,CMP-123,New Product Launch,Paid Search,Lead generation,Mid-market operations,North America,Desktop,Active,15725,10485,542,539,31,1796.89,2762.52,3.447,3.32,5.751,1.537,1.5,NOT_APPLICABLE,NOT_APPLICABLE,NOT_APPLICABLE,Data-driven
PERF-0780376,2025-09-03,CMP-124,Customer Expansion,Video,Awareness,Mid-market operations,North America,Desktop,Active,58572,35283,368,312,7,484.15,2265.52,0.628,1.32,2.244,4.679,1.66,22186,NOT_APPLICABLE,NOT_APPLICABLE,Data-driven
PERF-0780377,2025-06-27,CMP-125,Year-End Pipeline,Display,Conversion,Mid-market operations,Asia Pacific,Mobile,Active,150999,80469,722,482,8,645.39,3765.01,0.478,0.89,1.66,5.834,1.876,NOT_APPLICABLE,NOT_APPLICABLE,NOT_APPLICABLE,First click
PERF-0780378,2025-08-14,CMP-126,Regional Awareness,Organic Social,Awareness,Technical evaluators,North America,Tablet,Active,59370,35613,570,484,13,34.07,3202.04,0.96,0.06,2.686,93.984,1.667,15096,NOT_APPLICABLE,NOT_APPLICABLE,Data-driven
PERF-0780379,2025-04-09,CMP-127,Partner Activation,Paid Social,Lead generation,Enterprise decision makers,North America,Desktop,Active,49461,23179,668,555,8,762.06,1379.09,1.351,1.14,1.441,1.81,2.134,15710,NOT_APPLICABLE,NOT_APPLICABLE,Data-driven
PERF-0780380,2025-03-11,CMP-128,Spring Demand Gen,Email,Awareness,Technical evaluators,Asia Pacific,Mobile,Active,3110,3079,88,71,2,11.83,626.05,2.83,0.13,2.817,52.921,1.01,NOT_APPLICABLE,3221,1263,Data-driven
PERF-0780381,2025-11-19,CMP-129,Enterprise Demo Push,Paid Social,Awareness,Existing customers,Asia Pacific,Desktop,Active,78243,40018,1549,1388,47,1769.19,11485.21,1.98,1.14,3.386,6.492,1.955,15411,NOT_APPLICABLE,NOT_APPLICABLE,Data-driven
PERF-0780382,2025-07-03,CMP-130,Mid-Market Growth,Paid Search,Conversion,Technical evaluators,Asia Pacific,Desktop,Active,27851,15255,1384,1172,,3448.77,,4.969,2.49,10.836,17.33,1.826,NOT_APPLICABLE,NOT_APPLICABLE,NOT_APPLICABLE,Last click
PERF-0780383,2025-06-04,CMP-131,New Product Launch,Paid Search,Conversion,Technical evaluators,Latin America,Desktop,Completed,25794,16083,1085,1015,,3053.2,,4.206,2.81,9.852,18.239,1.604,NOT_APPLICABLE,NOT_APPLICABLE,NOT_APPLICABLE,Last click
PERF-0780384,2025-11-20,CMP-132,Customer Expansion,Organic Social,Lead generation,Technical evaluators,Europe,Mobile,Completed,49736,25766,412,356,7,25.72,837.81,0.828,0.06,1.966,32.574,1.93,21485,NOT_APPLICABLE,NOT_APPLICABLE,Linear
PERF-0780385,2025-05-23,CMP-101,Year-End Pipeline,Paid Social,Lead generation,Enterprise decision makers,North America,Mobile,Completed,53265,26551,669,658,19,926.98,5457.02,1.256,1.39,2.888,5.887,2.006,16918,NOT_APPLICABLE,NOT_APPLICABLE,First click
PERF-0780386,2025-03-11,CMP-102,Regional Awareness,Paid Social,Lead generation,Mid-market operations,Latin America,Desktop,Paused,39708,24744,398,335,9,664.74,3669.84,1.002,1.67,2.687,5.521,1.605,15219,NOT_APPLICABLE,NOT_APPLICABLE,Data-driven
PERF-0780387,2025-12-16,CMP-103,Partner Activation,Paid Search,Awareness,Small business owners,North America,Mobile,Active,26189,17617,672,541,31,1720.08,9099.08,2.566,2.56,5.73,5.29,1.487,NOT_APPLICABLE,NOT_APPLICABLE,NOT_APPLICABLE,Linear
PERF-0780388,2025-08-13,CMP-104,Spring Demand Gen,Affiliate,Lead generation,Existing customers,North America,Desktop,Active,21700,10770,286,241,12,551.34,2204.07,1.318,1.93,4.979,3.998,2.015,NOT_APPLICABLE,NOT_APPLICABLE,NOT_APPLICABLE,Data-driven
PERF-0780389,2025-01-13,CMP-105,Enterprise Demo Push,Display,Awareness,Enterprise decision makers,Asia Pacific,Desktop,Paused,115715,67409,646,646,11,477.6,1515.36,0.558,0.74,1.703,3.173,1.717,NOT_APPLICABLE,NOT_APPLICABLE,NOT_APPLICABLE,Position based
PERF-0780390,2025-08-12,CMP-106,Mid-Market Growth,Paid Social,Awareness,Small business owners,Latin America,Desktop,Paused,-1800,32614,544,484,15,699.96,3503.18,1.123,1.29,3.099,5.005,1.485,23331,NOT_APPLICABLE,NOT_APPLICABLE,Last click
PERF-0780391,2025-11-10,CMP-107,New Product Launch,Paid Search,Conversion,Small business owners,North America,Desktop,Active,19701,9456,901,862,,2996.12,,4.573,3.33,11.833,14.861,2.083,NOT_APPLICABLE,NOT_APPLICABLE,NOT_APPLICABLE,Linear
PERF-0780392,2025-12-22,CMP-108,Customer Expansion,Paid Search,Website traffic,Enterprise decision makers,North America,Desktop,Active,24914,23406,1165,1092,60,2816.2,19018.04,4.676,2.42,5.495,6.753,1.064,NOT_APPLICABLE,NOT_APPLICABLE,NOT_APPLICABLE,Data-driven
PERF-0780393,2025-02-22,CMP-109,Year-End Pipeline,Paid Social,Awareness,Existing customers,North America,Desktop,Active,45551,22042,574,574,17,795.54,3907.06,1.26,1.39,2.962,4.911,2.067,8439,NOT_APPLICABLE,NOT_APPLICABLE,Data-driven
PERF-0780394,2025-01-25,CMP-110,Regional Awareness,Organic Social,Conversion,Technical evaluators,North America,Tablet,Active,41520,26034,486,442,11,26.58,3299.89,1.171,0.05,2.489,124.149,1.595,13217,NOT_APPLICABLE,NOT_APPLICABLE,Data-driven
PERF-0780395,2025-11-02,CMP-111,Partner Activation,Paid Search,Website traffic,Technical evaluators,Latin America,Desktop,Active,13965,11847,689,639,48,2037.73,12070.89,4.934,2.96,7.512,5.924,1.179,NOT_APPLICABLE,NOT_APPLICABLE,NOT_APPLICABLE,Last click
PERF-0780396,2025-11-10,CMP-112,Spring Demand Gen,Paid Search,Lead generation,Mid-market operations,North America,Mobile,Active,25743,14759,1296,1069,77,,13758.43,5.034,3.1,7.203,3.421,1.744,NOT_APPLICABLE,NOT_APPLICABLE,NOT_APPLICABLE,Data-driven
PERF-0780397,2025-07-14,CMP-113,Enterprise Demo Push,Organic Social,Awareness,Technical evaluators,North America,Desktop,Active,66958,38387,652,601,14,38.27,2756.34,0.974,0.06,2.329,72.024,1.744,29926,NOT_APPLICABLE,NOT_APPLICABLE,Position based
PERF-0780398,2025-09-25,CMP-114,Mid-Market Growth,Organic Social,Lead generation,Small business owners,Latin America,Mobile,Active,64228,36773,709,639,22,45.03,6203.68,1.104,0.06,3.443,137.768,1.747,21879,NOT_APPLICABLE,NOT_APPLICABLE,Last click
PERF-0780399,2025-02-21,CMP-115,New Product Launch,Paid Search,Awareness,Existing customers,Europe,Desktop,Draft,33829,22219,804,804,42,1468.38,16409.16,2.377,1.83,5.224,11.175,1.523,NOT_APPLICABLE,NOT_APPLICABLE,NOT_APPLICABLE,Position based
PERF-0780400,2025-11-07,CMP-116,Customer Expansion,Paid Search,Lead generation,Mid-market operations,North America,Tablet,Active,14555,7964,377,308,27,957.13,7413.67,2.59,2.54,8.766,7.746,1.828,NOT_APPLICABLE,NOT_APPLICABLE,NOT_APPLICABLE,Position based
PERF-0780401,2025-10-16,CMP-117,Year-End Pipeline,Display,Conversion,Existing customers,Asia Pacific,Desktop,Completed,44373,32069,258,208,4,173.81,980.45,0.581,0.67,1.923,5.641,1.384,NOT_APPLICABLE,NOT_APPLICABLE,NOT_APPLICABLE,First click
PERF-0780401,2025-05-24,CMP-118,Regional Awareness,Email,Lead generation,Mid-market operations,Europe,Desktop,Active,54170,53634,1920,1382,41,352.88,3980.83,3.544,0.18,2.967,11.281,1.01,NOT_APPLICABLE,54219,13215,Last click
PERF-0780403,2025-07-19,CMP-119,Partner Activation,Paid Search,Lead generation,Enterprise decision makers,Asia Pacific,Mobile,Completed,27190,17979,1328,1178,64,,16471.35,4.884,3.6,5.433,3.449,1.512,NOT_APPLICABLE,NOT_APPLICABLE,NOT_APPLICABLE,First click
PERF-0780404,2025-05-13,CMP-120,Spring Demand Gen,Organic Social,Website traffic,Existing customers,Middle East and Africa,Desktop,Active,63798,37706,947,947,28,67.5,8308.87,1.484,0.07,2.957,123.094,1.692,35004,NOT_APPLICABLE,NOT_APPLICABLE,First click
PERF-0780405,2025-09-18,CMP-121,Enterprise Demo Push,Email,Lead generation,Mid-market operations,North America,Desktop,Paused,46918,41757,1008,996,48,187.75,9008.49,2.148,0.19,4.819,47.981,1.124,NOT_APPLICABLE,47494,15322,Last click
PERF-0780406,2025-08-10,CMP-122,Mid-Market Growth,Video,Awareness,Mid-market operations,Asia Pacific,Mobile,Active,153512,83027,892,664,8,1038.93,1780.2,0.581,1.16,1.205,1.713,1.849,40088,NOT_APPLICABLE,NOT_APPLICABLE,Position based
PERF-0780407,2025-04-22,CMP-123,New Product Launch,Video,Awareness,Small business owners,Europe,Desktop,Active,106056,45981,768,710,20,928.46,4742.12,0.724,1.21,2.817,5.108,2.307,37509,NOT_APPLICABLE,NOT_APPLICABLE,Linear
PERF-0780408,2025-12-31,CMP-124,Customer Expansion,Paid Search,Retention,Technical evaluators,North America,Mobile,Active,31031,18260,954,807,57,2891.68,20369.05,3.074,3.03,7.063,7.044,1.699,NOT_APPLICABLE,NOT_APPLICABLE,NOT_APPLICABLE,Data-driven
PERF-0780409,2025-09-08,CMP-125,Year-End Pipeline,Video,Retention,Existing customers,North America,Desktop,Completed,82663,71466,321,250,2,340.51,1072.59,0.388,1.06,0.8,3.15,1.157,30599,NOT_APPLICABLE,NOT_APPLICABLE,First click
PERF-0780410,2025-10-29,CMP-126,Regional Awareness,Organic Social,Lead generation,Mid-market operations,Europe,Mobile,Active,57832,44534,469,318,9,27.72,2676.06,0.811,0.06,2.83,96.539,1.299,21379,NOT_APPLICABLE,NOT_APPLICABLE,Linear
PERF-0780411,2025-04-27,CMP-127,Partner Activation,Affiliate,Website traffic,Existing customers,NA,Mobile,Active,45103,28505,1095,950,39,1978.55,8932.28,2.428,1.81,4.105,4.515,1.582,NOT_APPLICABLE,NOT_APPLICABLE,NOT_APPLICABLE,Last click
PERF-0780412,2025-01-03,CMP-128,Spring Demand Gen,Paid Search,Awareness,Small business owners,Asia Pacific,Mobile,Active,18265,10816,867,718,45,1355.29,16761.61,4.747,1.56,6.267,12.368,1.689,NOT_APPLICABLE,NOT_APPLICABLE,NOT_APPLICABLE,Last click
PERF-0780413,2025-01-18,CMP-129,Enterprise Demo Push,paid-social,Website traffic,Mid-market operations,North America,Desktop,Active,65743,36586,965,626,15,927.62,3138.05,1.468,0.96,2.396,3.383,1.797,27039,NOT_APPLICABLE,NOT_APPLICABLE,First click
PERF-0780414,2025-10-04,CMP-130,Mid-Market Growth,Paid Social,Lead generation,Enterprise decision makers,Europe,Mobile,Completed,38400,20323,377,331,9,450.27,2403.52,0.982,1.19,2.719,5.338,1.889,16052,NOT_APPLICABLE,NOT_APPLICABLE,Data-driven
PERF-0780415,2025-12-01,CMP-131,New Product Launch,Paid Search,Awareness,Small business owners,Asia Pacific,Mobile,Active,14023,9156,451,405,36,1151.79,12407.01,3.216,2.55,8.889,10.772,1.532,NOT_APPLICABLE,NOT_APPLICABLE,NOT_APPLICABLE,First click
PERF-0780416,2025-10-05,CMP-132,Customer Expansion,Display,Website traffic,Technical evaluators,North America,Mobile,Paused,155888,73109,958,788,14,880.32,3615.22,0.615,0.92,1.777,4.107,2.132,NOT_APPLICABLE,NOT_APPLICABLE,NOT_APPLICABLE,Data-driven
PERF-0780417,2025-09-05,CMP-101,Year-End Pipeline,Paid Search,Lead generation,Small business owners,Europe,Mobile,Active,26117,14662,952,764,57,2405.42,11235.57,3.645,2.53,7.461,4.671,1.781,NOT_APPLICABLE,NOT_APPLICABLE,NOT_APPLICABLE,First click
PERF-0780418,2025-06-13,CMP-102,Regional Awareness,Paid Social,Lead generation,Small business owners,North America,Mobile,Completed,74397,49098,1342,1222,25,2092.41,3764.36,1.804,1.56,2.046,1.799,1.515,33039,NOT_APPLICABLE,NOT_APPLICABLE,Last click
PERF-0780419,05/21/2025,CMP-103,Partner Activation,Organic Social,Awareness,Enterprise decision makers,Europe,Mobile,Completed,68106,46829,1058,870,21,80.25,7038.88,1.553,0.08,2.414,87.712,1.454,19420,NOT_APPLICABLE,NOT_APPLICABLE,Last click
PERF-0780420,2025-09-28,CMP-104,Spring Demand Gen,Paid Social,Awareness,,Latin America,Desktop,Completed,52320,29238,499,499,16,459.39,2864.23,0.954,0.92,3.206,6.235,1.789,15661,NOT_APPLICABLE,NOT_APPLICABLE,Data-driven
PERF-0780421,2025-03-12,CMP-105,Enterprise Demo Push,Display,Lead generation,Enterprise decision makers,Europe,Desktop,Active,90997,62747,477,429,7,480.98,877.12,0.524,1.01,1.632,1.824,1.45,NOT_APPLICABLE,NOT_APPLICABLE,NOT_APPLICABLE,First click
PERF-0780422,2025-05-06,CMP-106,Mid-Market Growth,Email,Lead generation,Existing customers,Europe,Mobile,Paused,16685,16520,405,323,13,69.95,2659.3,2.427,0.17,4.025,38.017,1.01,NOT_APPLICABLE,16957,5143,Last click
PERF-0780423,2025-03-09,CMP-107,New Product Launch,Paid Search,Awareness,Existing customers,Europe,Desktop,Active,29859,19324,924,726,51,2168.63,12418.32,3.095,2.35,7.025,5.726,1.545,NOT_APPLICABLE,NOT_APPLICABLE,NOT_APPLICABLE,Position based
PERF-0780424,2025-12-09,CMP-108,Customer Expansion,Paid Social,Conversion,Mid-market operations,North America,Tablet,Active,58482,34890,527,483,19,869.85,7741.05,0.901,1.65,3.934,8.899,1.676,19116,NOT_APPLICABLE,NOT_APPLICABLE,Data-driven
PERF-0780425,2025-04-26,CMP-109,Year-End Pipeline,Email,Retention,Mid-market operations,Europe,Desktop,Paused,37251,36882,786,644,16,132.19,13272.44,2.11,0.17,2.484,100.404,1.01,NOT_APPLICABLE,38587,11769,Data-driven
PERF-0780426,2025-03-20,CMP-110,Regional Awareness,Paid Search,Retention,Small business owners,North America,Tablet,Active,11720,6747,490,460,29,1164.19,14508.72,4.181,2.38,6.304,12.463,1.737,NOT_APPLICABLE,NOT_APPLICABLE,NOT_APPLICABLE,First click
PERF-0780427,2025-10-11,CMP-111,Partner Activation,Email,Awareness,Mid-market operations,North America,Tablet,Active,33493,33161,1071,825,50,215.65,14248.13,3.198,0.2,6.061,66.071,1.01,NOT_APPLICABLE,33916,10917,Last click
PERF-0780428,2025-09-14,CMP-112,Spring Demand Gen,Affiliate,Retention,Existing customers,Middle East and Africa,Desktop,Active,18080,9873,408,334,7,579.28,4630.98,2.257,1.42,2.096,7.994,1.831,NOT_APPLICABLE,NOT_APPLICABLE,NOT_APPLICABLE,Data-driven
PERF-0780429,2025-10-01,CMP-113,Enterprise Demo Push,Email,Lead generation,Mid-market operations,Asia Pacific,Desktop,Active,23124,20014,619,619,35,112.78,10328.62,2.677,0.18,5.654,91.582,1.155,NOT_APPLICABLE,23389,7470,Last click
PERF-0780430,2025-02-21,CMP-114,Mid-Market Growth,Affiliate,Website traffic,Enterprise decision makers,North America,Mobile,Active,27238,13153,601,469,28,1029.03,5543.71,2.206,1.71,5.97,5.387,2.071,NOT_APPLICABLE,NOT_APPLICABLE,NOT_APPLICABLE,First click
PERF-0780431,2025-11-09,CMP-115,New Product Launch,Email,Lead generation,Mid-market operations,Middle East and Africa,Mobile,Active,32725,29053,787,642,38,165.99,6089.26,2.405,0.21,5.919,36.684,1.126,NOT_APPLICABLE,33106,7195,Position based
PERF-0780432,2025-09-19,CMP-116,Customer Expansion,Paid Search,Website traffic,Small business owners,North America,Mobile,Active,19613,10556,956,787,68,3252.75,15969.01,4.874,3.4,8.64,4.909,1.858,NOT_APPLICABLE,NOT_APPLICABLE,NOT_APPLICABLE,Last click
PERF-0780433,2025-11-14,CMP-117,Year-End Pipeline,Paid Social,Conversion,Enterprise decision makers,Latin America,Desktop,Active,5615,3189,72,64,3,82.24,1602.78,1.282,1.14,4.688,19.489,1.761,1664,NOT_APPLICABLE,NOT_APPLICABLE,DDA
PERF-0780434,2025-12-15,CMP-118,Regional Awareness,Affiliate,Awareness,Mid-market operations,Middle East and Africa,Tablet,Paused,49168,25498,927,833,49,1697.38,12998.44,1.885,1.83,5.882,7.658,1.928,NOT_APPLICABLE,NOT_APPLICABLE,NOT_APPLICABLE,Data-driven
PERF-0780435,2025-05-21,CMP-119,Partner Activation,Organic Social,Website traffic,Technical evaluators,Asia Pacific,Desktop,Active,65039,41096,720,532,10,53,2456.1,1.107,0.07,1.88,46.342,1.583,15501,NOT_APPLICABLE,NOT_APPLICABLE,Data-driven
PERF-0780436,2025-03-02,CMP-120,Spring Demand Gen,Display,Awareness,Small business owners,Asia Pacific,Mobile,Draft,130099,79274,417,333,2,395.89,529.02,0.321,0.95,0.601,1.336,1.641,NOT_APPLICABLE,NOT_APPLICABLE,NOT_APPLICABLE,Data-driven
PERF-0780437,2025-06-28,CMP-121,Enterprise Demo Push,Organic Social,Awareness,Existing customers,Europe,Mobile,Active,46800,25770,554,551,10,37.18,2182.76,1.184,0.07,1.815,58.708,1.816,21898,NOT_APPLICABLE,NOT_APPLICABLE,Linear
PERF-0780438,2025-06-30,CMP-122,Mid-Market Growth,Paid Social,Lead generation,Enterprise decision makers,Europe,Desktop,Active,57846,27761,787,663,20,1056.45,6408.44,1.361,1.34,3.017,6.066,2.084,14679,NOT_APPLICABLE,NOT_APPLICABLE,Last click
PERF-0780439,2025-02-05,CMP-123,New Product Launch,Paid Search,Website traffic,Technical evaluators,Asia Pacific,Desktop,Paused,23798,15683,1326,1309,122,3700.59,32154.8,5.572,2.79,9.32,8.689,1.517,NOT_APPLICABLE,NOT_APPLICABLE,NOT_APPLICABLE,Last click
PERF-0780440,2025-07-01,CMP-124,Customer Expansion,Paid Social,Lead generation,Small business owners,North America,Desktop,Completed,59953,34489,948,781,29,1419.99,7160.17,1.581,1.5,3.713,5.042,1.738,14080,NOT_APPLICABLE,NOT_APPLICABLE,Data-driven
PERF-0780441,2025-02-06,CMP-125,Year-End Pipeline,Paid Social,Awareness,Existing customers,Europe,Mobile,Active,60044,34306,1013,894,26,1673.07,5724.04,1.687,1.65,2.908,3.421,1.75,26222,NOT_APPLICABLE,NOT_APPLICABLE,Data-driven
PERF-0780442,2025-01-31,CMP-126,Regional Awareness,Paid Social,Lead generation,Small business owners,North America,Mobile,Active,66792,46107,1110,1110,45,1340.76,14039.54,1.662,1.21,4.054,10.471,1.449,25546,NOT_APPLICABLE,NOT_APPLICABLE,Position based
PERF-0780443,2025-01-02,CMP-127,Partner Activation,Paid Search,Retention,Small business owners,Europe,Desktop,Completed,20829,11266,788,667,56,2529.63,37075.53,3.783,3.21,8.396,14.657,1.849,NOT_APPLICABLE,NOT_APPLICABLE,NOT_APPLICABLE,Last click
PERF-0780444,2025-06-01,CMP-128,Spring Demand Gen,Email,Conversion,Mid-market operations,North America,Mobile,Active,29819,22491,797,761,53,162.33,20269.33,2.673,0.2,6.965,124.865,1.326,NOT_APPLICABLE,30224,7415,First click
PERF-0780445,2025-10-30,CMP-129,Enterprise Demo Push,Video,Lead generation,Existing customers,Europe,Mobile,Active,60669,40179,433,390,9,507.31,2190.02,0.714,1.17,2.308,4.317,1.51,19402,NOT_APPLICABLE,NOT_APPLICABLE,First click
PERF-0780446,2025-11-04,CMP-130,Mid-Market Growth,Paid Search,Conversion,Small business owners,Europe,Mobile,Active,10576,6085,276,258,17,892.94,4763.44,2.61,3.24,6.589,5.335,1.738,NOT_APPLICABLE,NOT_APPLICABLE,NOT_APPLICABLE,First click
PERF-0780447,2025-09-27,CMP-131,New Product Launch,Paid Social,Conversions,Enterprise decision makers,Europe,Desktop,Active,41953,33151,683,645,24,894.23,9404.37,1.628,1.31,3.721,10.517,1.266,11081,NOT_APPLICABLE,NOT_APPLICABLE,Data-driven
PERF-0780448,2025-06-08,CMP-132,Customer Expansion,Paid Search,Lead generation,Enterprise decision makers,Asia Pacific,Mobile,Active,8529,5178,216,203,16,535.14,3863.5,2.533,2.48,7.882,7.22,1.647,NOT_APPLICABLE,NOT_APPLICABLE,NOT_APPLICABLE,Last click
PERF-0780449,2025-07-15,CMP-101,Year-End Pipeline,Email,Awareness,Enterprise decision makers,Asia Pacific,Desktop,Active,54177,53641,1196,1052,59,210.53,15971.53,2.208,0.18,5.608,75.863,1.01,NOT_APPLICABLE,54806,19399,Position based
PERF-0780450,2025-11-26,CMP-102,Regional Awareness,Video,Lead generation,Small business owners,North America,Mobile,Active,61071,44206,115,109,3,119.92,877.7,0.188,1.04,2.752,7.319,1.382,24054,NOT_APPLICABLE,NOT_APPLICABLE,Last click
PERF-0780451,2025-10-02,CMP-103,Partner Activation,Email,Lead generation,Technical evaluators,Latin America,Mobile,Completed,46688,46226,1472,1218,64,239.61,16643.12,3.153,0.16,5.255,69.459,1.01,NOT_APPLICABLE,47628,18100,Data-driven
PERF-0780452,2025-08-11,CMP-104,Spring Demand Gen,Video,Conversion,Mid-market operations,North America,Desktop,Paused,74826,59568,604,596,12,625.62,1816.65,0.807,1.04,2.013,2.904,1.256,40806,NOT_APPLICABLE,NOT_APPLICABLE,First click
PERF-0780453,2025-02-11,CMP-105,Enterprise Demo Push,Paid Social,Conversion,Existing customers,North America,Mobile,Paused,60524,38422,991,991,38,1550.58,15918.44,1.637,1.56,3.835,10.266,1.575,21357,NOT_APPLICABLE,NOT_APPLICABLE,Data-driven
PERF-0780454,2025-09-12,CMP-106,Mid-Market Growth,Paid Search,Awareness,Technical evaluators,Latin America,Mobile,Paused,32719,17199,1022,1022,68,2136.44,27751.54,3.124,2.09,6.654,12.99,1.902,NOT_APPLICABLE,NOT_APPLICABLE,NOT_APPLICABLE,Last click
PERF-0780455,2025-01-10,CMP-107,New Product Launch,Video,Conversion,Small business owners,Asia Pacific,Mobile,Draft,88513,78858,717,589,15,906.38,7429.19,0.81,1.26,2.547,8.197,1.122,45361,NOT_APPLICABLE,NOT_APPLICABLE,Last click
PERF-0780456,2025-06-19,CMP-108,Customer Expansion,Display,Website traffic,Mid-market operations,Europe,Desktop,Active,52234,31522,262,244,5,170.06,1287.36,0.502,0.65,2.049,7.57,1.657,NOT_APPLICABLE,NOT_APPLICABLE,NOT_APPLICABLE,Data-driven
PERF-0780457,2025-01-30,CMP-109,Year-End Pipeline,Paid Search,Conversion,Technical evaluators,North America,Tablet,Active,14618,8010,811,752,51,2524.57,26208.77,5.548,3.11,6.782,10.381,1.825,NOT_APPLICABLE,NOT_APPLICABLE,NOT_APPLICABLE,Last click
PERF-0780458,2025-07-16,CMP-110,Regional Awareness,Video,Lead generation,Enterprise decision makers,North America,Mobile,Completed,96456,47980,287,260,4,239.97,553.05,0.298,0.84,1.538,2.305,2.01,14923,NOT_APPLICABLE,NOT_APPLICABLE,Last click
PERF-0780459,2025-12-16,CMP-111,Partner Activation,Paid Search,Conversion,Existing customers,Europe,Desktop,Completed,22693,14687,644,522,47,1591.5,10701.72,2.838,2.47,9.004,6.724,1.545,NOT_APPLICABLE,NOT_APPLICABLE,NOT_APPLICABLE,Data-driven
PERF-0780460,2025-02-09,CMP-112,Spring Demand Gen,Paid Search,Lead generation,Small business owners,North America,Mobile,Completed,29979,27307,1450,1292,,,25175.82,4.837,3.27,11.61,5.303,1.098,NOT_APPLICABLE,NOT_APPLICABLE,NOT_APPLICABLE,Data-driven
PERF-0780461,2025-10-05,CMP-113,Enterprise Demo Push,Video,Conversion,Existing customers,Europe,Mobile,Paused,71827,40730,703,556,13,736.6,5135.75,0.979,1.05,2.338,6.972,1.763,18737,NOT_APPLICABLE,NOT_APPLICABLE,First click
PERF-0780462,2025-07-27,CMP-114,Mid-Market Growth,Paid Social,Awareness,Existing customers,Asia Pacific,Mobile,Paused,6461,5814,84,83,2,137.27,774.32,1.3,1.63,2.41,5.641,1.111,2382,NOT_APPLICABLE,NOT_APPLICABLE,Data-driven
PERF-0780463,2025-03-05,CMP-115,New Product Launch,Display,Conversion,Mid-market operations,Asia Pacific,Desktop,Active,98612,68032,455,423,7,309.57,2891.75,0.461,0.68,1.655,9.341,1.449,NOT_APPLICABLE,NOT_APPLICABLE,NOT_APPLICABLE,Linear
PERF-0780464,2025-12-31,CMP-116,Customer Expansion,Organic Social,Lead generation,Enterprise decision makers,North America,Desktop,Active,49102,40255,374,351,9,24.05,2946.98,0.762,0.06,2.564,122.536,1.22,12270,NOT_APPLICABLE,NOT_APPLICABLE,Last click
PERF-0780465,2025-07-01,CMP-117,Year-End Pipeline,Display,Conversion,Technical evaluators,Europe,Mobile,Active,55677,33247,208,173,5,155.19,2075.68,0.374,0.75,2.89,13.375,1.675,NOT_APPLICABLE,NOT_APPLICABLE,NOT_APPLICABLE,Data-driven
PERF-0780466,2025-07-29,CMP-118,Regional Awareness,Paid Social,Conversion,Enterprise decision makers,North America,Desktop,Completed,60039,40556,866,759,28,1188.66,12101.96,1.442,1.37,3.689,10.181,1.48,25357,NOT_APPLICABLE,NOT_APPLICABLE,Data-driven
PERF-0780467,2025-07-28,CMP-119,Partner Activation,Paid Search,Awareness,Small business owners,Europe,Desktop,Active,16256,8916,446,373,30,1456.01,2532.44,2.744,3.26,8.043,1.739,1.823,NOT_APPLICABLE,NOT_APPLICABLE,NOT_APPLICABLE,Data-driven
PERF-0780468,2025-04-30,CMP-120,Spring Demand Gen,Organic Social,Awareness,Mid-market operations,Europe,Mobile,Draft,33694,18859,306,263,7,19.8,1444.64,0.908,0.06,2.662,72.962,1.787,14000,NOT_APPLICABLE,NOT_APPLICABLE,Last click
PERF-0780469,2025-07-19,CMP-121,Enterprise Demo Push,Video,Conversion,Enterprise decision makers,Asia Pacific,Mobile,Active,104959,57922,746,544,18,752.54,6722.96,0.711,1.01,3.309,8.934,1.812,27727,NOT_APPLICABLE,NOT_APPLICABLE,Last click
PERF-0780470,2025-09-16,CMP-122,Mid-Market Growth,Affiliate,Lead generation,Enterprise decision makers,Europe,Desktop,Active,52130,34979,882,680,34,1710.83,10045.89,1.692,1.94,5,5.872,1.49,NOT_APPLICABLE,NOT_APPLICABLE,NOT_APPLICABLE,Last click
PERF-0780471,2025-04-14,CMP-123,New Product Launch,Affiliate,Lead generation,Mid-market operations,North America,Mobile,Completed,29885,21577,401,353,15,658.91,3587.76,1.342,1.64,4.249,5.445,1.385,NOT_APPLICABLE,NOT_APPLICABLE,NOT_APPLICABLE,Last click
PERF-0780472,2025-10-27,CMP-124,Customer Expansion,Paid Social,Lead generation,Enterprise decision makers,Latin America,Tablet,Active,67711,50568,839,705,26,990.3,6909.14,1.239,1.18,3.688,6.977,1.339,26037,NOT_APPLICABLE,NOT_APPLICABLE,Linear
PERF-0780473,2025-04-28,CMP-125,Year-End Pipeline,Affiliate,Awareness,Mid-market operations,Asia Pacific,Desktop,Active,46865,32843,608,605,34,863.03,10228.5,1.297,1.42,5.62,11.852,1.427,NOT_APPLICABLE,NOT_APPLICABLE,NOT_APPLICABLE,Last click
PERF-0780474,2025-11-16,CMP-126,Regional Awareness,Paid Social,Conversion,Enterprise decision makers,Latin America,Desktop,Completed,50396,27095,930,762,30,1437.59,11829.63,1.845,1.55,3.937,8.229,1.86,15610,NOT_APPLICABLE,NOT_APPLICABLE,Data-driven
PERF-0780475,2025-07-23,CMP-127,Partner Activation,Email,Awareness,Technical evaluators,North America,Desktop,Completed,40234,39836,1347,1265,78,229.91,20787.26,3.348,0.17,6.166,90.415,1.01,NOT_APPLICABLE,40605,13582,Data-driven
PERF-0780476,2025-12-12,CMP-128,Spring Demand Gen,Display,Website traffic,Enterprise decision makers,North America,Mobile,Active,10593,6804,54,54,1,53.61,108.16,0.51,0.99,1.852,2.018,1.557,NOT_APPLICABLE,NOT_APPLICABLE,NOT_APPLICABLE,Linear
PERF-0780477,2025-06-14,CMP-129,Enterprise Demo Push,Display,Conversion,Enterprise decision makers,North America,Desktop,Active,126014,73464,789,699,13,686.19,5653.81,0.626,0.87,1.86,8.239,1.715,NOT_APPLICABLE,NOT_APPLICABLE,NOT_APPLICABLE,Last click
PERF-0780478,2025-07-13,CMP-130,Mid-Market Growth,Organic Social,Lead generation,Small business owners,Asia Pacific,Mobile,Active,36006,18776,590,568,11,35.7,2625.7,1.639,0.06,1.937,73.549,1.918,10112,NOT_APPLICABLE,NOT_APPLICABLE,Last click
PERF-0780479,2025-10-14,CMP-131,New Product Launch,Paid Search,Website traffic,,Europe,Mobile,Completed,20379,10585,1028,810,71,3037.19,13592.8,5.044,2.95,8.765,4.475,1.925,NOT_APPLICABLE,NOT_APPLICABLE,NOT_APPLICABLE,Last click
PERF-0780480,2025-03-10,CMP-132,Customer Expansion,Affiliate,Conversion,Mid-market operations,Europe,Desktop,Active,39572,22873,979,766,54,1521.05,22603.51,2.474,1.55,7.05,14.86,1.73,NOT_APPLICABLE,NOT_APPLICABLE,NOT_APPLICABLE,Last click
PERF-0780481,2025-10-24,CMP-101,Year-End Pipeline,Paid Social,Lead generation,Small business owners,North America,Desktop,Completed,50613,28774,843,679,19,1071.74,5106.18,1.666,1.27,2.798,4.764,1.759,14042,NOT_APPLICABLE,NOT_APPLICABLE,Data-driven
PERF-0780482,2025-05-28,CMP-102,Regional Awareness,Paid Search,Website traffic,Small business owners,Asia Pacific,Mobile,Completed,16865,11343,704,577,28,1562.36,8458.16,4.174,2.22,4.853,5.414,1.487,NOT_APPLICABLE,NOT_APPLICABLE,NOT_APPLICABLE,Last click
PERF-0780483,2025-08-21,CMP-103,Partner Activation,Paid Social,Conversion,Small business owners,Asia Pacific,Mobile,Paused,30675,21501,468,374,419,663.97,4977.86,1.526,1.42,3.209,7.497,1.427,10313,NOT_APPLICABLE,NOT_APPLICABLE,First click
PERF-0780484,2025-01-03,CMP-104,Spring Demand Gen,Paid Social,Awareness,Enterprise decision makers,North America,Desktop,Active,70105,47604,696,636,21,972.35,5013.61,0.993,1.4,3.302,5.156,1.473,31347,NOT_APPLICABLE,NOT_APPLICABLE,First click
PERF-0780485,2025-04-12,CMP-105,Enterprise Demo Push,Video,Conversion,Mid-market operations,Asia Pacific,Desktop,Completed,89197,54297,354,271,9,296.05,3413.28,0.397,0.84,3.321,11.529,1.643,33872,NOT_APPLICABLE,NOT_APPLICABLE,Data-driven
PERF-0780486,2025-01-25,CMP-106,Mid-Market Growth,Display,Lead generation,Mid-market operations,North America,Mobile,Active,81575,44705,416,348,5,372.53,1175.22,0.51,0.9,1.437,3.155,1.825,NOT_APPLICABLE,NOT_APPLICABLE,NOT_APPLICABLE,First click
PERF-0780487,2025-12-14,CMP-107,New Product Launch,Email,Conversion,Mid-market operations,Asia Pacific,Mobile,Active,42393,41973,744,680,49,104.9,9000.87,1.755,0.14,7.206,85.804,1.01,NOT_APPLICABLE,42730,9663,Data-driven
PERF-0780488,2025-08-07,CMP-108,Customer Expansion,Paid Search,Awareness,Enterprise decision makers,Europe,Mobile,Active,19045,13462,791,735,31,2303.41,6476.32,4.153,2.91,4.218,2.812,1.415,NOT_APPLICABLE,NOT_APPLICABLE,NOT_APPLICABLE,Last click
PERF-0780489,2025-09-06,CMP-109,Year-End Pipeline,Paid Search,Conversion,Existing customers,North America,Mobile,Active,15230,8656,1056,888,59,2286.79,33963.43,6.934,2.17,6.644,14.852,1.759,NOT_APPLICABLE,NOT_APPLICABLE,NOT_APPLICABLE,Linear
PERF-0780490,2025-10-11,CMP-110,Regional Awareness,Display,Conversion,Small business owners,NA,Mobile,Active,85455,65315,530,452,9,387.38,5644.54,0.62,0.73,1.991,14.571,1.308,NOT_APPLICABLE,NOT_APPLICABLE,NOT_APPLICABLE,Last click
PERF-0780491,2025-02-16,CMP-111,Partner Activation,Display,Lead generation,Enterprise decision makers,Europe,Desktop,Active,88817,58617,485,366,8,343.82,2550.46,0.546,0.71,2.186,7.418,1.515,NOT_APPLICABLE,NOT_APPLICABLE,NOT_APPLICABLE,Linear
PERF-0780492,2025-12-24,CMP-112,Spring Demand Gen,Paid Search,Retention,Small business owners,Asia Pacific,Mobile,Paused,7559,4023,269,229,10,848.83,6464.58,3.559,3.16,4.367,7.616,1.879,NOT_APPLICABLE,NOT_APPLICABLE,NOT_APPLICABLE,Linear
PERF-0780493,2025-11-24,CMP-113,Enterprise Demo Push,Display,Awareness,Mid-market operations,North America,Mobile,Completed,71877,56194,324,301,4,330.47,1431.36,0.451,1.02,1.329,4.331,1.279,NOT_APPLICABLE,NOT_APPLICABLE,NOT_APPLICABLE,Data-driven
PERF-0780494,2025-01-12,CMP-114,Mid-Market Growth,Display,Lead generation,Mid-market operations,North America,Mobile,Active,75382,47121,521,436,9,511.33,2044.48,0.691,0.98,2.064,3.998,1.6,NOT_APPLICABLE,NOT_APPLICABLE,NOT_APPLICABLE,Last click
PERF-0780495,2025-05-08,CMP-115,New Product Launch,Email,Lead generation,Technical evaluators,North America,Mobile,Active,62678,34004,1828,1788,,412.57,27316.78,2.916,0.23,6.6,66.211,1.843,NOT_APPLICABLE,64079,20900,Data-driven
PERF-0780496,2025-07-25,CMP-116,Customer Expansion,Affiliate,Conversion,Mid-market operations,North America,Desktop,Active,41321,25532,667,607,35,946.01,9609.75,1.614,1.42,5.766,10.158,1.618,NOT_APPLICABLE,NOT_APPLICABLE,NOT_APPLICABLE,Last click
PERF-0780497,2025-05-29,CMP-117,Year-End Pipeline,Video,Retention,Enterprise decision makers,North America,Desktop,Completed,103016,58122,743,688,14,896.17,5003.35,0.721,1.21,2.035,5.583,1.772,27962,NOT_APPLICABLE,NOT_APPLICABLE,First click
PERF-0780498,2025-06-16,CMP-118,Regional Awareness,Paid Search,Awareness,Mid-market operations,Europe,Desktop,Active,20792,19463,610,429,25,1558.9,2801.98,2.934,2.56,5.828,1.797,1.068,NOT_APPLICABLE,NOT_APPLICABLE,NOT_APPLICABLE,Last click
PERF-0780499,2025-06-04,CMP-119,Partner Activation,Paid Social,Conversion,Mid-market operations,North America,Desktop,Paused,81442,43590,885,755,18,1139.61,6871.1,1.087,1.29,2.384,6.029,1.868,22693,NOT_APPLICABLE,NOT_APPLICABLE,Data-driven
PERF-0780500,2025-06-05,CMP-120,Spring Demand Gen,Email,Website traffic,Enterprise decision makers,Europe,Mobile,Completed,59642,59051,2003,1803,64,306.66,16587.16,3.358,0.15,3.55,54.09,1.01,NOT_APPLICABLE,61051,20739,Linear
PERF-0780501,2025-04-18,CMP-121,Enterprise Demo Push,Video,Website traffic,Technical evaluators,Europe,Desktop,Active,68540,36959,533,449,11,529.35,3561.9,0.778,0.99,2.45,6.729,1.854,31004,NOT_APPLICABLE,NOT_APPLICABLE,Last click
PERF-0780502,2025-04-14,CMP-122,Mid-Market Growth,Paid Search,Awareness,Mid-market operations,Latin America,Mobile,Paused,24156,14608,1087,956,100,2613.69,16087.9,4.5,2.4,10.46,6.155,1.654,NOT_APPLICABLE,NOT_APPLICABLE,NOT_APPLICABLE,Data-driven
PERF-0780503,2025-01-17,CMP-123,New Product Launch,Email,Lead generation,Small business owners,Middle East and Africa,Desktop,Completed,44052,35359,1496,1412,80,328.27,15094.88,3.396,0.22,5.666,45.983,1.246,NOT_APPLICABLE,45340,13883,Last click
PERF-0780504,2025-02-15,CMP-124,Customer Expansion,Affiliate,Awareness,Enterprise decision makers,North America,Mobile,Active,25134,19569,114,90,5,216.06,1821.92,0.454,1.9,5.556,8.432,1.284,NOT_APPLICABLE,NOT_APPLICABLE,NOT_APPLICABLE,First click
PERF-0780505,2025-05-26,CMP-125,Year-End Pipeline,Video,Conversion,Enterprise decision makers,North America,Desktop,Paused,112418,83948,730,665,16,851.56,6731.71,0.649,1.17,2.406,7.905,1.339,35554,NOT_APPLICABLE,NOT_APPLICABLE,Last click
PERF-0780506,2025-04-01,CMP-126,Regional Awareness,Paid Social,Lead generation,Enterprise decision makers,Europe,Desktop,Active,53114,30145,623,455,17,1158.99,5703.85,1.173,1.86,3.736,4.921,1.762,15863,NOT_APPLICABLE,NOT_APPLICABLE,First click
PERF-0780507,2025-03-18,CMP-127,Partner Activation,Email,Awareness,Mid-market operations,North America,Desktop,Paused,57896,57323,1783,1482,101,276.29,28613.27,3.08,0.15,6.815,103.562,1.01,NOT_APPLICABLE,58691,16556,Last click
PERF-0780508,2025-12-13,CMP-128,Spring Demand Gen,Display,Lead generation,Small business owners,Europe,Mobile,Completed,121767,,831,789,11,788.91,3567.72,0.682,0.95,1.394,4.522,1.18,NOT_APPLICABLE,NOT_APPLICABLE,NOT_APPLICABLE,First click
PERF-0780509,2025-08-03,CMP-129,Enterprise Demo Push,Paid Search,Website traffic,Small business owners,North America,Mobile,Paused,23198,15556,1092,975,84,3209.72,22370.01,4.707,2.94,8.615,6.969,1.491,NOT_APPLICABLE,NOT_APPLICABLE,NOT_APPLICABLE,Position based
PERF-0780510,2025-10-31,CMP-130,Mid-Market Growth,Email,Lead generation,Mid-market operations,Middle East and Africa,Desktop,Active,45040,44594,1465,1465,,212.06,21922.16,3.253,0.14,6.621,103.377,1.01,NOT_APPLICABLE,45873,16995,Last click
PERF-0780511,2025-11-29,CMP-131,New Product Launch,Paid Social,Awareness,Mid-market operations,North America,Mobile,Active,50686,30341,668,585,20,985.75,6706.05,1.318,1.48,3.419,6.803,1.671,20578,NOT_APPLICABLE,NOT_APPLICABLE,First click
PERF-0780512,2025-08-16,CMP-132,Customer Expansion,Affiliate,Retention,Mid-market operations,North America,Mobile,Active,11797,6793,243,226,9,418.72,6793.04,2.06,1.72,3.982,16.223,1.737,NOT_APPLICABLE,NOT_APPLICABLE,NOT_APPLICABLE,Last click
PERF-0780513,2025-11-23,CMP-101,Year-End Pipeline,Display,Awareness,Mid-market operations,Europe,Desktop,Paused,115979,81907,815,659,9,691.92,2007.28,0.703,0.85,1.366,2.901,1.416,NOT_APPLICABLE,NOT_APPLICABLE,NOT_APPLICABLE,Linear
PERF-0780514,2025-02-18,CMP-102,Regional Awareness,Video,Website traffic,Mid-market operations,Europe,Desktop,Completed,56162,42589,531,473,11,621.39,2588.75,0.945,1.17,2.326,4.166,1.319,17550,NOT_APPLICABLE,NOT_APPLICABLE,Data-driven
PERF-0780515,2025-02-14,CMP-103,Partner Activation,Paid Search,Conversion,Small business owners,Europe,Mobile,Active,31247,14787,1396,1263,,,,4.468,2.83,13.064,22.538,2.113,NOT_APPLICABLE,NOT_APPLICABLE,NOT_APPLICABLE,Data-driven
PERF-0780516,2025-12-01,CMP-104,Spring Demand Gen,Paid Search,Awareness,Existing customers,Middle East and Africa,Desktop,Active,16660,12177,632,539,24,2152.04,4676.64,3.794,3.41,4.453,2.173,1.368,NOT_APPLICABLE,NOT_APPLICABLE,NOT_APPLICABLE,DDA
PERF-0780517,2025-02-02,CMP-105,Enterprise Demo Push,Email,Conversion,Technical evaluators,North America,Desktop,Active,44717,39702,684,630,53,130.63,8825.91,2.4%,0.19,8.413,67.564,1.126,NOT_APPLICABLE,45339,14249,Position based
PERF-0780518,2025-09-25,CMP-106,Mid-Market Growth,Paid Search,Lead generation,Enterprise decision makers,Asia Pacific,Desktop,Active,28601,14966,1173,1097,91,3269.11,27999.13,4.101,2.79,8.295,8.565,1.911,NOT_APPLICABLE,NOT_APPLICABLE,NOT_APPLICABLE,Data-driven
PERF-0780519,2025-03-27,CMP-107,New Product Launch,Organic Social,Awareness,Existing customers,Asia Pacific,Desktop,Draft,57408,38178,654,588,8,28.27,1445.21,1.139,0.04,1.361,51.122,1.504,12238,NOT_APPLICABLE,NOT_APPLICABLE,Last click
PERF-0780520,12/04/2025,CMP-108,Customer Expansion,Email,brand awareness,Existing customers,Asia Pacific,Mobile,Completed,25885,23299,876,725,46,158.42,14084.18,3.384,0.18,6.345,88.904,1.111,NOT_APPLICABLE,26060,7706,First click
PERF-0780521,2025-01-25,CMP-109,Year-End Pipeline,Paid Search,Conversion,Small business owners,Europe,Mobile,Active,16228,10572,535,440,44,1929.63,11097.88,3.297,3.61,10,5.751,1.535,NOT_APPLICABLE,NOT_APPLICABLE,NOT_APPLICABLE,Last click
PERF-0780522,2025-09-25,CMP-110,Regional Awareness,Paid Social,Awareness,Existing customers,Latin America,Desktop,Completed,70913,39852,815,757,13,943,3628.52,1.149,1.16,1.717,3.848,1.779,29534,NOT_APPLICABLE,NOT_APPLICABLE,Data-driven
PERF-0780523,2025-11-14,CMP-111,Partner Activation,Paid Search,Website traffic,Existing customers,Europe,Mobile,Active,9854,6148,583,478,38,1791.01,15915.86,5.916,3.07,7.95,8.887,1.603,NOT_APPLICABLE,NOT_APPLICABLE,NOT_APPLICABLE,Data-driven
PERF-0780524,2025-12-29,CMP-112,Spring Demand Gen,Paid Social,Lead generation,Technical evaluators,Asia Pacific,Mobile,Completed,30842,27231,326,236,7,271.88,1645.88,1.057,0.83,2.966,6.054,1.133,12555,NOT_APPLICABLE,NOT_APPLICABLE,Last click
PERF-0780525,2025-07-02,CMP-113,Enterprise Demo Push,Email,Conversion,Mid-market operations,North America,Desktop,Active,39624,34394,875,723,65,209.27,32197.81,2.208,0.24,8.99,153.858,1.152,NOT_APPLICABLE,39976,12220,Position based
PERF-0780526,2025-09-04,CMP-114,Mid-Market Growth,Organic Social,Conversion,Mid-market operations,Europe,Mobile,Active,53230,28077,574,371,16,24.37,5956.24,1.078,0.04,4.313,244.409,1.896,24796,NOT_APPLICABLE,NOT_APPLICABLE,Data-driven
PERF-0780527,2025-04-21,CMP-115,New Product Launch,Paid Search,Lead generation,Enterprise decision makers,North America,Desktop,Active,17869,9146,703,634,58,2167.47,17174.44,3.934,3.08,9.148,7.924,1.954,NOT_APPLICABLE,NOT_APPLICABLE,NOT_APPLICABLE,Last click
PERF-0780528,2025-04-03,CMP-116,Customer Expansion,Paid Social,Lead generation,Technical evaluators,Europe,Mobile,Active,26328,21379,401,356,13,514.38,3567.6,1.523,1.28,3.652,6.936,1.231,13011,NOT_APPLICABLE,NOT_APPLICABLE,Last click
PERF-0780529,2025-02-05,CMP-117,Year-End Pipeline,Display,Conversion,Enterprise decision makers,Middle East and Africa,Mobile,Active,83235,49533,412,354,8,311.21,1574.13,0.495,0.76,2.26,5.058,1.68,NOT_APPLICABLE,NOT_APPLICABLE,NOT_APPLICABLE,Last click
PERF-0780530,2025-09-06,CMP-118,Regional Awareness,Paid Search,Conversion,Technical evaluators,Europe,Mobile,Active,24432,12897,584,520,55,1515.94,18393.32,2.39,2.6,10.577,12.133,1.894,NOT_APPLICABLE,NOT_APPLICABLE,NOT_APPLICABLE,Data-driven
PERF-0780531,2025-06-07,CMP-119,Partner Activation,Paid Search,Lead generation,Small business owners,North America,Mobile,Draft,30405,22073,1333,1137,70,,19906.56,4.384,2.92,6.157,5.11,1.377,NOT_APPLICABLE,NOT_APPLICABLE,NOT_APPLICABLE,Data-driven
PERF-0780532,2025-03-06,CMP-120,Spring Demand Gen,Paid Search,Conversion,Enterprise decision makers,Europe,Mobile,Paused,36297,18461,1193,1123,,3151.98,35862.74,3.287,2.64,10.419,11.378,1.966,NOT_APPLICABLE,NOT_APPLICABLE,NOT_APPLICABLE,Last click
PERF-0780533,2025-03-16,CMP-121,Enterprise Demo Push,Email,Website traffic,Mid-market operations,Asia Pacific,Desktop,Completed,35951,28760,1369,1219,61,288.82,28609.26,3.808,0.21,5.004,99.056,1.25,NOT_APPLICABLE,37002,10551,Linear
PERF-0780534,2025-06-30,CMP-122,Mid-Market Growth,Paid Search,Lead generation,Existing customers,Europe,Mobile,Active,28489,15874,609,533,22,1738.57,6714.51,2.138,2.85,4.128,3.862,1.795,NOT_APPLICABLE,NOT_APPLICABLE,NOT_APPLICABLE,Position based
PERF-0780535,2025-01-07,CMP-123,New Product Launch,Affiliate,Conversion,Enterprise decision makers,North America,Mobile,Active,18547,12056,352,306,24,611.87,17327.11,1.898,1.74,7.843,28.318,1.538,NOT_APPLICABLE,NOT_APPLICABLE,NOT_APPLICABLE,Linear
PERF-0780536,2025-02-23,CMP-124,Customer Expansion,Organic Social,Lead generation,Enterprise decision makers,North America,Desktop,Active,49920,27813,624,498,16,24.85,7488.23,1.25,0.04,3.213,301.337,1.795,12573,NOT_APPLICABLE,NOT_APPLICABLE,Last click
PERF-0780537,2025-06-11,CMP-125,Year-End Pipeline,Video,Website traffic,Enterprise decision makers,Asia Pacific,Mobile,Active,52901,26244,393,359,7,436.44,1840.83,0.743,1.11,1.95,4.218,2.016,11966,NOT_APPLICABLE,NOT_APPLICABLE,Data-driven
PERF-0780538,2025-02-08,CMP-126,Regional Awareness,Paid Social,Conversion,,Asia Pacific,Mobile,Active,45226,29457,631,462,16,749.75,8622.65,1.395,1.19,3.463,11.501,1.535,10017,NOT_APPLICABLE,NOT_APPLICABLE,Data-driven
PERF-0780539,2025-08-05,CMP-127,Partner Activation,Paid Social,Conversion,Enterprise decision makers,Asia Pacific,Desktop,Paused,33685,29335,379,330,7,672.67,2765.88,1.125,1.77,2.121,4.112,1.148,15148,NOT_APPLICABLE,NOT_APPLICABLE,Data-driven
PERF-0780540,2025-09-25,CMP-128,Spring Demand Gen,Display,Lead generation,Small business owners,North America,Desktop,Active,125874,78147,633,571,12,482.97,1825.26,0.503,0.76,2.102,3.779,1.611,NOT_APPLICABLE,NOT_APPLICABLE,NOT_APPLICABLE,Data-driven
PERF-0780541,2025-01-22,CMP-129,Enterprise Demo Push,Video,Conversion,Small business owners,Europe,Tablet,Completed,90127,79640,988,856,21,807.61,4794.54,1.096,0.82,2.453,5.937,1.132,33272,NOT_APPLICABLE,NOT_APPLICABLE,First click
PERF-0780542,2025-08-13,CMP-130,Mid-Market Growth,Paid Search,Website traffic,Technical evaluators,Europe,Desktop,Active,3415,2713,232,178,12,705.5,4650.19,6.794,3.04,6.742,6.591,1.259,NOT_APPLICABLE,NOT_APPLICABLE,NOT_APPLICABLE,Data-driven
PERF-0780543,2025-02-16,CMP-131,New Product Launch,Affiliate,Website traffic,Existing customers,North America,Mobile,Completed,33461,24492,768,602,28,1086.32,7407.89,2.295,1.41,4.651,6.819,1.366,NOT_APPLICABLE,NOT_APPLICABLE,NOT_APPLICABLE,First click
PERF-0780544,2025-08-18,CMP-132,Customer Expansion,Email,Lead generation,Mid-market operations,North America,Mobile,Active,68240,67564,2489,2132,,373.7,,3.647,0.15,7.552,120.134,1.01,NOT_APPLICABLE,69077,21114,Data-driven
PERF-0780545,2025-01-22,CMP-101,Year-End Pipeline,Affiliate,Awareness,Technical evaluators,Europe,Desktop,Paused,30003,22794,625,608,31,1253.36,5089.6,2.083,2.01,5.099,4.061,1.316,NOT_APPLICABLE,NOT_APPLICABLE,NOT_APPLICABLE,Last click
PERF-0780546,2025-01-13,CMP-102,Regional Awareness,Video,Website traffic,Mid-market operations,North America,Mobile,Paused,101423,74193,876,743,15,1082.4,4060.83,0.864,1.24,2.019,3.752,1.367,37898,NOT_APPLICABLE,NOT_APPLICABLE,Data-driven
PERF-0780547,2025-02-15,CMP-103,Partner Activation,PPC,Awareness,Mid-market operations,Europe,Desktop,Active,33770,16712,1323,1215,80,3758.89,24208.97,3.918,2.84,6.584,6.44,2.021,NOT_APPLICABLE,NOT_APPLICABLE,NOT_APPLICABLE,Last click
PERF-0780548,2025-12-03,CMP-104,Spring Demand Gen,Paid Social,Lead generation,Technical evaluators,Latin America,Desktop,Paused,41481,21141,433,405,14,552.44,4892.68,1.044,1.28,3.457,8.856,1.962,16370,NOT_APPLICABLE,NOT_APPLICABLE,Data-driven
PERF-0780549,2025-09-02,CMP-105,Enterprise Demo Push,Paid Search,Awareness,Mid-market operations,Asia Pacific,Desktop,Active,29519,16318,1156,1042,57,2800.05,19590.74,3.916,2.42,5.47,6.997,1.809,NOT_APPLICABLE,NOT_APPLICABLE,NOT_APPLICABLE,Linear
PERF-0780550,2025-12-01,CMP-106,Mid-Market Growth,Paid Search,Website traffic,Small business owners,Europe,Desktop,Active,18435,9946,1091,895,64,2464.08,24383.73,5.918,2.26,7.151,9.896,1.854,NOT_APPLICABLE,NOT_APPLICABLE,NOT_APPLICABLE,Data-driven
PERF-0780551,2025-04-28,CMP-107,New Product Launch,Paid Search,Retention,Small business owners,Latin America,Tablet,Completed,27611,15842,860,836,33,2361.13,14434.05,3.115,2.75,3.947,6.113,1.743,NOT_APPLICABLE,NOT_APPLICABLE,NOT_APPLICABLE,Linear
PERF-0780552,2025-10-16,CMP-108,Customer Expansion,Paid Social,Conversion,Small business owners,Latin America,Mobile,Active,16815,12044,208,160,7,278.24,925.23,1.237,1.34,4.375,3.325,1.396,5262,NOT_APPLICABLE,NOT_APPLICABLE,Data-driven
PERF-0780553,2025-08-30,CMP-109,Year-End Pipeline,Paid Search,Awareness,Technical evaluators,North America,Mobile,Active,17694,9305,703,585,39,2097.59,11643.41,3.973,2.98,6.667,5.551,1.902,NOT_APPLICABLE,NOT_APPLICABLE,NOT_APPLICABLE,Data-driven
PERF-0780554,2025-10-04,CMP-110,Regional Awareness,Paid Social,Website traffic,Enterprise decision makers,Asia Pacific,Mobile,Active,53173,45431,1124,971,32,1594.71,9617.25,2.114,1.42,3.296,6.031,1.17,21168,NOT_APPLICABLE,NOT_APPLICABLE,First click
PERF-0780555,2025-02-18,CMP-111,Partner Activation,Video,Lead generation,Enterprise decision makers,Middle East and Africa,Mobile,Completed,129159,90660,1070,856,16,791.6,6353.77,0.828,0.74,1.869,8.026,1.425,61470,NOT_APPLICABLE,NOT_APPLICABLE,Data-driven
PERF-0780556,2025-05-07,CMP-112,Spring Demand Gen,Video,Retention,Small business owners,North America,Mobile,Active,64547,39211,465,416,5,484.03,3652.99,0.72,1.04,1.202,7.547,1.646,18684,NOT_APPLICABLE,NOT_APPLICABLE,Data-driven
PERF-0780557,2025-07-23,CMP-113,Enterprise Demo Push,Affiliate,Conversion,Enterprise decision makers,North America,Desktop,Completed,30972,18349,627,435,21,1105.22,4682.2,2.024,1.76,4.828,4.236,1.688,NOT_APPLICABLE,NOT_APPLICABLE,NOT_APPLICABLE,Data-driven
PERF-0780558,2025-11-29,CMP-114,Mid-Market Growth,Paid Search,Lead generation,Mid-market operations,North America,Mobile,Active,24312,17319,1046,890,57,3134.82,19645.94,4.302,3,6.404,6.267,1.404,NOT_APPLICABLE,NOT_APPLICABLE,NOT_APPLICABLE,Position based
PERF-0780559,2025-03-07,CMP-115,New Product Launch,Paid Social,Lead generation,Existing customers,North America,Desktop,Completed,65524,39998,868,799,15,1313.6,3661.81,1.325,1.51,1.877,2.788,1.638,22879,NOT_APPLICABLE,NOT_APPLICABLE,Position based
PERF-0780560,2025-12-03,CMP-116,Customer Expansion,Organic Social,Lead generation,Technical evaluators,Middle East and Africa,Desktop,Completed,48790,31063,294,215,6,23.03,803.87,0.603,0.08,2.791,34.905,1.571,18008,NOT_APPLICABLE,NOT_APPLICABLE,Last click
PERF-0780561,2025-09-09,CMP-117,Year-End Pipeline,Paid Social,Awareness,Technical evaluators,North America,Desktop,Active,68762,56321,864,780,26,1013.99,7055.68,1.257,1.17,3.333,6.958,1.221,28225,NOT_APPLICABLE,NOT_APPLICABLE,Data-driven
PERF-0780562,2025-03-08,CMP-118,Regional Awareness,Email,Website traffic,Small business owners,North America,Desktop,Active,30995,28389,930,808,43,158.71,3680.99,3,0.17,5.322,23.193,1.092,NOT_APPLICABLE,32250,10049,Data-driven
PERF-0780563,2025-12-30,CMP-119,Partner Activation,Display,Website traffic,Enterprise decision makers,Asia Pacific,Mobile,Active,70478,40518,513,379,7,307.82,1289.82,0.728,0.6,1.847,4.19,1.739,NOT_APPLICABLE,NOT_APPLICABLE,NOT_APPLICABLE,Data-driven
PERF-0780564,2025-10-15,CMP-120,Spring Demand Gen,Affiliate,Website traffic,Enterprise decision makers,Europe,Mobile,Completed,42347,18914,1190,1155,43,1987.06,15103.57,2.81,1.67,3.723,7.601,2.239,NOT_APPLICABLE,NOT_APPLICABLE,NOT_APPLICABLE,Data-driven
PERF-0780565,2025-07-18,CMP-121,Enterprise Demo Push,Paid Search,Website traffic,Small business owners,Europe,Desktop,Active,18295,13522,935,854,81,3180.27,15507.06,5.111,3.4,9.485,4.876,1.353,NOT_APPLICABLE,NOT_APPLICABLE,NOT_APPLICABLE,Data-driven
PERF-0780566,2025-12-11,CMP-122,Mid-Market Growth,Paid Search,Website traffic,Existing customers,Europe,Mobile,Completed,17744,10984,695,695,58,2309.43,14772.73,3.917,3.32,8.345,6.397,1.615,NOT_APPLICABLE,NOT_APPLICABLE,NOT_APPLICABLE,Linear
PERF-0780567,2025-01-19,CMP-123,New Product Launch,Display,Awareness,Existing customers,Europe,Mobile,Completed,96639,61398,559,540,13,344.25,3938.12,0.578,0.62,2.407,11.44,1.574,NOT_APPLICABLE,NOT_APPLICABLE,NOT_APPLICABLE,Data-driven
PERF-0780568,2025-03-25,CMP-124,Customer Expansion,Paid Social,Conversion,Technical evaluators,North America,Mobile,Active,41367,36087,622,509,15,805.74,5955.15,1.504,1.3,2.947,7.391,1.146,16519,NOT_APPLICABLE,NOT_APPLICABLE,Linear
PERF-0780569,2025-04-07,CMP-125,Year-End Pipeline,Paid Social,Website traffic,Mid-market operations,EMEA,Mobile,Active,68787,35863,1053,973,22,1460.51,3502.36,1.531,1.39,2.261,2.398,1.918,32522,NOT_APPLICABLE,NOT_APPLICABLE,Last click
PERF-0780570,2025-03-26,CMP-126,Regional Awareness,Paid Social,Lead generation,Small business owners,North America,Mobile,Active,59558,32542,921,717,22,1608.96,6910.97,1.546,1.75,3.068,4.295,1.83,19900,NOT_APPLICABLE,NOT_APPLICABLE,Position based
PERF-0780571,2025-08-29,CMP-127,Partner Activation,Paid Search,Conversion,Small business owners,Asia Pacific,Tablet,Active,18345,11061,693,610,56,2314.35,20491.49,3.778,3.34,9.18,8.854,1.659,NOT_APPLICABLE,NOT_APPLICABLE,NOT_APPLICABLE,First click
PERF-0780572,2025-09-21,CMP-128,Spring Demand Gen,Email,Retention,Enterprise decision makers,Asia Pacific,Mobile,Active,45647,44371,1328,1165,71,279.1,33191.02,2.909,0.21,6.094,118.922,1.029,NOT_APPLICABLE,47167,9437,Linear
PERF-0780573,2025-07-04,CMP-129,Enterprise Demo Push,Paid Search,Website traffic,Mid-market operations,North America,Desktop,Active,19528,11048,859,822,67,2276.73,12766.27,4.399,2.65,8.151,5.607,1.768,NOT_APPLICABLE,NOT_APPLICABLE,NOT_APPLICABLE,Data-driven
PERF-0780574,2025-03-15,CMP-130,Mid-Market Growth,Paid Search,Lead generation,Small business owners,Asia Pacific,Desktop,Active,24251,21487,954,915,,2916.92,21909.97,3.934,3.06,10.492,7.511,1.129,NOT_APPLICABLE,NOT_APPLICABLE,NOT_APPLICABLE,Last click
PERF-0780575,2025-05-25,CMP-131,New Product Launch,Paid Social,Lead generation,Existing customers,North America,Desktop,Active,46409,37829,600,476,21,943.76,5598.05,1.293,1.57,4.412,5.932,1.227,15975,NOT_APPLICABLE,NOT_APPLICABLE,Linear
PERF-0780576,2025-04-08,CMP-132,Customer Expansion,Affiliate,Awareness,Mid-market operations,Asia Pacific,Tablet,Active,42419,26698,797,676,27,1083.35,9089.87,1.879,1.36,3.994,8.391,1.589,NOT_APPLICABLE,NOT_APPLICABLE,NOT_APPLICABLE,Data-driven
PERF-0780577,2025-10-09,CMP-101,Year-End Pipeline,Paid Social,Conversion,Small business owners,North America,Desktop,Active,81291,48840,694,626,25,828.38,11564.24,0.854,1.19,3.994,13.96,1.664,27241,NOT_APPLICABLE,NOT_APPLICABLE,Last click
PERF-0780578,2025-09-15,CMP-102,Regional Awareness,Paid Search,Lead generation,Enterprise decision makers,Europe,Desktop,Active,37385,24556,1878,1601,,3461.71,,5.023,1.84,8.994,15.036,1.522,NOT_APPLICABLE,NOT_APPLICABLE,NOT_APPLICABLE,Linear
PERF-0780579,2025-01-12,CMP-103,Partner Activation,Paid Search,Awareness,Small business owners,Latin America,Mobile,Paused,26084,15292,1199,905,63,2701.14,15824.68,4.597,2.25,6.961,5.859,1.706,NOT_APPLICABLE,NOT_APPLICABLE,NOT_APPLICABLE,Last click
PERF-0780580,2025-10-05,CMP-104,Spring Demand Gen,Email,Lead generation,Technical evaluators,Asia Pacific,Mobile,Active,33403,33072,899,805,45,181.97,14826.61,2.691,0.2,5.59,81.478,1.01,NOT_APPLICABLE,33855,12207,Last click
PERF-0780581,2025-07-21,CMP-105,Enterprise Demo Push,Video,Lead generation,Mid-market operations,North America,Mobile,Active,75270,44631,505,420,9,560.56,2190.79,0.671,1.11,2.143,3.908,1.686,28734,NOT_APPLICABLE,NOT_APPLICABLE,Linear
PERF-0780582,2025-03-10,CMP-106,Mid-Market Growth,Paid Social,Lead generation,Small business owners,North America,Mobile,Active,58373,34163,793,656,15,1001.78,4982.29,1.359,1.26,2.287,4.973,1.709,18641,NOT_APPLICABLE,NOT_APPLICABLE,Last click
PERF-0780583,2025-08-12,CMP-107,New Product Launch,Paid Search,Awareness,Enterprise decision makers,North America,Desktop,Active,16552,12404,687,687,58,2120.5,10882.63,4.151,3.09,8.443,5.132,1.334,NOT_APPLICABLE,NOT_APPLICABLE,NOT_APPLICABLE,Data-driven
PERF-0780584,2025-01-30,CMP-108,Customer Expansion,Email,Awareness,Small business owners,Europe,Mobile,Completed,43928,43493,1627,1402,68,270.59,11876.9,3.704,0.17,4.85,43.893,1.01,NOT_APPLICABLE,45245,12667,Last click
PERF-0780585,2025-07-13,CMP-109,Year-End Pipeline,Display,Lead generation,Small business owners,Latin America,Mobile,Paused,130936,75169,777,672,11,651.7,3648.02,0.593,0.84,1.637,5.598,1.742,NOT_APPLICABLE,NOT_APPLICABLE,NOT_APPLICABLE,Data-driven
PERF-0780586,2025-10-20,CMP-110,Regional Awareness,Paid Social,Lead generation,Enterprise decision makers,North America,Mobile,Paused,40269,17997,484,399,15,529.43,5248.96,1.202,1.09,3.759,9.914,2.238,17701,NOT_APPLICABLE,NOT_APPLICABLE,Linear
PERF-0780587,2025-07-12,CMP-111,Partner Activation,Paid Social,Awareness,Technical evaluators,North America,Desktop,Active,28655,17189,448,367,12,758.75,3256.59,1.563,1.69,3.27,4.292,1.667,12379,NOT_APPLICABLE,NOT_APPLICABLE,Last click
PERF-0780588,2025-05-15,CMP-112,Spring Demand Gen,Display,Conversion,Mid-market operations,North America,Mobile,Active,65089,37666,342,317,6,334.69,2786.81,0.525,0.98,1.893,8.327,1.728,NOT_APPLICABLE,NOT_APPLICABLE,NOT_APPLICABLE,Last click
PERF-0780589,2025-01-10,CMP-113,Enterprise Demo Push,Email,Lead generation,Existing customers,North America,Mobile,Active,35839,35484,1133,1018,49,273.83,11581.35,3.161,0.24,4.813,42.294,1.01,NOT_APPLICABLE,35987,12607,Linear
PERF-0780590,2025-04-07,CMP-114,Mid-Market Growth,Paid Social,Website traffic,Enterprise decision makers,Latin America,Desktop,Active,59167,27223,901,764,20,1417.31,5944.6,1.523,1.57,2.618,4.194,2.173,23225,NOT_APPLICABLE,NOT_APPLICABLE,Last click
PERF-0780591,2025-09-20,CMP-115,New Product Launch,Affiliate,Lead generation,Technical evaluators,Middle East and Africa,Mobile,Active,25057,18884,340,306,17,614.88,6610.74,240,1.81,5.556,10.751,1.327,NOT_APPLICABLE,NOT_APPLICABLE,NOT_APPLICABLE,Linear
PERF-0780592,2025-10-05,CMP-116,Customer Expansion,Organic Social,Retention,Mid-market operations,Latin America,Mobile,Active,49287,26579,588,445,8,34.49,6246.86,1.193,0.06,1.798,181.121,1.854,16237,NOT_APPLICABLE,NOT_APPLICABLE,Last click
PERF-0780593,2025-12-31,CMP-117,Year-End Pipeline,Paid Social,Traffic,Small business owners,North America,Mobile,Completed,89706,68212,1475,1297,54,1745.46,16252.99,1.644,1.18,4.163,9.312,1.315,29665,NOT_APPLICABLE,NOT_APPLICABLE,Last click
PERF-0780594,2025-02-27,CMP-118,Regional Awareness,Paid Social,Lead generation,Mid-market operations,Europe,Mobile,Completed,51294,42246,619,562,13,1070.76,3285.88,1.207,1.73,2.313,3.069,1.214,16467,NOT_APPLICABLE,NOT_APPLICABLE,Last click
PERF-0780595,2025-08-09,CMP-119,Partner Activation,Email,Conversion,Mid-market operations,Asia Pacific,Mobile,Active,31939,31623,1063,757,56,169.28,21551.75,3.328,0.16,7.398,127.314,1.01,NOT_APPLICABLE,32013,9862,Linear
PERF-0780596,2025-07-31,CMP-120,Spring Demand Gen,Paid Search,Conversion,Small business owners,Latin America,Mobile,Active,30284,16785,1430,1312,,3727.76,13890.11,4.722,2.61,7.317,3.726,1.804,NOT_APPLICABLE,NOT_APPLICABLE,NOT_APPLICABLE,First click
PERF-0780597,2025-01-28,CMP-121,Enterprise Demo Push,Video,Website traffic,,Latin America,Mobile,Paused,102648,60500,1054,1047,18,833.6,6411.8,1.027,0.79,1.719,7.692,1.697,30176,NOT_APPLICABLE,NOT_APPLICABLE,Data-driven
PERF-0780598,2025-12-26,CMP-122,Mid-Market Growth,Paid Social,Lead generation,Enterprise decision makers,North America,Desktop,Active,64912,42314,1191,930,29,1750.23,1153.17,1.835,1.47,3.118,0.659,1.534,23173,NOT_APPLICABLE,NOT_APPLICABLE,Data-driven
PERF-0780599,2025-09-04,CMP-123,New Product Launch,Paid Search,Lead generation,Small business owners,Europe,Desktop,Active,31947,18214,1278,1154,,3067.91,20651.65,4,2.4,8.492,6.732,1.754,NOT_APPLICABLE,NOT_APPLICABLE,NOT_APPLICABLE,last-click
PERF-0780600,2025-01-07,CMP-124,Customer Expansion,Paid Search,Awareness,Technical evaluators,Asia Pacific,Desktop,Active,24054,13071,893,830,81,2589.57,27000.42,3.712,2.9,9.759,10.427,1.84,NOT_APPLICABLE,NOT_APPLICABLE,NOT_APPLICABLE,Data-driven
PERF-0780601,2025-06-06,CMP-125,Year-End Pipeline,Paid Social,Retention,Small business owners,Europe,Desktop,Completed,15858,13777,163,123,2,222.01,713.97,1.028,1.36,1.626,3.216,1.151,6927,NOT_APPLICABLE,NOT_APPLICABLE,First click
PERF-0780602,2025-10-29,CMP-126,Regional Awareness,Affiliate,Conversion,Small business owners,North America,Desktop,Active,38117,22274,610,540,30,1101.1,14395.45,1.6,1.81,5.556,13.074,1.711,NOT_APPLICABLE,NOT_APPLICABLE,NOT_APPLICABLE,First click
PERF-0780603,2025-05-01,CMP-127,Partner Activation,Paid Social,Retention,Small business owners,North America,Mobile,Completed,43553,35076,280,272,11,341.92,3037.31,0.643,1.22,4.044,8.883,1.242,8889,NOT_APPLICABLE,NOT_APPLICABLE,Linear
PERF-0780604,2025-03-13,CMP-128,Spring Demand Gen,Paid Social,Lead generation,Mid-market operations,Asia Pacific,Mobile,Completed,79245,77028,902,876,25,1058.77,7171.24,1.138,1.17,2.854,6.773,1.029,21563,NOT_APPLICABLE,NOT_APPLICABLE,Last click
PERF-0780605,2025-11-14,CMP-129,Enterprise Demo Push,Paid Search,Awareness,Technical evaluators,Europe,Tablet,Active,32463,24516,1308,1025,52,3278.06,7845.07,4.029,2.51,5.073,2.393,1.324,NOT_APPLICABLE,NOT_APPLICABLE,NOT_APPLICABLE,First click
PERF-0780606,2025-03-02,CMP-130,Mid-Market Growth,Paid Social,Awareness,Technical evaluators,Asia Pacific,Desktop,Paused,35650,23585,604,542,21,890.04,1952.93,1.694,1.47,3.875,2.194,1.512,9047,NOT_APPLICABLE,NOT_APPLICABLE,Data-driven
PERF-0780607,2025-03-22,CMP-131,New Product Launch,Paid Social,Lead generation,Small business owners,North America,Mobile,Active,76160,54230,1190,830,22,1590.35,3625.77,1.563,1.34,2.651,2.28,1.404,22107,NOT_APPLICABLE,NOT_APPLICABLE,Last click
PERF-0780608,2025-07-30,CMP-132,Customer Expansion,Email,Awareness,Small business owners,Asia Pacific,Mobile,Completed,53040,47897,814,678,45,165.94,10000.32,1.535,0.2,6.637,60.265,1.107,NOT_APPLICABLE,53087,20551,Linear
PERF-0780609,2025-11-10,CMP-101,Year-End Pipeline,Paid Social,Conversion,Technical evaluators,Asia Pacific,Mobile,Active,57132,39601,722,722,37,977.28,17502.4,1.264,1.35,5.125,17.909,1.443,24068,NOT_APPLICABLE,NOT_APPLICABLE,Linear
PERF-0780610,2025-01-12,CMP-102,Regional Awareness,Paid Search,Awareness,Mid-market operations,North America,Mobile,Active,5329,3139,165,124,7,556.3,1534.49,3.096,3.37,5.645,2.758,1.698,NOT_APPLICABLE,NOT_APPLICABLE,NOT_APPLICABLE,Data-driven
PERF-0780611,2025-02-09,CMP-103,Partner Activation,Video,Lead generation,Mid-market operations,Asia Pacific,Desktop,Active,99281,56734,584,584,9,642.62,3941.85,0.588,1.1,1.541,6.134,1.75,52310,NOT_APPLICABLE,NOT_APPLICABLE,Last click
PERF-0780612,2025-01-23,CMP-104,Spring Demand Gen,Display,Awareness,Mid-market operations,North America,Desktop,Paused,142510,,725,627,12,441.04,3413.77,0.509,0.61,1.914,7.74,1.551,NOT_APPLICABLE,NOT_APPLICABLE,NOT_APPLICABLE,Last click
PERF-0780613,2025-08-30,CMP-105,Enterprise Demo Push,Paid Social,Website traffic,Technical evaluators,Europe,Desktop,Completed,64327,38704,1114,865,25,1307.73,9539.49,1.732,1.17,2.89,7.295,1.662,31964,NOT_APPLICABLE,NOT_APPLICABLE,Last click
PERF-0780614,2025-11-22,CMP-106,Mid-Market Growth,PPC,Awareness,Small business owners,Asia Pacific,Desktop,Active,27808,16250,1084,1065,90,2598.89,24246.82,3.898,2.4,8.451,9.33,1.711,NOT_APPLICABLE,NOT_APPLICABLE,NOT_APPLICABLE,Last click
PERF-0780615,2025-06-22,CMP-107,New Product Launch,Email,Website traffic,Enterprise decision makers,Europe,Tablet,Active,45113,36620,1053,1053,59,231.48,20261.98,2.334,0.22,5.603,87.532,1.232,NOT_APPLICABLE,46411,18481,Last click
PERF-0780616,2025-02-08,CMP-108,Customer Expansion,Paid Search,Lead generation,Technical evaluators,Europe,Tablet,Paused,19239,11100,616,527,49,1406.19,15458.75,3.202,2.28,9.298,10.993,1.733,NOT_APPLICABLE,NOT_APPLICABLE,NOT_APPLICABLE,Linear
PERF-0780617,2025-03-21,CMP-109,Year-End Pipeline,Display,Awareness,Small business owners,North America,Mobile,Active,92967,52814,450,362,6,414.41,1838.1,0.484,0.92,1.657,4.435,1.76,NOT_APPLICABLE,NOT_APPLICABLE,NOT_APPLICABLE,Last click
PERF-0780618,2025-08-24,CMP-110,Regional Awareness,Paid Search,Lead generation,Mid-market operations,Europe,Mobile,Completed,28459,14844,981,898,39,2071.74,12086.93,3.447,2.11,4.343,5.834,1.917,NOT_APPLICABLE,NOT_APPLICABLE,NOT_APPLICABLE,Data-driven
PERF-0780619,2025-09-20,CMP-111,Partner Activation,Email,Awareness,Mid-market operations,North America,Tablet,Paused,34844,27598,749,749,45,141.1,10566.43,2.15,0.19,6.008,74.886,1.263,NOT_APPLICABLE,35609,9282,Last click
PERF-0780620,2025-11-21,CMP-112,Spring Demand Gen,Email,Lead generation,Mid-market operations,Europe,Desktop,Active,51389,46121,1634,1466,,278.24,21877.07,3.18,0.17,6.753,78.627,1.114,NOT_APPLICABLE,52357,9393,Linear
PERF-0780621,03/16/2025,CMP-113,Enterprise Demo Push,Video,Conversion,Small business owners,North America,Mobile,Completed,80921,50024,400,307,7,396.33,1911.26,0.494,0.99,2.28,4.822,1.618,27072,NOT_APPLICABLE,NOT_APPLICABLE,Last click
PERF-0780622,2025-01-29,CMP-114,Mid-Market Growth,Paid Social,Lead generation,Enterprise decision makers,Europe,Mobile,Active,40521,25299,653,534,20,902.32,5015.07,1.612,1.38,3.745,5.558,1.602,13855,NOT_APPLICABLE,NOT_APPLICABLE,Data-driven
PERF-0780623,2025-03-10,CMP-115,New Product Launch,Email,Website traffic,Enterprise decision makers,North America,Desktop,Active,51959,46243,2510,1963,98,477.67,15088.16,4.831,0.19,4.992,31.587,1.124,NOT_APPLICABLE,53011,13935,Last click
PERF-0780624,2025-03-08,CMP-116,Customer Expansion,Paid Social,Conversion,Mid-market operations,North America,Desktop,Completed,67087,34839,1032,899,35,1640.97,11971.42,1.538,1.59,3.893,7.295,1.926,24788,NOT_APPLICABLE,NOT_APPLICABLE,Data-driven
PERF-0780625,2025-10-14,CMP-117,Year-End Pipeline,Paid Social,Awareness,Technical evaluators,Latin America,Desktop,Active,64497,43748,801,614,19,1196.31,4434.28,1.242,1.49,3.094,3.707,1.474,9163,NOT_APPLICABLE,NOT_APPLICABLE,First click
PERF-0780626,2025-07-08,CMP-118,Regional Awareness,Paid Social,Website traffic,Mid-market operations,Latin America,Desktop,Active,55239,41075,784,734,22,1129.94,4232.42,1.419,1.44,2.997,3.746,1.345,17773,NOT_APPLICABLE,NOT_APPLICABLE,Data-driven
PERF-0780627,2025-08-29,CMP-119,Partner Activation,Paid Search,Lead generation,Enterprise decision makers,North America,Mobile,Completed,13525,9633,496,430,28,1625.62,8032.66,3.667,3.28,-1.8,4.941,1.404,NOT_APPLICABLE,NOT_APPLICABLE,NOT_APPLICABLE,Last click
PERF-0780628,2025-10-20,CMP-120,Spring Demand Gen,Email,Lead generation,Mid-market operations,North America,Desktop,Active,30087,24743,944,807,55,178.46,21160.03,3.138,0.19,6.815,118.57,1.216,NOT_APPLICABLE,30515,9761,Data-driven
PERF-0780629,2025-08-06,CMP-121,Enterprise Demo Push,Organic Social,Lead generation,Mid-market operations,Asia Pacific,Mobile,Active,45000,23430,513,510,13,24.87,2698.89,1.14,0.05,2.549,108.52,1.921,5868,NOT_APPLICABLE,NOT_APPLICABLE,Data-driven
PERF-0780630,2025-05-21,CMP-122,Mid-Market Growth,Email,Conversion,Existing customers,North America,Desktop,Completed,18997,12495,472,410,26,95.64,10820.72,2.485,0.2,6.341,113.14,1.52,NOT_APPLICABLE,19188,5186,Last click
PERF-0780631,2025-10-16,CMP-123,New Product Launch,Paid Social,Lead generation,Technical evaluators,Asia Pacific,Mobile,Active,58337,34661,1008,716,17,1452.65,4252.59,1.728,1.44,2.374,2.927,1.683,22043,NOT_APPLICABLE,NOT_APPLICABLE,Data-driven
PERF-0780632,2025-04-12,CMP-124,Customer Expansion,Video,Awareness,Existing customers,Latin America,Mobile,Active,56614,36901,204,201,5,251.08,2082.88,0.36,1.23,2.488,8.296,1.534,21149,NOT_APPLICABLE,NOT_APPLICABLE,Data-driven
PERF-0780633,2025-03-24,CMP-125,Year-End Pipeline,Display,Lead generation,Existing customers,North America,Mobile,Active,69421,41122,270,256,5,232.62,1403.54,0.389,0.86,1.953,6.034,1.688,NOT_APPLICABLE,NOT_APPLICABLE,NOT_APPLICABLE,Last click
PERF-0780634,2025-06-26,CMP-126,Regional Awareness,Paid Search,Awareness,Small business owners,Asia Pacific,Desktop,Completed,22084,13484,480,421,14,1252.5,4741.3,2.174,2.61,3.325,3.785,1.638,NOT_APPLICABLE,NOT_APPLICABLE,NOT_APPLICABLE,Linear
PERF-0780635,2025-11-19,CMP-127,Partner Activation,Paid Search,Website traffic,Existing customers,North America,Desktop,Paused,11172,7305,778,778,61,2351.5,12096.93,6.964,3.02,7.841,5.144,1.529,NOT_APPLICABLE,NOT_APPLICABLE,NOT_APPLICABLE,Data-driven
PERF-0780636,2025-08-29,CMP-128,Spring Demand Gen,Paid Social,Conversion,Enterprise decision makers,Europe,Desktop,Active,54599,36682,623,541,32,1065.81,9814.16,1.141,1.71,5.915,9.208,1.488,14035,NOT_APPLICABLE,NOT_APPLICABLE,First click
PERF-0780637,2025-06-17,CMP-129,Enterprise Demo Push,Email,Retention,Technical evaluators,Europe,Mobile,Active,44375,43936,815,602,30,152.72,13695.82,1.837,0.19,4.983,89.679,1.01,NOT_APPLICABLE,45262,15827,Data-driven
PERF-0780638,2025-07-23,CMP-130,Mid-Market Growth,Display,Lead generation,Enterprise decision makers,Latin America,Desktop,Completed,145414,,690,568,11,669.07,3128.3,0.475,0.97,1.937,4.676,1.594,NOT_APPLICABLE,NOT_APPLICABLE,NOT_APPLICABLE,Last click
PERF-0780639,2025-10-08,CMP-131,New Product Launch,Paid Search,Conversion,Existing customers,North America,Mobile,Draft,17116,11186,665,450,46,1494.7,1610,3.885,2.25,10.222,1.077,1.53,NOT_APPLICABLE,NOT_APPLICABLE,NOT_APPLICABLE,Data-driven
PERF-0780640,2025-09-14,CMP-132,Customer Expansion,Display,Conversion,Enterprise decision makers,Europe,Mobile,Completed,124294,,651,566,13,452.67,5180.01,0.524,0.7,2.297,11.443,1.345,NOT_APPLICABLE,NOT_APPLICABLE,NOT_APPLICABLE,Last click
PERF-0780641,2025-03-18,CMP-101,Year-End Pipeline,Email,Awareness,Technical evaluators,North America,Mobile,Completed,55514,54964,2140,1551,90,415.75,31635.1,3.855,0.19,5.803,76.092,1.01,NOT_APPLICABLE,56909,23079,Last click
PERF-0780642,2025-11-04,CMP-102,Regional Awareness,Paid Search,Lead generation,Small business owners,Asia Pacific,Desktop,Active,19364,11941,824,735,51,2043.36,14048.13,4.255,2.48,6.939,6.875,1.622,NOT_APPLICABLE,NOT_APPLICABLE,NOT_APPLICABLE,Position based
PERF-0780643,2025-07-06,CMP-103,Partner Activation,Display,Website traffic,Enterprise decision makers,Asia Pacific,Mobile,Paused,55375,34167,282,218,4,215.14,1125.66,0.509,0.76,1.835,5.232,1.621,NOT_APPLICABLE,NOT_APPLICABLE,NOT_APPLICABLE,First click
PERF-0780644,2025-01-11,CMP-104,Spring Demand Gen,Paid Social,Website traffic,Technical evaluators,Asia Pacific,Mobile,Active,52191,29966,1134,987,21,1395.79,8926.45,2.173,1.23,2.128,6.395,1.742,10689,NOT_APPLICABLE,NOT_APPLICABLE,Last click
PERF-0780645,2025-04-01,CMP-105,Enterprise Demo Push,Display,Conversion,Existing customers,Asia Pacific,Tablet,Active,144430,87870,610,557,8,554.46,2841.48,0.422,0.91,1.436,5.125,1.644,NOT_APPLICABLE,NOT_APPLICABLE,NOT_APPLICABLE,Data-driven
PERF-0780646,2025-04-14,CMP-106,Mid-Market Growth,Paid Search,Lead generation,Technical evaluators,Europe,Mobile,Active,38858,28440,1369,1057,,,,3.523,2.84,9.65,9.763,1.366,NOT_APPLICABLE,NOT_APPLICABLE,NOT_APPLICABLE,Data-driven
PERF-0780647,2025-11-22,CMP-107,New Product Launch,Paid Search,Conversion,Mid-market operations,Europe,Desktop,Active,18282,8745,791,586,38,2553.06,19311.81,4.327,3.23,6.485,7.564,2.091,NOT_APPLICABLE,NOT_APPLICABLE,NOT_APPLICABLE,Last click
PERF-0780648,2025-04-04,CMP-108,Customer Expansion,Email,Awareness,Existing customers,APAC,Desktop,Active,35288,34939,1064,901,54,137.5,8017.4,3.015,0.13,5.993,58.308,1.01,NOT_APPLICABLE,35573,12351,Data-driven
PERF-0780649,2025-10-03,CMP-109,Year-End Pipeline,Paid Search,Lead generation,Technical evaluators,Asia Pacific,Mobile,Completed,27711,15660,927,791,79,2920.18,17312.67,3.345,3.15,9.987,5.929,1.77,NOT_APPLICABLE,NOT_APPLICABLE,NOT_APPLICABLE,Linear
PERF-0780650,2025-06-23,CMP-110,Regional Awareness,Paid Search,Website traffic,Existing customers,Asia Pacific,Desktop,Paused,21553,13091,1209,1050,35,2536.1,9985.01,5.609,2.1,3.333,3.937,1.646,NOT_APPLICABLE,NOT_APPLICABLE,NOT_APPLICABLE,Data-driven
PERF-0780651,2025-03-21,CMP-111,Partner Activation,Paid Social,Lead generation,Mid-market operations,North America,Desktop,Active,46165,40743,720,640,14,1041.63,3624.17,1.56,1.45,2.188,3.479,1.133,12857,NOT_APPLICABLE,NOT_APPLICABLE,Last click
PERF-0780652,2025-08-19,CMP-112,Spring Demand Gen,Email,Conversion,Mid-market operations,Europe,Mobile,Active,41901,39626,1176,974,44,225.23,11415.8,2.807,0.19,4.517,50.685,1.057,NOT_APPLICABLE,42056,11242,Data-driven
PERF-0780653,2025-10-29,CMP-113,Enterprise Demo Push,Video,Website traffic,Enterprise decision makers,Europe,Mobile,Active,60391,52150,649,612,9,588.64,2319.72,1.075,0.91,1.471,3.941,1.158,21787,NOT_APPLICABLE,NOT_APPLICABLE,Data-driven
PERF-0780654,2025-09-15,CMP-114,Mid-Market Growth,Display,Lead generation,Technical evaluators,North America,Mobile,Completed,70411,49056,286,225,2,237.13,428.15,0.406,0.83,0.889,1.806,1.435,NOT_APPLICABLE,NOT_APPLICABLE,NOT_APPLICABLE,Last click
PERF-0780655,2025-06-24,CMP-115,New Product Launch,Paid Search,Conversion,Technical evaluators,Latin America,Desktop,Completed,500,300,12,11,1,21.13,408.61,2.4,1.76,9.091,19.338,1.667,NOT_APPLICABLE,NOT_APPLICABLE,NOT_APPLICABLE,Last click
PERF-0780656,2025-08-02,CMP-116,Customer Expansion,Display,Lead generation,,Europe,Desktop,Active,50826,33528,291,263,4,219.07,948.42,0.573,0.75,1.521,4.329,1.516,NOT_APPLICABLE,NOT_APPLICABLE,NOT_APPLICABLE,Last click
PERF-0780657,2025-02-05,CMP-117,Year-End Pipeline,Video,Lead generation,Small business owners,Europe,Tablet,Completed,54199,35144,141,127,2,164.66,407.56,0.26,1.17,1.575,2.475,1.542,22750,NOT_APPLICABLE,NOT_APPLICABLE,Last click
PERF-0780658,2025-08-25,CMP-118,Regional Awareness,Paid Search,Awareness,Mid-market operations,Europe,Desktop,Active,33106,23495,1380,922,63,,14606.38,4.168,3.55,6.833,2.981,1.409,NOT_APPLICABLE,NOT_APPLICABLE,NOT_APPLICABLE,Data-driven
PERF-0780659,2025-09-03,CMP-119,Partner Activation,Organic Social,Lead generation,Existing customers,North America,Mobile,Completed,23545,19452,220,207,7,13.9,1085.63,0.934,0.06,3.382,78.103,1.21,9776,NOT_APPLICABLE,NOT_APPLICABLE,Data-driven
PERF-0780660,2025-08-03,CMP-120,Spring Demand Gen,Paid Social,Retention,Small business owners,Asia Pacific,Desktop,Active,32916,20271,457,328,10,485.35,6956.29,1.388,1.06,3.049,14.333,1.624,10948,NOT_APPLICABLE,NOT_APPLICABLE,First click
PERF-0780661,2025-03-21,CMP-121,Enterprise Demo Push,Paid Social,Retention,Enterprise decision makers,North America,Mobile,Active,59262,38147,1292,1272,26,2077.29,6986.22,2.18,1.61,2.044,3.363,1.554,25843,NOT_APPLICABLE,NOT_APPLICABLE,Last click
PERF-0780662,2025-01-29,CMP-122,Mid-Market Growth,Paid Social,Lead generation,Existing customers,Europe,Desktop,Completed,62406,39677,1039,890,17,1170.65,5723.52,1.665,1.13,1.91,4.889,1.573,14782,NOT_APPLICABLE,NOT_APPLICABLE,Position based
PERF-0780663,2025-10-31,CMP-123,New Product Launch,Video,Conversion,Enterprise decision makers,North America,Desktop,Active,77212,45899,575,506,12,568.31,4022.37,0.745,0.99,2.372,7.078,1.682,18559,NOT_APPLICABLE,NOT_APPLICABLE,First click
PERF-0780664,2025-04-06,CMP-124,Customer Expansion,Paid Search,Awareness,Existing customers,North America,Mobile,Completed,25113,12930,1259,1145,108,3461.89,20432.46,5.013,2.75,9.432,5.902,1.942,NOT_APPLICABLE,NOT_APPLICABLE,NOT_APPLICABLE,Data-driven
PERF-0780665,2025-09-06,CMP-125,Year-End Pipeline,Paid Social,Lead generation,Technical evaluators,Europe,Mobile,Completed,17388,10919,203,163,5,280.07,833.98,1.167,1.38,3.067,2.978,1.592,6765,NOT_APPLICABLE,NOT_APPLICABLE,Position based
PERF-0780666,2025-11-02,CMP-126,Regional Awareness,Paid Social,Lead Gen,Technical evaluators,North America,Desktop,Active,46370,22814,456,400,17,637.48,4827.07,0.983,6.29,4.25,7.572,2.033,12729,NOT_APPLICABLE,NOT_APPLICABLE,Data-driven
PERF-0780667,2025-04-01,CMP-127,Partner Activation,Organic Social,Awareness,Mid-market operations,Latin America,Mobile,Completed,58971,36794,594,528,10,38.31,3106.67,1.007,0.06,1.894,81.093,1.603,15802,NOT_APPLICABLE,NOT_APPLICABLE,Data-driven
PERF-0780668,2025-04-23,CMP-128,Spring Demand Gen,Paid Social,Lead generation,Existing customers,Europe,Mobile,Active,48181,35434,589,538,19,776.24,6512.46,1.222,1.32,3.532,8.39,1.36,14855,NOT_APPLICABLE,NOT_APPLICABLE,Last click
PERF-0780669,2025-05-21,CMP-129,Enterprise Demo Push,Affiliate,Lead generation,Existing customers,North America,Tablet,Completed,23170,11551,274,251,11,481.81,2328.62,1.183,1.76,4.382,4.833,2.006,NOT_APPLICABLE,NOT_APPLICABLE,NOT_APPLICABLE,Data-driven
PERF-0780670,2025-11-22,CMP-130,Mid-Market Growth,Email,Awareness,Technical evaluators,Europe,Desktop,Completed,63724,56938,2220,1700,71,440.37,22568.84,3.484,0.2,4.176,51.25,1.119,NOT_APPLICABLE,64592,26150,Last click
PERF-0780671,2025-11-02,CMP-131,New Product Launch,Paid Search,Conversion,Mid-market operations,Europe,Mobile,Paused,12647,8914,630,487,37,1491.79,13696.47,4.981,2.37,7.598,9.181,1.419,NOT_APPLICABLE,NOT_APPLICABLE,NOT_APPLICABLE,Last click
PERF-0780672,2025-11-02,CMP-132,Customer Expansion,Paid Social,Awareness,Existing customers,Asia Pacific,Desktop,Active,46983,25833,606,538,21,909.53,7105.25,1.29,1.5,3.903,7.812,1.819,18752,NOT_APPLICABLE,NOT_APPLICABLE,Last click
PERF-0780673,2025-02-02,CMP-101,Year-End Pipeline,Paid Social,Lead generation,Technical evaluators,North America,Desktop,Completed,44339,20872,697,595,19,883.01,3241.64,1.572,1.27,3.193,3.671,2.124,18857,NOT_APPLICABLE,NOT_APPLICABLE,First click
PERF-0780674,2025-08-27,CMP-102,Regional Awareness,Paid Search,Lead generation,Enterprise decision makers,Middle East and Africa,Desktop,Active,20275,12347,773,608,40,1900.93,8689.4,3.813,2.46,6.579,4.571,1.642,NOT_APPLICABLE,NOT_APPLICABLE,NOT_APPLICABLE,Data-driven
PERF-0780675,2025-05-23,CMP-103,Partner Activation,Paid Social,Website traffic,Technical evaluators,North America,Mobile,Active,55373,39919,1049,849,33,1156.38,7191.39,1.894,1.1,3.887,6.219,1.387,21687,NOT_APPLICABLE,NOT_APPLICABLE,Last click
PERF-0780676,2025-01-26,CMP-104,Spring Demand Gen,Paid Social,Conversion,Technical evaluators,Middle East and Africa,Mobile,Active,71519,39608,1062,1062,42,1310.96,20082.18,1.485,1.23,3.955,15.319,1.806,39441,NOT_APPLICABLE,NOT_APPLICABLE,First click
PERF-0780677,2025-06-04,CMP-105,Enterprise Demo Push,Email,Lead generation,Existing customers,Asia Pacific,Mobile,Paused,52947,39642,1208,880,51,223.56,15345.84,2.282,0.19,5.795,68.643,1.336,NOT_APPLICABLE,53260,16884,Position based
PERF-0780678,2025-04-10,CMP-106,Mid-Market Growth,Paid Social,Lead generation,Enterprise decision makers,Asia Pacific,Mobile,Active,76423,57074,753,630,22,"$12,430.75",6076.74,0.985,1.48,3.492,5.443,1.339,39278,NOT_APPLICABLE,NOT_APPLICABLE,Data-driven
PERF-0780679,2025-12-19,CMP-107,New Product Launch,Paid Social,Awareness,Small business owners,Europe,Desktop,Paused,24366,12290,462,383,8,622.69,1970.21,1.896,1.35,2.089,3.164,1.983,10598,NOT_APPLICABLE,NOT_APPLICABLE,Data-driven
PERF-0780680,2025-07-07,CMP-108,Customer Expansion,Organic Social,Lead generation,Enterprise decision makers,Latin America,Mobile,Active,41459,28702,721,478,14,33.39,4882.47,1.739,0.05,2.929,146.226,1.444,8618,NOT_APPLICABLE,NOT_APPLICABLE,Last click
PERF-0780681,2025-05-01,CMP-109,Year-End Pipeline,DISPLAY,Lead generation,Mid-market operations,North America,Desktop,Active,91940,57006,473,435,3,427.82,725.42,0.514,0.9,0.69,1.696,1.613,NOT_APPLICABLE,NOT_APPLICABLE,NOT_APPLICABLE,Last click
PERF-0780682,2025-11-26,CMP-110,Regional Awareness,Organic Social,Lead generation,Mid-market operations,North America,Desktop,Completed,33298,25731,290,275,10,18.58,3061.57,0.871,0.06,3.636,164.778,1.294,17622,NOT_APPLICABLE,NOT_APPLICABLE,DDA
PERF-0780683,2025-05-18,CMP-111,Partner Activation,Display,Website traffic,Small business owners,Middle East and Africa,Desktop,Active,131387,,726,580,4,658.61,1726.13,0.553,0.91,0.69,2.621,1.01,NOT_APPLICABLE,NOT_APPLICABLE,NOT_APPLICABLE,First click
PERF-0780684,2025-12-18,CMP-112,Spring Demand Gen,Paid Social,Website traffic,Mid-market operations,Europe,Desktop,Paused,46507,31943,759,694,15,930.86,5057.75,1.632,1.23,2.161,5.433,1.456,10278,NOT_APPLICABLE,NOT_APPLICABLE,Data-driven
PERF-0780685,2025-11-21,CMP-113,Enterprise Demo Push,Paid Search,Lead generation,Enterprise decision makers,Europe,Desktop,Paused,31636,17342,1187,1098,,3369.45,23552.82,3.752,2.84,9.107,6.99,1.824,NOT_APPLICABLE,NOT_APPLICABLE,NOT_APPLICABLE,Data-driven
PERF-0780686,2025-05-24,CMP-114,Mid-Market Growth,Email,Lead generation,Existing customers,Europe,Desktop,Completed,64465,38127,2008,1827,67,319.69,22074.74,3.115,0.16,3.667,69.05,1.691,NOT_APPLICABLE,64770,23901,Last click
PERF-0780687,2025-04-24,CMP-115,New Product Launch,Paid Search,Website traffic,Mid-market operations,Europe,Mobile,Draft,34301,19275,2005,1780,139,,34498.8,5.845,2.83,7.809,6.088,1.78,NOT_APPLICABLE,NOT_APPLICABLE,NOT_APPLICABLE,First click
PERF-0780688,2025-12-16,CMP-116,Customer Expansion,Paid Social,Lead generation,Mid-market operations,North America,Desktop,Completed,36657,19211,456,358,14,609.09,3877.17,1.244,1.34,3.911,6.366,1.908,13767,NOT_APPLICABLE,NOT_APPLICABLE,Data-driven
PERF-0780689,2025-01-05,CMP-117,Year-End Pipeline,Affiliate,Website traffic,Small business owners,North America,Desktop,Active,20854,11867,501,438,15,752.71,4041.3,2.402,1.5,3.425,5.369,1.757,NOT_APPLICABLE,NOT_APPLICABLE,NOT_APPLICABLE,Data-driven
PERF-0780690,2025-05-22,CMP-118,Regional Awareness,Email,Lead generation,Mid-market operations,Europe,Mobile,Paused,55163,54617,1797,1657,58,355.33,17738.25,3.258,0.2,3.5,49.92,1.01,NOT_APPLICABLE,57442,17367,First click
PERF-0780691,2025-11-06,CMP-119,Partner Activation,Video,Lead generation,Small business owners,Middle East and Africa,Desktop,Active,148099,80480,944,761,17,1094.02,4829.46,0.637,1.16,2.234,4.414,1.84,32981,NOT_APPLICABLE,NOT_APPLICABLE,Last click
PERF-0780692,2025-09-13,CMP-120,Spring Demand Gen,Paid Search,Retention,Enterprise decision makers,North America,Mobile,Active,21067,13155,581,522,30,1473.74,25140.16,2.758,2.54,5.747,17.059,1.601,NOT_APPLICABLE,NOT_APPLICABLE,NOT_APPLICABLE,Last click
PERF-0780693,2025-08-02,CMP-121,Enterprise Demo Push,Email,Conversion,Small business owners,Europe,Desktop,Paused,38856,38471,605,472,20,77.4,3051.46,1.557,0.13,4.237,39.425,1.01,NOT_APPLICABLE,39389,14992,Data-driven
PERF-0780694,2025-12-07,CMP-122,Mid-Market Growth,Paid Search,Conversion,Enterprise decision makers,Europe,Mobile,Active,24863,13557,914,820,72,2799.55,6189.49,3.676,3.06,8.78,2.211,1.834,NOT_APPLICABLE,NOT_APPLICABLE,NOT_APPLICABLE,Data-driven
PERF-0780695,2025-04-27,CMP-123,New Product Launch,Paid Search,Lead generation,Enterprise decision makers,Europe,Desktop,Draft,23836,13398,877,849,45,2524.35,12552.66,3.679,2.88,5.3,4.973,1.779,NOT_APPLICABLE,NOT_APPLICABLE,NOT_APPLICABLE,Linear
PERF-0780696,2025-09-23,CMP-124,Customer Expansion,Display,Awareness,Mid-market operations,Latin America,Desktop,Active,81752,50719,449,385,8,291.96,1735.5,0.549,0.65,2.078,5.944,1.612,NOT_APPLICABLE,NOT_APPLICABLE,NOT_APPLICABLE,Data-driven
PERF-0780697,2025-12-28,CMP-125,Year-End Pipeline,Paid Social,Conversion,Enterprise decision makers,Middle East and Africa,Desktop,Active,63150,36018,447,374,16,501.43,4467.49,0.708,1.12,4.278,8.909,1.753,19472,NOT_APPLICABLE,NOT_APPLICABLE,Linear
PERF-0780698,2025-05-04,CMP-126,Regional Awareness,Video,Awareness,Existing customers,North America,Mobile,Active,62897,42142,448,331,8,391.57,1739.35,0.712,0.87,2.417,4.442,1.493,18116,NOT_APPLICABLE,NOT_APPLICABLE,Data-driven
PERF-0780699,2025-03-09,CMP-127,Partner Activation,Paid Search,Lead generation,Small business owners,North America,Mobile,Active,24855,19121,1651,1270,,,19220.56,6.643,2.72,7.48,4.28,1.3,NOT_APPLICABLE,NOT_APPLICABLE,NOT_APPLICABLE,Last click
PERF-0780700,2025-11-25,CMP-128,Spring Demand Gen,Video,Website traffic,Enterprise decision makers,North America,Desktop,Active,59226,43094,531,421,8,507.49,2410.42,0.897,0.96,1.9,4.75,1.374,26103,NOT_APPLICABLE,NOT_APPLICABLE,Data-driven
PERF-0780701,2025-01-08,CMP-129,Enterprise Demo Push,Paid Search,Lead generation,Small business owners,Europe,Mobile,Active,7163,4891,376,347,15,887.14,3604.38,5.249,2.36,4.323,4.063,1.465,NOT_APPLICABLE,NOT_APPLICABLE,NOT_APPLICABLE,First click
PERF-0780702,2025-12-15,CMP-130,Mid-Market Growth,Email,Retention,Small business owners,North America,Desktop,Active,42600,42178,975,860,37,207.62,20114.67,2.289,0.21,4.302,96.882,1.01,NOT_APPLICABLE,42127,17800,Last click
PERF-0780703,2025-07-11,CMP-131,New Product Launch,Paid Search,Conversion,Enterprise decision makers,North America,Tablet,Completed,10477,10100,580,493,50,1318.17,30461.86,5.536,2.27,10.142,23.109,1.037,NOT_APPLICABLE,NOT_APPLICABLE,NOT_APPLICABLE,Last click
PERF-0780704,2025-07-13,CMP-132,Customer Expansion,Video,Website traffic,Small business owners,North America,Desktop,Active,106200,65138,970,814,17,1114.78,4336.32,0.913,1.15,2.088,3.89,1.63,46568,NOT_APPLICABLE,NOT_APPLICABLE,Data-driven
PERF-0780705,2025-06-17,CMP-101,Year-End Pipeline,Affiliate,Conversion,Enterprise decision makers,Europe,Desktop,Completed,37845,22961,396,297,15,758.74,3669.96,1.046,1.92,5.051,4.837,1.648,NOT_APPLICABLE,NOT_APPLICABLE,NOT_APPLICABLE,Last click
PERF-0780706,2025-07-10,CMP-102,Regional Awareness,Email,Conversion,Existing customers,Europe,Desktop,Active,31769,25925,841,817,53,205.07,12261.25,2.647,0.24,6.487,59.791,1.225,NOT_APPLICABLE,32397,10760,Linear
PERF-0780707,2025-07-03,CMP-103,Partner Activation,Affiliate,Lead generation,Mid-market operations,Europe,Mobile,Active,33164,22570,693,519,35,1039.11,10596.91,2.09,1.5,6.744,10.198,1.469,NOT_APPLICABLE,NOT_APPLICABLE,NOT_APPLICABLE,Data-driven
PERF-0780708,2025-09-07,CMP-104,Spring Demand Gen,Affiliate,Website traffic,Technical evaluators,Europe,Tablet,Active,37887,20784,1019,882,46,1772.36,8536.99,2.69,1.74,5.215,4.817,1.823,NOT_APPLICABLE,NOT_APPLICABLE,NOT_APPLICABLE,Linear
PERF-0780709,2025-04-07,CMP-105,Enterprise Demo Push,Paid Social,Awareness,Mid-market operations,Asia Pacific,Desktop,Draft,60637,38454,1126,1026,31,-95,7592.41,1.857,1.57,3.021,4.291,1.577,31061,NOT_APPLICABLE,NOT_APPLICABLE,Position based
PERF-0780710,2025-09-13,CMP-106,Mid-Market Growth,Paid Social,Awareness,Mid-market operations,Asia Pacific,Mobile,Active,38237,21423,391,323,13,464.59,2219.8,1.023,1.19,4.025,4.778,1.785,13099,NOT_APPLICABLE,NOT_APPLICABLE,Data-driven
PERF-0780711,2025-08-12,CMP-107,New Product Launch,Paid Social,Website traffic,Mid-market operations,Asia Pacific,Mobile,Paused,66079,39037,749,653,19,1045.98,7393.04,1.133,1.4,2.91,7.068,1.693,38241,NOT_APPLICABLE,NOT_APPLICABLE,Last click
PERF-0780712,2025-03-14,CMP-108,Customer Expansion,Email,Lead generation,Enterprise decision makers,North America,Desktop,Active,39579,39187,1238,1012,64,201.71,21565.98,3.128,0.16,6.324,106.916,1.01,NOT_APPLICABLE,40418,14506,Last click
PERF-0780713,2025-02-17,CMP-109,Year-End Pipeline,Paid Search,Lead generation,Enterprise decision makers,North America,Desktop,Active,30200,18693,900,841,65,2166.17,15480.51,2.98,2.41,7.729,7.146,1.616,NOT_APPLICABLE,NOT_APPLICABLE,NOT_APPLICABLE,Linear
PERF-0780714,2025-09-15,CMP-110,Regional Awareness,Email,Conversion,Existing customers,Middle East and Africa,Desktop,Active,38919,38534,1296,1165,,286.18,24740.15,3.33,0.22,8.24,86.45,1.01,NOT_APPLICABLE,38952,10496,First click
PERF-0780715,2025-02-03,CMP-111,Partner Activation,Paid Search,Awareness,,Latin America,Desktop,Active,14744,7208,743,592,37,1361.72,7566.92,5.039,1.83,6.25,5.557,2.046,NOT_APPLICABLE,NOT_APPLICABLE,NOT_APPLICABLE,Last click
PERF-0780716,2025-05-23,CMP-112,Spring Demand Gen,Paid Social,Website traffic,Technical evaluators,North America,Desktop,Active,37406,27665,795,689,27,1295.38,8546.48,2.125,1.63,3.919,6.598,1.352,9652,NOT_APPLICABLE,NOT_APPLICABLE,Last click
PERF-0780717,2025-11-16,CMP-113,Enterprise Demo Push,Paid Search,Lead generation,Existing customers,North America,Mobile,Completed,28797,18279,1038,752,63,3184.73,27599.61,3.605,3.07,8.378,8.666,1.575,NOT_APPLICABLE,NOT_APPLICABLE,NOT_APPLICABLE,Data-driven
PERF-0780718,2025-05-29,CMP-114,Mid-Market Growth,Video,Lead generation,Existing customers,Middle East and Africa,Mobile,Completed,83507,49208,578,492,13,714.67,4515.56,0.692,1.24,2.642,6.318,1.697,42283,NOT_APPLICABLE,NOT_APPLICABLE,Linear
PERF-0780719,2025-09-21,CMP-115,New Product Launch,Display,Website traffic,Technical evaluators,Middle East and Africa,Desktop,Active,88848,57516,619,600,9,574.6,2467.92,0.697,0.93,1.5,4.295,1.545,NOT_APPLICABLE,NOT_APPLICABLE,NOT_APPLICABLE,Linear
PERF-0780720,2025-04-18,CMP-116,Customer Expansion,Paid Search,Lead generation,Mid-market operations,Europe,Desktop,Active,15677,9914,728,728,38,2424,7631.75,4.644,3.33,5.22,3.148,1.581,NOT_APPLICABLE,NOT_APPLICABLE,NOT_APPLICABLE,Last click
PERF-0780721,2025-04-24,CMP-117,Year-End Pipeline,Paid Social,Conversion,Existing customers,Europe,Desktop,Active,61533,32061,951,896,43,1091.65,14363.45,1.546,1.15,4.799,13.158,1.919,21336,NOT_APPLICABLE,NOT_APPLICABLE,Data-driven
PERF-0780722,06/27/2025,CMP-118,Regional Awareness,Video,Awareness,Small business owners,Asia Pacific,Desktop,Active,95341,58839,559,450,12,565.6,3043.8,0.586,1.01,2.667,5.382,1.62,29347,NOT_APPLICABLE,NOT_APPLICABLE,Data-driven
PERF-0780723,2025-12-12,CMP-119,Partner Activation,Paid Search,Retention,Mid-market operations,Europe,Mobile,Completed,12755,6102,466,417,35,1136.87,26422.16,3.653,2.44,8.393,23.241,2.09,NOT_APPLICABLE,NOT_APPLICABLE,NOT_APPLICABLE,Data-driven
PERF-0780724,2025-01-28,CMP-120,Spring Demand Gen,Display,Awareness,Small business owners,Latin America,Mobile,Active,184372,,921,783,14,1011.66,5046.51,0.5,1.1,1.788,4.988,1.518,NOT_APPLICABLE,NOT_APPLICABLE,NOT_APPLICABLE,First click
PERF-0780725,2025-01-26,CMP-121,Enterprise Demo Push,Paid Search,Awareness,Mid-market operations,Middle East and Africa,Tablet,Active,19587,11024,1101,1083,68,2538.52,20773.55,5.621,2.31,6.279,8.183,1.777,NOT_APPLICABLE,NOT_APPLICABLE,NOT_APPLICABLE,Data-driven
PERF-0780726,2025-05-24,CMP-122,Mid-Market Growth,Video,Awareness,Mid-market operations,North America,Mobile,Completed,107270,54495,1065,838,13,1224.37,3545.52,0.993,1.15,1.551,2.896,1.968,38120,NOT_APPLICABLE,NOT_APPLICABLE,Position based
PERF-0780727,2025-10-20,CMP-123,New Product Launch,Paid Search,Retention,Small business owners,NA,Mobile,Active,34385,22086,1488,1169,99,,,4.327,2.71,8.469,12.022,1.557,NOT_APPLICABLE,NOT_APPLICABLE,NOT_APPLICABLE,Last click
PERF-0780728,2025-04-13,CMP-124,Customer Expansion,Paid Search,Website traffic,Enterprise decision makers,North America,Desktop,Completed,22001,14057,1115,957,39,2629.99,6532.37,5.068,2.36,4.075,2.484,1.565,NOT_APPLICABLE,NOT_APPLICABLE,NOT_APPLICABLE,Last click
PERF-0780729,2025-02-26,CMP-125,Year-End Pipeline,Video,Awareness,Mid-market operations,North America,Mobile,Paused,128023,62690,679,579,10,803.48,3648.45,0.53,1.18,1.727,4.541,2.042,71527,NOT_APPLICABLE,NOT_APPLICABLE,Last click
PERF-0780730,2025-05-13,CMP-126,Regional Awareness,Affiliate,Website traffic,Mid-market operations,Asia Pacific,Tablet,Draft,19562,12993,419,357,17,788.62,5880.85,2.142,1.88,4.762,7.457,1.506,NOT_APPLICABLE,NOT_APPLICABLE,NOT_APPLICABLE,First click
PERF-0780731,2025-09-15,CMP-127,Partner Activation,Paid Social,Lead generation,Mid-market operations,North America,Mobile,Active,79655,44265,1130,883,32,1802.61,8055.13,1.419,1.6,3.624,4.469,1.8,34985,NOT_APPLICABLE,NOT_APPLICABLE,Data-driven
PERF-0780732,2025-10-28,CMP-128,Spring Demand Gen,Email,Lead generation,Enterprise decision makers,Europe,Desktop,Active,30732,30428,445,352,21,83.78,4317.18,1.448,0.19,5.966,51.53,1.01,NOT_APPLICABLE,30543,9180,Last click
PERF-0780733,2025-04-29,CMP-129,Enterprise Demo Push,Paid Social,Awareness,Enterprise decision makers,Asia Pacific,Desktop,Active,26484,14746,371,324,11,319.23,3067.62,1.401,0.86,3.395,9.609,1.796,14032,NOT_APPLICABLE,NOT_APPLICABLE,Data-driven
PERF-0780733,2025-04-21,CMP-130,Mid-Market Growth,Paid Search,Lead generation,Mid-market operations,Europe,Desktop,Paused,27971,18060,1168,883,75,3191.88,21532.12,4.176,2.73,8.494,6.746,1.549,NOT_APPLICABLE,NOT_APPLICABLE,NOT_APPLICABLE,Linear
PERF-0780735,2025-03-17,CMP-131,New Product Launch,Email,Awareness,Existing customers,North America,Mobile,Active,46926,46461,1896,1480,88,366.71,19917.73,4.04,0.19,5.946,54.315,1.01,NOT_APPLICABLE,47728,12534,First click
PERF-0780736,2025-01-24,CMP-132,Customer Expansion,Paid Social,Conversion,Small business owners,Asia Pacific,Desktop,Completed,49852,29108,395,323,12,554.71,5243.3,0.792,1.4,3.715,9.452,1.713,26605,NOT_APPLICABLE,NOT_APPLICABLE,Data-driven
PERF-0780737,2025-03-01,CMP-101,Year-End Pipeline,Paid Social,Lead generation,Mid-market operations,North America,Tablet,Active,62577,36744,888,886,26,1236.75,2626.08,1.419,1.39,2.935,2.123,1.703,28534,NOT_APPLICABLE,NOT_APPLICABLE,Linear
PERF-0780738,2025-11-17,CMP-102,Regional Awareness,Email,Awareness,Enterprise decision makers,North America,Desktop,Draft,45457,44966,1234,1072,35,243.05,9282.56,2.715,0.2,3.265,38.192,1.011,NOT_APPLICABLE,46696,17623,Last click
PERF-0780739,2025-07-27,CMP-103,Partner Activation,Paid Social,Lead Gen,Mid-market operations,North America,Mobile,Completed,63203,32207,524,412,14,723.3,3405.08,0.829,1.38,3.398,4.708,1.962,23751,NOT_APPLICABLE,NOT_APPLICABLE,Position based
PERF-0780740,2025-10-28,CMP-104,Spring Demand Gen,Organic Social,Website traffic,Mid-market operations,Europe,Mobile,Active,43503,26601,472,389,9,27.63,1570.11,1.085,0.06,2.314,56.826,1.635,16897,NOT_APPLICABLE,NOT_APPLICABLE,First click
PERF-0780741,2025-05-08,CMP-105,Enterprise Demo Push,Paid Social,Conversion,Mid-market operations,North America,Desktop,Completed,82119,62878,981,916,33,1531.1,7501.96,1.195,1.56,3.603,4.9,1.306,16314,NOT_APPLICABLE,NOT_APPLICABLE,First click
PERF-0780742,2025-08-03,CMP-106,Mid-Market Growth,Affiliate,Conversion,Technical evaluators,Latin America,Mobile,Active,29499,21251,504,450,22,890000,13497.37,1.709,1.69,4.889,15.856,1.388,NOT_APPLICABLE,NOT_APPLICABLE,NOT_APPLICABLE,First click
PERF-0780743,2025-06-25,CMP-107,New Product Launch,Display,Lead generation,Existing customers,Middle East and Africa,Mobile,Active,18948,12264,80,80,1,63.21,364.87,0.422,0.79,1.25,5.772,1.545,NOT_APPLICABLE,NOT_APPLICABLE,NOT_APPLICABLE,Last click
PERF-0780744,2025-12-01,CMP-108,Customer Expansion,Affiliate,Conversion,Small business owners,Latin America,Desktop,Active,37740,15535,842,732,50,1295.69,15290.16,2.231,1.54,6.831,11.801,2.429,NOT_APPLICABLE,NOT_APPLICABLE,NOT_APPLICABLE,Last click
PERF-0780745,2025-02-27,CMP-109,Year-End Pipeline,Paid Social,Conversion,Enterprise decision makers,Asia Pacific,Desktop,Paused,31073,17508,343,281,10,441.63,3886.31,1.104,1.29,3.559,8.8,1.775,13897,NOT_APPLICABLE,NOT_APPLICABLE,Last click
PERF-0780746,2025-03-11,CMP-110,Regional Awareness,Display,Lead generation,Enterprise decision makers,Europe,Mobile,Active,133346,77217,864,639,7,740.23,2059.13,0.648,0.86,1.095,2.782,1.727,NOT_APPLICABLE,NOT_APPLICABLE,NOT_APPLICABLE,Data-driven
PERF-0780747,2025-12-28,CMP-111,Partner Activation,Display,Conversion,Mid-market operations,North America,Desktop,Active,112334,64805,592,530,14,520.55,6719.96,0.527,0.88,2.642,12.909,1.733,NOT_APPLICABLE,NOT_APPLICABLE,NOT_APPLICABLE,Last click
PERF-0780748,2025-04-26,CMP-112,Spring Demand Gen,Meta,Lead generation,Enterprise decision makers,Europe,Mobile,Active,53625,47961,698,474,14,979.37,4043.54,1.302,1.4,2.954,4.129,1.118,21072,NOT_APPLICABLE,NOT_APPLICABLE,Last click
PERF-0780749,2025-01-25,CMP-113,Enterprise Demo Push,Email,Website traffic,Existing customers,Latin America,Desktop,Active,27353,27082,647,534,28,137.54,5430.38,2.365,0.21,5.243,39.482,1.01,NOT_APPLICABLE,27774,7052,Data-driven
PERF-0780750,2025-11-15,CMP-114,Mid-Market Growth,Video,Awareness,Enterprise decision makers,North America,Tablet,Completed,98205,58318,617,563,9,447.73,1955.85,0.628,0.73,1.599,4.368,1.684,36706,NOT_APPLICABLE,NOT_APPLICABLE,Last click
PERF-0780751,2025-08-05,CMP-115,New Product Launch,Paid Search,Lead generation,Mid-market operations,Asia Pacific,Mobile,Active,27517,19201,1352,1055,43,3198.09,18819.15,4.913,2.37,4.076,5.884,1.433,NOT_APPLICABLE,NOT_APPLICABLE,NOT_APPLICABLE,Linear
PERF-0780752,2025-01-09,CMP-116,Customer Expansion,Organic Social,Lead generation,Mid-market operations,Europe,Mobile,Draft,25171,15314,252,239,5,12.79,1407.37,1.001,0.05,2.092,110.037,1.644,7671,NOT_APPLICABLE,NOT_APPLICABLE,Last click
PERF-0780753,2025-01-11,CMP-117,Year-End Pipeline,Paid Social,Awareness,Mid-market operations,North America,Desktop,Active,44511,22973,504,374,13,650.52,1578.56,1.132,1.29,3.476,2.427,1.938,13327,NOT_APPLICABLE,NOT_APPLICABLE,Data-driven
PERF-0780754,2025-05-09,CMP-118,Regional Awareness,Paid Search,Lead generation,Mid-market operations,Europe,Desktop,Active,13947,8341,432,404,31,1357.83,9803.25,3.097,3.14,7.673,7.22,1.672,NOT_APPLICABLE,NOT_APPLICABLE,NOT_APPLICABLE,Linear
PERF-0780755,2025-01-11,CMP-119,Partner Activation,Paid Search,Lead generation,Small business owners,Latin America,Desktop,Active,33680,20590,1341,1158,,3807.79,,3.982,2.84,8.636,10.346,1.636,NOT_APPLICABLE,NOT_APPLICABLE,NOT_APPLICABLE,Last click
PERF-0780756,2025-03-21,CMP-120,Spring Demand Gen,Display,Website traffic,Existing customers,North America,Mobile,Completed,128296,,697,612,12,679.48,4332.56,0.543,0.97,1.961,6.376,1.01,NOT_APPLICABLE,NOT_APPLICABLE,NOT_APPLICABLE,Last click
PERF-0780757,2025-01-25,CMP-121,Enterprise Demo Push,Display,Awareness,Technical evaluators,Europe,Desktop,Completed,119416,,517,517,7,461.05,2025.57,0.433,0.89,1.354,4.393,1.172,NOT_APPLICABLE,NOT_APPLICABLE,NOT_APPLICABLE,Data-driven
PERF-0780758,2025-11-23,CMP-122,Mid-Market Growth,Paid Search,Conversion,Technical evaluators,Europe,Mobile,Completed,12498,7691,503,428,38,1812.12,15106.29,4.025,3.6,8.879,8.336,1.625,NOT_APPLICABLE,NOT_APPLICABLE,NOT_APPLICABLE,Linear
PERF-0780759,2025-07-14,CMP-123,New Product Launch,Paid Search,Lead generation,Small business owners,Asia Pacific,Mobile,Active,19432,12117,1074,764,70,3616.87,29478.81,5.527,3.37,9.162,8.15,1.604,NOT_APPLICABLE,NOT_APPLICABLE,NOT_APPLICABLE,Last click
PERF-0780760,2025-11-22,CMP-124,Customer Expansion,Paid Social,Website traffic,Small business owners,Europe,Desktop,Active,70637,41137,957,813,13,1283.42,5265.73,1.355,1.34,1.599,4.103,1.717,29289,NOT_APPLICABLE,NOT_APPLICABLE,Linear
PERF-0780761,2025-12-25,CMP-125,Year-End Pipeline,Affiliate,Website traffic,Existing customers,Asia Pacific,Mobile,Active,27069,15570,518,489,24,1084.95,4008.63,1.914,2.09,4.908,3.695,1.739,NOT_APPLICABLE,NOT_APPLICABLE,NOT_APPLICABLE,Linear
PERF-0780762,2025-08-07,CMP-126,Regional Awareness,Email,Awareness,Mid-market operations,Asia Pacific,Desktop,Active,46317,38807,1908,1570,104,334.84,26612.2,4.119,0.18,6.624,79.477,1.194,NOT_APPLICABLE,46976,12380,First click
PERF-0780763,2025-01-02,CMP-127,Partner Activation,Paid Search,Awareness,Small business owners,North America,Tablet,Active,19336,15040,957,680,73,2765.86,17089.35,4.949,2.89,10.735,6.179,1.286,NOT_APPLICABLE,NOT_APPLICABLE,NOT_APPLICABLE,First click
PERF-0780764,2025-06-27,CMP-128,Spring Demand Gen,Display,Website traffic,Small business owners,Asia Pacific,Mobile,Active,75783,37385,511,455,9,533.35,2610.67,0.674,1.04,1.978,4.895,2.027,NOT_APPLICABLE,NOT_APPLICABLE,NOT_APPLICABLE,Data-driven
PERF-0780765,2025-06-09,CMP-129,Enterprise Demo Push,Organic Social,Conversion,Technical evaluators,Europe,Mobile,Active,50619,22159,829,701,20,55.16,8766.89,1.638,0.07,2.853,158.936,2.284,13477,NOT_APPLICABLE,NOT_APPLICABLE,last-click
PERF-0780766,2025-11-20,CMP-130,Mid-Market Growth,Paid Search,Lead generation,Enterprise decision makers,North America,Mobile,Completed,10221,5507,382,242,13,1159.11,1376.56,3.737,3.03,5.372,1.188,1.856,NOT_APPLICABLE,NOT_APPLICABLE,NOT_APPLICABLE,Data-driven
PERF-0780767,2025-10-04,CMP-131,New Product Launch,Video,Lead generation,Small business owners,Europe,Desktop,Completed,57457,35109,418,354,5,404.57,1740.54,0.728,0.97,1.412,4.302,1.637,26199,NOT_APPLICABLE,NOT_APPLICABLE,Data-driven
PERF-0780768,2025-10-16,CMP-132,Customer Expansion,Paid Search,Awareness,Enterprise decision makers,North America,Desktop,Active,10774,5757,465,340,20,1520.55,7404.92,4.316,3.27,5.882,4.87,1.871,NOT_APPLICABLE,NOT_APPLICABLE,NOT_APPLICABLE,Last click
PERF-0780769,2025-11-19,CMP-101,Year-End Pipeline,Video,Awareness,Enterprise decision makers,Asia Pacific,Desktop,Active,72833,35852,819,675,7,898.57,2789.94,1.124,1.1,1.037,3.105,2.031,18997,NOT_APPLICABLE,NOT_APPLICABLE,Data-driven
PERF-0780770,2025-09-27,CMP-102,Regional Awareness,Paid Search,Conversion,Technical evaluators,North America,Desktop,Completed,10462,5310,316,260,22,781.04,10259.6,3.02,2.47,8.462,13.136,1.97,NOT_APPLICABLE,NOT_APPLICABLE,NOT_APPLICABLE,Data-driven
PERF-0780771,2025-06-11,CMP-103,Partner Activation,Video,Lead generation,Technical evaluators,Middle East and Africa,Mobile,Paused,135462,78637,780,615,11,894.13,2226.84,0.576,1.15,1.789,2.491,1.723,53773,NOT_APPLICABLE,NOT_APPLICABLE,First click
PERF-0780772,2025-04-06,CMP-104,Spring Demand Gen,Display,Lead generation,Enterprise decision makers,Asia Pacific,Mobile,Paused,94901,56936,629,492,8,418.38,3055.78,0.663,0.67,1.626,7.304,1.667,NOT_APPLICABLE,NOT_APPLICABLE,NOT_APPLICABLE,Last click
PERF-0780773,2025-08-22,CMP-105,Enterprise Demo Push,Paid Search,Lead generation,Mid-market operations,Europe,Mobile,Active,28582,16658,1122,1011,76,,7927.38,3.926,3.57,7.517,1.979,1.716,NOT_APPLICABLE,NOT_APPLICABLE,NOT_APPLICABLE,Last click
PERF-0780774,2025-11-28,CMP-106,Mid-Market Growth,Affiliate,Lead generation,,Asia Pacific,Desktop,Active,37738,22580,793,734,32,1021.31,11275.88,2.101,1.29,4.36,11.041,1.671,NOT_APPLICABLE,NOT_APPLICABLE,NOT_APPLICABLE,Last click
PERF-0780775,2025-11-22,CMP-107,New Product Launch,Display,Lead generation,Enterprise decision makers,Europe,Tablet,Active,51646,30026,234,185,3,179.55,718.31,0.453,0.77,1.622,4.001,1.72,NOT_APPLICABLE,NOT_APPLICABLE,NOT_APPLICABLE,Data-driven
PERF-0780776,2025-05-24,CMP-108,Customer Expansion,Display,Website traffic,Enterprise decision makers,North America,Mobile,Active,96590,59750,620,587,8,606.04,2262.84,0.642,0.98,1.363,3.734,1.617,NOT_APPLICABLE,NOT_APPLICABLE,NOT_APPLICABLE,First click
PERF-0780777,2025-11-22,CMP-109,Year-End Pipeline,Display,Awareness,Enterprise decision makers,North America,Mobile,Paused,171215,87947,1032,939,24,746.28,6680.02,0.603,0.72,2.556,8.951,1.947,NOT_APPLICABLE,NOT_APPLICABLE,NOT_APPLICABLE,Data-driven
PERF-0780778,2025-08-07,CMP-110,Regional Awareness,Paid Search,Awareness,Small business owners,Asia Pacific,Mobile,Paused,26766,13519,1232,1207,104,,36534.45,4.603,3.62,8.616,8.201,1.98,NOT_APPLICABLE,NOT_APPLICABLE,NOT_APPLICABLE,Position based
PERF-0780779,2025-09-11,CMP-111,Partner Activation,Email,Lead generation,Small business owners,Asia Pacific,Desktop,Active,33947,33611,1117,1113,58,213.56,10476.06,3.29,0.19,5.211,49.054,1.01,NOT_APPLICABLE,34857,10529,Data-driven
PERF-0780780,2025-08-06,CMP-112,Spring Demand Gen,Video,Lead generation,Technical evaluators,Europe,Desktop,Completed,81969,48685,613,572,8,661.85,2498.53,0.748,1.08,1.399,3.775,1.684,27522,NOT_APPLICABLE,NOT_APPLICABLE,Data-driven
PERF-0780781,2025-11-06,CMP-113,Enterprise Demo Push,Video,Website traffic,Mid-market operations,North America,Desktop,Active,80567,44847,762,636,12,861.77,1048.8,0.946,1.13,1.887,1.217,1.796,35880,NOT_APPLICABLE,NOT_APPLICABLE,Linear
PERF-0780782,2025-08-08,CMP-114,Mid-Market Growth,Paid Search,Lead generation,Technical evaluators,North America,Mobile,Active,14085,8504,752,731,43,2116.72,12664.47,5.339,2.81,5.882,5.983,1.656,NOT_APPLICABLE,NOT_APPLICABLE,NOT_APPLICABLE,Last click
PERF-0780783,2025-12-06,CMP-115,New Product Launch,Paid Search,Lead generation,Enterprise decision makers,Europe,Desktop,Completed,24071,19222,919,805,75,2496.24,21678.37,3.818,2.72,9.317,8.684,1.252,NOT_APPLICABLE,NOT_APPLICABLE,NOT_APPLICABLE,Data-driven
PERF-0780784,2025-10-25,CMP-116,Customer Expansion,Display,Awareness,Enterprise decision makers,Asia Pacific,Desktop,Active,128145,63440,703,662,11,611.46,3710.32,0.549,0.87,1.662,6.068,2.02,NOT_APPLICABLE,NOT_APPLICABLE,NOT_APPLICABLE,Data-driven
PERF-0780785,2025-02-02,CMP-117,Year-End Pipeline,Affiliate,Conversion,Technical evaluators,North America,Mobile,Active,23385,14963,348,307,21,503.55,8955.86,1.488,1.45,6.84,17.785,1.563,NOT_APPLICABLE,NOT_APPLICABLE,NOT_APPLICABLE,Data-driven
PERF-0780786,2025-05-07,CMP-118,Regional Awareness,Paid Search,Lead generation,Technical evaluators,North America,Desktop,Active,18614,10633,891,768,55,2896.92,15683.77,4.787,3.25,7.161,5.414,1.751,NOT_APPLICABLE,NOT_APPLICABLE,NOT_APPLICABLE,Data-driven
PERF-0780787,2025-10-27,CMP-119,Partner Activation,Video,Website traffic,Technical evaluators,North America,Mobile,Active,129652,,1370,1194,23,1572.74,8128.3,1.057,1.15,1.926,5.168,1.211,73779,NOT_APPLICABLE,NOT_APPLICABLE,First click
PERF-0780788,2025-04-10,CMP-120,Spring Demand Gen,Email,Lead generation,Existing customers,North America,Desktop,Active,32016,30368,947,744,60,135.79,11373.52,2.958,0.14,8.065,83.758,1.054,NOT_APPLICABLE,32427,10851,Last click
PERF-0780789,2025-11-27,CMP-121,Enterprise Demo Push,Email,Awareness,Small business owners,Europe,Desktop,Paused,48985,35659,1387,1312,62,244.86,16684.05,2.831,0.18,4.726,68.137,1.374,NOT_APPLICABLE,48886,16591,Linear
PERF-0780790,2025-02-06,CMP-122,Mid-Market Growth,Organic Social,Lead generation,Technical evaluators,North America,Mobile,Draft,50618,40853,564,509,9,44.66,2772.56,1.114,0.08,1.768,62.082,1.239,12677,NOT_APPLICABLE,NOT_APPLICABLE,Data-driven
PERF-0780791,2025-05-24,CMP-123,New Product Launch,Organic Social,Conversion,Small business owners,Asia Pacific,Mobile,Active,44574,32406,499,432,15,21.11,7083.19,1.119,0.04,3.472,335.537,1.375,16820,NOT_APPLICABLE,NOT_APPLICABLE,First click
PERF-0780792,2025-05-03,CMP-124,Customer Expansion,Affiliate,Lead generation,Technical evaluators,Latin America,Mobile,Active,37677,25810,348,287,16,532.97,2820.25,0.924,1.53,5.575,5.292,1.46,NOT_APPLICABLE,NOT_APPLICABLE,NOT_APPLICABLE,Last click
PERF-0780793,2025-03-08,CMP-125,Year-End Pipeline,Paid Search,Website traffic,Existing customers,Asia Pacific,Desktop,Completed,10228,5323,552,442,25,1907.15,5087.67,5.397,3.45,5.656,2.668,1.921,NOT_APPLICABLE,NOT_APPLICABLE,NOT_APPLICABLE,Data-driven
PERF-0780794,2025-03-10,CMP-126,Regional Awareness,Video,Conversion,Mid-market operations,Europe,Desktop,Active,68046,32253,410,333,9,522.17,2843.13,0.603,1.27,2.703,5.445,2.11,25464,NOT_APPLICABLE,NOT_APPLICABLE,Linear
PERF-0780795,2025-03-10,CMP-127,Partner Activation,Paid Social,Conversion,Enterprise decision makers,Asia Pacific,Mobile,Paused,56649,34025,1073,935,43,1037.91,7492.37,1.894,0.97,4.599,7.219,1.665,13591,NOT_APPLICABLE,NOT_APPLICABLE,Linear
PERF-0780796,2025-06-25,CMP-128,Spring Demand Gen,Display,Retention,Technical evaluators,North America,Desktop,Active,97164,58720,512,424,5,476.55,4337.68,0.527,0.93,1.179,9.102,1.655,NOT_APPLICABLE,NOT_APPLICABLE,NOT_APPLICABLE,Linear
PERF-0780797,2025-04-03,CMP-129,Enterprise Demo Push,Video,Retention,Existing customers,Europe,Desktop,Active,95456,85637,376,277,7,549.23,4861.27,0.394,1.46,2.527,16.851,1.115,19925,NOT_APPLICABLE,NOT_APPLICABLE,First click
PERF-0780798,2025-01-02,CMP-130,Mid-Market Growth,Affiliate,Lead generation,Enterprise decision makers,Asia Pacific,Mobile,Draft,39033,33129,1058,1029,52,1358.7,17218.6,2.711,1.28,5.053,12.673,1.178,NOT_APPLICABLE,NOT_APPLICABLE,NOT_APPLICABLE,Data-driven
PERF-0780799,2025-10-25,CMP-131,New Product Launch,Display,Lead generation,Enterprise decision makers,Asia Pacific,Desktop,Active,93912,51999,555,467,8,518.44,839.51,0.591,0.93,1.713,1.619,1.806,NOT_APPLICABLE,NOT_APPLICABLE,NOT_APPLICABLE,Data-driven
PERF-0780800,2025-09-26,CMP-132,Customer Expansion,Paid Search,Website traffic,Mid-market operations,Asia Pacific,Desktop,Active,25349,15939,1148,1001,58,2872.51,12051.14,4.529,2.5,5.794,4.195,1.59,NOT_APPLICABLE,NOT_APPLICABLE,NOT_APPLICABLE,Last click
PERF-0780801,2025-06-29,CMP-101,Year-End Pipeline,Video,Awareness,Mid-market operations,Asia Pacific,Desktop,Paused,95183,59228,732,523,10,608.24,1844.79,0.769,0.83,1.912,3.033,1.607,46514,NOT_APPLICABLE,NOT_APPLICABLE,Last click
PERF-0780802,2025-01-30,CMP-102,Regional Awareness,Email,Website traffic,Technical evaluators,North America,Mobile,Active,47960,38289,2281,1853,113,537.03,,4.756,0.24,6.098,80.026,1.253,NOT_APPLICABLE,47795,16567,First click
PERF-0780803,2025-05-09,CMP-103,Partner Activation,Paid Social,Lead generation,Small business owners,North America,Mobile,Active,59146,41628,508,419,10,735.1,3449.36,0.859,1.45,2.387,4.692,1.421,19833,NOT_APPLICABLE,NOT_APPLICABLE,Last click
PERF-0780804,2025-09-27,CMP-104,Spring Demand Gen,Paid Search,Conversion,Mid-market operations,Asia Pacific,Mobile,Active,19759,13837,819,744,56,2975.76,26327.79,4.145,3.63,7.527,8.847,1.428,NOT_APPLICABLE,NOT_APPLICABLE,NOT_APPLICABLE,Data-driven
PERF-0780805,2025-03-01,CMP-105,Enterprise Demo Push,Organic Social,Conversion,Enterprise decision makers,North America,Mobile,Paused,44661,28062,596,540,9,33.13,4044.3,1.334,0.06,1.667,122.074,1.592,18429,NOT_APPLICABLE,NOT_APPLICABLE,Last click
PERF-0780806,2025-06-08,CMP-106,Mid-Market Growth,Video,Lead generation,Mid-market operations,EMEA,Mobile,Completed,63540,41640,351,317,8,373.37,2760.15,0.552,1.06,2.524,7.393,1.526,24355,NOT_APPLICABLE,NOT_APPLICABLE,Last click
PERF-0780807,2025-03-01,CMP-107,New Product Launch,Email,Retention,Technical evaluators,North America,Tablet,Active,49745,49252,1090,894,43,191.93,36982.94,2.191,0.18,4.81,192.69,1.01,NOT_APPLICABLE,49065,16225,Last click
PERF-0780808,2025-06-05,CMP-108,Customer Expansion,Paid Search,Conversion,Technical evaluators,Europe,Mobile,Active,29203,19791,1208,958,71,3716.55,,4.137,3.08,7.411,11.839,1.476,NOT_APPLICABLE,NOT_APPLICABLE,NOT_APPLICABLE,Position based
PERF-0780809,2025-04-26,CMP-109,Year-End Pipeline,Paid Social,Awareness,Mid-market operations,Europe,Desktop,Active,53643,38213,690,552,14,1055.46,2703.22,1.286,1.53,2.536,2.561,1.404,23005,NOT_APPLICABLE,NOT_APPLICABLE,Position based
PERF-0780810,2025-07-03,CMP-110,Regional Awareness,Paid Social,Lead generation,Mid-market operations,North America,Mobile,Active,42687,22738,508,391,11,671.49,2054.23,1.19,1.32,2.813,3.059,1.877,16102,NOT_APPLICABLE,NOT_APPLICABLE,Last click
PERF-0780811,2025-04-03,CMP-111,Partner Activation,Video,Lead generation,Small business owners,Europe,Desktop,Active,110870,56288,906,729,17,978.1,1766.84,0.817,1.08,2.332,1.806,1.97,41902,NOT_APPLICABLE,NOT_APPLICABLE,Last click
PERF-0780812,2025-01-27,CMP-112,Spring Demand Gen,Affiliate,Lead Gen,Small business owners,Europe,Desktop,Completed,30383,19568,484,422,20,595.35,3100.72,1.593,1.23,4.739,5.208,1.553,NOT_APPLICABLE,NOT_APPLICABLE,NOT_APPLICABLE,Last click
PERF-0780813,2025-08-27,CMP-113,Enterprise Demo Push,Paid Social,Website traffic,Mid-market operations,Asia Pacific,Mobile,Active,55534,42225,898,892,32,1235.63,2149.7,1.617,1.38,3.587,1.74,1.315,17262,NOT_APPLICABLE,NOT_APPLICABLE,Data-driven
PERF-0780814,2025-05-16,CMP-114,Mid-Market Growth,Display,Retention,Enterprise decision makers,Latin America,Desktop,Active,165306,,673,511,11,733.31,3101.25,0.407,1.09,2.153,4.229,1.319,NOT_APPLICABLE,NOT_APPLICABLE,NOT_APPLICABLE,Last click
PERF-0780815,2025-07-04,CMP-115,New Product Launch,paid-social,Website traffic,Small business owners,Asia Pacific,Desktop,Active,10192,6537,158,128,3,209.17,778.62,1.55,1.32,2.344,3.722,1.559,3356,NOT_APPLICABLE,NOT_APPLICABLE,Last click
PERF-0780816,2025-10-02,CMP-116,Customer Expansion,Paid Social,Lead generation,Small business owners,North America,Desktop,Active,48359,28163,463,376,15,616.59,2620.94,0.957,1.33,3.989,4.251,1.717,11464,NOT_APPLICABLE,NOT_APPLICABLE,First click
PERF-0780817,2025-05-07,CMP-117,Year-End Pipeline,Paid Social,Conversion,Mid-market operations,Asia Pacific,Mobile,Active,71471,60077,869,681,25,1155.54,2141.99,1.216,1.33,3.671,1.854,1.19,24183,NOT_APPLICABLE,NOT_APPLICABLE,Data-driven
PERF-0780818,2025-06-20,CMP-118,Regional Awareness,Organic Social,Awareness,Mid-market operations,North America,Mobile,Paused,39607,26564,377,274,7,22.19,1343.66,0.952,0.06,2.555,60.553,1.491,18325,NOT_APPLICABLE,NOT_APPLICABLE,Data-driven
PERF-0780819,2025-10-21,CMP-119,Partner Activation,Email,Lead generation,Enterprise decision makers,Asia Pacific,Desktop,Active,44873,44429,1111,848,51,141.37,7462.62,2.476,0.13,6.014,52.788,1.01,NOT_APPLICABLE,45226,14320,First click
PERF-0780820,2025-01-28,CMP-120,Spring Demand Gen,Paid Search,Awareness,Enterprise decision makers,Latin America,Desktop,Active,31555,17489,1406,1157,57,,13149.74,4.456,2.88,4.927,3.249,1.804,NOT_APPLICABLE,NOT_APPLICABLE,NOT_APPLICABLE,Data-driven
PERF-0780821,2025-08-27,CMP-121,Enterprise Demo Push,Display,Awareness,Small business owners,North America,Desktop,Completed,85182,53698,412,396,7,357.24,2347.16,0.484,0.87,1.768,6.57,1.586,NOT_APPLICABLE,NOT_APPLICABLE,NOT_APPLICABLE,Last click
PERF-0780822,2025-01-12,CMP-122,Mid-Market Growth,Organic Social,Conversion,Small business owners,North America,Mobile,Active,50929,36825,358,343,9,21.85,3165.78,0.703,0.06,2.624,144.887,1.383,13825,NOT_APPLICABLE,NOT_APPLICABLE,Data-driven
PERF-0780823,03/22/2025,CMP-123,New Product Launch,Email,Awareness,Existing customers,Asia Pacific,Mobile,Active,40952,40547,1166,1101,51,245.8,12150.89,2.847,0.21,4.632,49.434,1.01,NOT_APPLICABLE,40758,9345,Data-driven
PERF-0780824,2025-03-14,CMP-124,Customer Expansion,Display,Awareness,Enterprise decision makers,North America,Desktop,Active,62399,46219,167,151,2,105.2,575.66,0.268,0.63,1.325,5.472,1.35,NOT_APPLICABLE,NOT_APPLICABLE,NOT_APPLICABLE,Data-driven
PERF-0780825,2025-02-25,CMP-125,Year-End Pipeline,Paid Social,Awareness,Mid-market operations,North America,Desktop,Paused,34317,24649,387,385,11,473.64,3261.73,1.128,1.22,2.857,6.887,1.392,11374,NOT_APPLICABLE,NOT_APPLICABLE,Data-driven
PERF-0780826,2025-04-04,CMP-126,Regional Awareness,Paid Search,Lead generation,Mid-market operations,Europe,Mobile,Paused,17938,13774,634,464,29,2093.59,9565.01,3.534,3.3,6.25,4.569,1.302,NOT_APPLICABLE,NOT_APPLICABLE,NOT_APPLICABLE,Data-driven
PERF-0780827,2025-09-08,CMP-127,Partner Activation,Email,Lead generation,Technical evaluators,Europe,Mobile,Completed,7000,6931,275,260,9,49.51,2493.94,3.929,0.18,3.462,50.372,1.01,NOT_APPLICABLE,7050,2474,First click
PERF-0780828,2025-01-31,CMP-128,Spring Demand Gen,Paid Search,Website traffic,Mid-market operations,North America,Tablet,Paused,27390,14889,1607,1281,80,,10723.25,5.867,2.81,6.245,2.379,1.84,NOT_APPLICABLE,NOT_APPLICABLE,NOT_APPLICABLE,Last click
PERF-0780829,2025-12-22,CMP-129,Enterprise Demo Push,Paid Social,Lead generation,Existing customers,North America,Desktop,Active,26156,15531,285,208,7,304.12,2700.54,1.09,1.07,3.365,8.88,1.684,9993,NOT_APPLICABLE,NOT_APPLICABLE,Last click
PERF-0780830,2025-06-28,CMP-130,Mid-Market Growth,Paid Search,Awareness,Technical evaluators,Asia Pacific,Desktop,Completed,26831,13867,1225,1077,68,3528.48,9858.27,4.566,2.88,6.314,2.794,1.935,NOT_APPLICABLE,NOT_APPLICABLE,NOT_APPLICABLE,Data-driven
PERF-0780831,2025-12-19,CMP-131,New Product Launch,Display,Website traffic,Technical evaluators,Middle East and Africa,Mobile,Completed,161763,,938,754,11,751.55,1643.48,0.58,0.8,1.459,2.187,1.474,NOT_APPLICABLE,NOT_APPLICABLE,NOT_APPLICABLE,Data-driven
PERF-0780832,2025-05-24,CMP-132,Customer Expansion,Email,Conversion,Mid-market operations,North America,Mobile,Paused,51352,50844,1352,1352,46,239.36,9055.51,2.633,0.18,3.402,37.832,1.01,NOT_APPLICABLE,53085,14605,Last click
PERF-0780833,2025-04-08,CMP-101,Year-End Pipeline,Display,Lead generation,,Latin America,Mobile,Active,110045,66360,412,349,6,384.3,1218.94,0.374,0.93,1.719,3.172,1.658,NOT_APPLICABLE,NOT_APPLICABLE,NOT_APPLICABLE,Data-driven
PERF-0780834,2025-06-13,CMP-102,Regional Awareness,Email,Website traffic,Mid-market operations,Asia Pacific,Desktop,Active,52449,51930,1665,1068,83,304.33,22180.32,3.175,0.18,7.772,72.882,1.01,NOT_APPLICABLE,52169,18347,Last click
PERF-0780835,2025-07-07,CMP-103,Partner Activation,Organic Social,Conversion,Technical evaluators,North America,Mobile,Paused,40667,23234,243,174,5,15.03,1157.56,0.598,0.06,2.874,77.017,1.75,24105,NOT_APPLICABLE,NOT_APPLICABLE,Last click
PERF-0780836,2025-01-04,CMP-104,Spring Demand Gen,Organic Social,Website traffic,Mid-market operations,Europe,Desktop,Active,32662,20030,496,384,6,30.71,1590.64,1.519,0.06,1.563,51.796,1.631,9417,NOT_APPLICABLE,NOT_APPLICABLE,Data-driven
PERF-0780837,2025-03-07,CMP-105,Enterprise Demo Push,Paid Search,Lead generation,Technical evaluators,Europe,Mobile,Paused,14274,9269,577,429,30,1693.6,8698.79,4.042,2.94,6.993,5.136,1.54,NOT_APPLICABLE,NOT_APPLICABLE,NOT_APPLICABLE,First click
PERF-0780838,2025-01-25,CMP-106,Mid-Market Growth,Paid Social,Lead generation,Existing customers,Europe,Desktop,Active,64960,27079,1044,774,25,1515.08,6939.72,1.607,1.45,3.23,4.58,2.399,26214,NOT_APPLICABLE,NOT_APPLICABLE,Data-driven
PERF-0780839,2025-06-01,CMP-107,New Product Launch,Display,Lead generation,Enterprise decision makers,Europe,Desktop,Active,101336,60565,580,580,4,528.04,439.38,0.572,0.91,0.69,0.832,1.673,NOT_APPLICABLE,NOT_APPLICABLE,NOT_APPLICABLE,Last click
PERF-0780840,2025-05-06,CMP-108,Customer Expansion,Display,Lead generation,Existing customers,Europe,Desktop,Active,114059,55061,463,400,5,441.36,984.6,0.406,0.95,1.25,2.231,2.072,NOT_APPLICABLE,NOT_APPLICABLE,NOT_APPLICABLE,Data-driven
PERF-0780841,2025-03-20,CMP-109,Year-End Pipeline,Email,Lead generation,Technical evaluators,Latin America,Mobile,Completed,21327,16206,710,572,29,115.9,6834.42,3.329,0.16,5.07,58.968,1.316,NOT_APPLICABLE,21936,6183,Last click
PERF-0780842,2025-07-14,CMP-110,Regional Awareness,Organic Social,Awareness,Technical evaluators,Asia Pacific,Desktop,Active,42016,32117,522,426,8,34.14,1270.2,1.242,0.07,1.878,37.206,1.308,16358,NOT_APPLICABLE,NOT_APPLICABLE,Linear
PERF-0780843,2025-05-09,CMP-111,Partner Activation,Video,Lead generation,Mid-market operations,North America,Mobile,Active,124067,76833,994,935,15,926.24,2324.12,0.801,0.93,1.604,2.509,1.615,48459,NOT_APPLICABLE,NOT_APPLICABLE,Data-driven
PERF-0780844,2025-12-29,CMP-112,Spring Demand Gen,Display,Lead generation,Small business owners,Latin America,Desktop,Active,115474,59785,321,280,5,227.14,1656.42,0.278,0.71,1.786,7.293,1.931,NOT_APPLICABLE,NOT_APPLICABLE,NOT_APPLICABLE,Linear
PERF-0780845,2025-03-27,CMP-113,Enterprise Demo Push,Email,Lead generation,Enterprise decision makers,Asia Pacific,Desktop,Completed,48331,44125,735,648,27,140.63,9564.47,1.521,0.19,4.167,68.012,1.095,NOT_APPLICABLE,50149,21086,Last click
PERF-0780846,2025-03-02,CMP-114,Mid-Market Growth,Paid Search,Awareness,Enterprise decision makers,Middle East and Africa,Mobile,Paused,9313,4699,542,542,42,1541.96,6677.75,5.82,2.84,7.749,4.331,1.982,NOT_APPLICABLE,NOT_APPLICABLE,NOT_APPLICABLE,First click
PERF-0780847,2025-01-14,CMP-115,New Product Launch,Affiliate,Awareness,Technical evaluators,North America,Mobile,Active,31986,15095,565,495,27,948.45,5389.19,1.766,1.68,5.455,5.682,2.119,NOT_APPLICABLE,NOT_APPLICABLE,NOT_APPLICABLE,Linear
PERF-0780848,2025-08-15,CMP-116,Customer Expansion,Display,Lead generation,Existing customers,North America,Mobile,Completed,115132,,611,465,5,454.7,1456.58,0.531,0.74,1.075,3.203,1.01,NOT_APPLICABLE,NOT_APPLICABLE,NOT_APPLICABLE,last-click
PERF-0780849,2025-08-10,CMP-117,Year-End Pipeline,Affiliate,Retention,Existing customers,North America,Mobile,Active,25050,14683,504,425,18,852.43,10472.06,2.012,1.69,4.235,12.285,1.706,NOT_APPLICABLE,NOT_APPLICABLE,NOT_APPLICABLE,Data-driven
PERF-0780850,2025-09-24,CMP-118,Regional Awareness,Paid Social,Conversion,Small business owners,North America,Desktop,Active,91628,68521,1045,809,42,1574.32,25081.04,1.14,1.51,5.192,15.931,1.337,36491,NOT_APPLICABLE,NOT_APPLICABLE,Last click
PERF-0780851,2025-08-19,CMP-119,Partner Activation,Display,Website traffic,Existing customers,Europe,Mobile,Active,106914,71568,664,595,8,551.13,1559.29,0.621,0.83,1.345,2.829,1.494,NOT_APPLICABLE,NOT_APPLICABLE,NOT_APPLICABLE,First click
PERF-0780852,2025-06-05,CMP-120,Spring Demand Gen,Organic Social,Awareness,Existing customers,Asia Pacific,Desktop,Completed,67937,35509,591,523,14,40.19,2577.73,0.87,0.07,2.677,64.139,1.913,30354,NOT_APPLICABLE,NOT_APPLICABLE,Last click
PERF-0780853,2025-04-20,CMP-121,Enterprise Demo Push,Email,Retention,Technical evaluators,Asia Pacific,Mobile,Active,32125,31807,494,408,20,113.86,11163.89,1.538,0.23,4.902,98.049,1.01,NOT_APPLICABLE,32288,10126,Last click
PERF-0780854,2025-10-05,CMP-122,Mid-Market Growth,Video,Lead generation,Mid-market operations,North America,Desktop,Active,101287,61106,657,500,8,667.72,1433.96,0.649,1.02,1.6,2.148,1.658,30472,NOT_APPLICABLE,NOT_APPLICABLE,Data-driven
PERF-0780855,2025-02-03,CMP-123,New Product Launch,Paid Social,Conversion,Existing customers,Asia Pacific,Mobile,Paused,84302,48487,1600,1274,47,1902.09,16811.89,1.898,1.19,3.689,8.839,1.739,44187,NOT_APPLICABLE,NOT_APPLICABLE,First click
PERF-0780856,2025-02-16,CMP-124,Customer Expansion,Email,Conversion,Existing customers,Asia Pacific,Desktop,Completed,66544,65885,2414,1949,88,503.36,,3.628,0.21,4.515,117.201,1.01,NOT_APPLICABLE,67815,22288,Last click
PERF-0780857,2025-07-28,CMP-125,Year-End Pipeline,Paid Search,Lead generation,Technical evaluators,North America,Mobile,Active,25567,12726,884,750,58,2729.82,14928.7,3.458,3.09,7.733,5.469,2.009,NOT_APPLICABLE,NOT_APPLICABLE,NOT_APPLICABLE,First click
PERF-0780858,2025-04-23,CMP-126,Regional Awareness,Display,Awareness,Technical evaluators,North America,Mobile,Active,83339,44946,388,320,4,327.83,1006.4,0.466,0.84,1.25,3.07,1.854,NOT_APPLICABLE,NOT_APPLICABLE,NOT_APPLICABLE,Data-driven
PERF-0780859,2025-04-30,CMP-127,Partner Activation,Paid Social,Lead generation,Enterprise decision makers,North America,Tablet,Completed,49035,30659,421,352,15,636.88,4983.47,0.859,1.51,4.261,7.825,1.599,23241,NOT_APPLICABLE,NOT_APPLICABLE,Linear
PERF-0780860,2025-12-17,CMP-128,Spring Demand Gen,Video,Awareness,Small business owners,Europe,Tablet,Completed,24595,12876,222,222,4,261.32,1429.71,0.903,1.18,1.802,5.471,1.91,6502,NOT_APPLICABLE,NOT_APPLICABLE,Position based
PERF-0780861,2025-02-16,CMP-129,Enterprise Demo Push,Paid Search,Awareness,Mid-market operations,North America,Desktop,Active,13894,7194,649,589,50,2107.62,14793.57,4.671,3.25,8.489,7.019,1.931,NOT_APPLICABLE,NOT_APPLICABLE,NOT_APPLICABLE,First click
PERF-0780862,2025-10-22,CMP-130,Mid-Market Growth,Organic Social,Lead generation,Enterprise decision makers,Europe,Desktop,Active,46238,36742,408,360,5,26.11,1099.26,0.882,0.06,1.389,42.101,1.258,9581,NOT_APPLICABLE,NOT_APPLICABLE,First click
PERF-0780863,2025-11-17,CMP-131,New Product Launch,Display,Lead generation,Mid-market operations,Europe,Mobile,Completed,114674,73198,632,514,7,459.91,1618.37,0.551,0.73,1.362,3.519,1.567,NOT_APPLICABLE,NOT_APPLICABLE,NOT_APPLICABLE,Last click
PERF-0780864,2025-11-25,CMP-132,Customer Expansion,Paid Social,Website traffic,Mid-market operations,North America,Desktop,Active,35124,18585,486,447,13,701.92,3179.81,1.384,1.44,2.908,4.53,1.89,11955,NOT_APPLICABLE,NOT_APPLICABLE,First click
PERF-0780865,2025-07-20,CMP-101,Year-End Pipeline,Paid Social,Conversion,Existing customers,Asia Pacific,Mobile,Active,30873,22952,314,289,8,416.05,6094.81,1.017,1.32,2.768,14.649,1.345,11177,NOT_APPLICABLE,NOT_APPLICABLE,Last click
PERF-0780866,2025-08-31,CMP-102,Regional Awareness,Email,Lead generation,Mid-market operations,North America,Mobile,Paused,43013,42587,1164,1029,45,134.82,10371.29,2.706,0.12,4.373,76.927,1.01,NOT_APPLICABLE,43045,16967,Data-driven
PERF-0780867,2025-08-14,CMP-103,Partner Activation,Email,Awareness,Small business owners,Latin America,Desktop,Completed,12749,12342,258,214,10,48.97,2843.32,2.024,0.19,4.673,58.062,1.033,NOT_APPLICABLE,12687,3832,Data-driven
PERF-0780868,2025-10-18,CMP-104,Spring Demand Gen,Paid Search,Lead generation,Enterprise decision makers,Asia Pacific,Desktop,Paused,8969,6420,355,353,27,807.52,8120.65,3.958,2.27,7.649,10.056,1.397,NOT_APPLICABLE,NOT_APPLICABLE,NOT_APPLICABLE,Position based
PERF-0780869,2025-12-03,CMP-105,Enterprise Demo Push,Video,Lead generation,Technical evaluators,North America,Desktop,Active,90247,44817,468,447,6,540.81,1741.65,0.519,1.16,1.342,3.22,2.014,23935,NOT_APPLICABLE,NOT_APPLICABLE,Data-driven
PERF-0780870,2025-11-16,CMP-106,Mid-Market Growth,Paid Social,Lead generation,Small business owners,Europe,Desktop,Active,41797,28073,545,495,15,768.12,4064.05,1.304,1.41,3.03,5.291,1.489,12671,NOT_APPLICABLE,NOT_APPLICABLE,Last click
PERF-0780871,2025-04-30,CMP-107,New Product Launch,Paid Social,Lead generation,Mid-market operations,Europe,Desktop,Completed,87850,71044,729,564,14,1037.29,4151.89,0.83,1.42,2.482,4.003,1.237,26502,NOT_APPLICABLE,NOT_APPLICABLE,Linear
PERF-0780872,2025-12-16,CMP-108,Customer Expansion,Paid Search,Awareness,Existing customers,Asia Pacific,Tablet,Active,32352,19894,1756,1483,75,,19267.15,5.428,2.42,5.057,4.539,1.626,NOT_APPLICABLE,NOT_APPLICABLE,NOT_APPLICABLE,Data-driven
PERF-0780873,2025-06-05,CMP-109,Year-End Pipeline,Paid Search,Conversion,Mid-market operations,North America,Mobile,Paused,12020,7283,448,336,39,1331.21,21793.79,3.727,2.97,11.607,16.371,1.65,NOT_APPLICABLE,NOT_APPLICABLE,NOT_APPLICABLE,First click
PERF-0780874,2025-05-31,CMP-110,Regional Awareness,Email,Awareness,Small business owners,Europe,Mobile,Active,29460,28621,644,562,26,102.49,7900.21,2.186,0.16,4.626,77.083,12.7,NOT_APPLICABLE,29636,8310,Last click
PERF-0780875,2025-11-16,CMP-111,Partner Activation,Email,Conversion,Mid-market operations,Europe,Desktop,Paused,35164,34816,1105,853,49,210.47,24590.85,3.142,0.19,5.744,116.838,1.01,NOT_APPLICABLE,36296,12534,Last click
PERF-0780876,2025-06-10,CMP-112,Spring Demand Gen,Paid Social,Awareness,Mid-market operations,Asia Pacific,Mobile,Completed,42578,29859,481,432,11,657.52,2424.54,1.13,1.37,2.546,3.687,1.426,17474,NOT_APPLICABLE,NOT_APPLICABLE,Linear
PERF-0780877,2025-04-22,CMP-113,Enterprise Demo Push,Paid Search,Lead generation,Existing customers,North America,Mobile,Active,20009,12730,926,900,75,2278.06,23589.57,4.628,2.46,8.333,10.355,1.572,NOT_APPLICABLE,NOT_APPLICABLE,NOT_APPLICABLE,Last click
PERF-0780878,2025-09-04,CMP-114,Mid-Market Growth,Organic Social,Conversion,Technical evaluators,Europe,Mobile,Active,31512,15520,294,243,6,16.49,4039.26,0.933,0.06,2.469,244.952,2.03,12111,NOT_APPLICABLE,NOT_APPLICABLE,Last click
PERF-0780879,2025-09-02,CMP-115,New Product Launch,Organic Social,Lead generation,Mid-market operations,North America,Mobile,Paused,51680,28265,633,517,12,39.54,3745.38,1.225,0.06,2.321,94.724,1.828,15445,NOT_APPLICABLE,NOT_APPLICABLE,Linear
PERF-0780880,2025-03-16,CMP-116,Customer Expansion,Paid Search,Awareness,Enterprise decision makers,North America,Tablet,Active,11784,6185,394,355,27,849.69,4524.99,3.344,2.16,7.606,5.325,1.905,NOT_APPLICABLE,NOT_APPLICABLE,NOT_APPLICABLE,Last click
PERF-0780881,2025-07-31,CMP-117,Year-End Pipeline,Paid Social,Lead generation,Existing customers,Europe,Desktop,Active,54663,31687,679,608,15,870.55,4179.64,1.242,1.28,2.467,4.801,1.725,23055,NOT_APPLICABLE,NOT_APPLICABLE,First click
PERF-0780882,2025-01-17,CMP-118,Regional Awareness,PPC,Lead generation,Mid-market operations,Europe,Mobile,Active,17199,12864,556,473,42,1669.69,15549.63,3.233,3,8.879,9.313,1.337,NOT_APPLICABLE,NOT_APPLICABLE,NOT_APPLICABLE,Last click
PERF-0780883,2025-08-16,CMP-119,Partner Activation,Paid Search,Awareness,Enterprise decision makers,North America,Mobile,Active,23615,15027,730,679,56,2026.73,11948.69,3.091,2.78,8.247,5.896,1.572,NOT_APPLICABLE,NOT_APPLICABLE,NOT_APPLICABLE,Last click
PERF-0780884,2025-09-05,CMP-120,Spring Demand Gen,Paid Search,Conversion,Technical evaluators,Asia Pacific,Mobile,Active,16848,7970,889,866,80,2453.04,24855.94,5.277,2.76,9.238,10.133,2.114,NOT_APPLICABLE,NOT_APPLICABLE,NOT_APPLICABLE,Last click
PERF-0780885,2025-02-06,CMP-121,Enterprise Demo Push,Display,Lead Gen,Enterprise decision makers,NA,Desktop,Active,77741,56079,315,281,5,278.17,670.86,0.405,0.88,1.779,2.412,1.386,NOT_APPLICABLE,NOT_APPLICABLE,NOT_APPLICABLE,Last click
PERF-0780886,2025-09-22,CMP-122,Mid-Market Growth,Paid Search,Lead generation,Mid-market operations,Latin America,Mobile,Active,28369,17835,1039,871,62,3111.94,19873.01,3.662,3,7.118,6.386,1.591,NOT_APPLICABLE,NOT_APPLICABLE,NOT_APPLICABLE,Last click
PERF-0780887,2025-04-16,CMP-123,New Product Launch,Paid Search,Retention,Enterprise decision makers,Europe,Tablet,Active,34037,22216,1401,1200,78,,,4.116,3.18,6.5,12.369,1.532,NOT_APPLICABLE,NOT_APPLICABLE,NOT_APPLICABLE,Data-driven
PERF-0780888,2025-05-12,CMP-124,Customer Expansion,Video,Conversion,Mid-market operations,Asia Pacific,Mobile,Completed,112798,68082,857,674,18,946,5918.15,0.76,1.1,2.671,6.256,1.657,45581,NOT_APPLICABLE,NOT_APPLICABLE,Last click
PERF-0780889,2025-08-12,CMP-125,Year-End Pipeline,Display,Conversion,Technical evaluators,North America,Desktop,Active,114678,80030,687,687,13,551.88,4431.91,0.599,0.8,1.892,8.031,1.433,NOT_APPLICABLE,NOT_APPLICABLE,NOT_APPLICABLE,First click
PERF-0780890,2025-05-22,CMP-126,Regional Awareness,Paid Social,Lead generation,Enterprise decision makers,North America,Mobile,Paused,38005,23206,602,508,25,1015.04,875,1.584,1.69,4.921,0.862,1.638,9769,NOT_APPLICABLE,NOT_APPLICABLE,Data-driven
PERF-0780891,2025-10-01,CMP-127,Partner Activation,Video,Retention,Mid-market operations,Asia Pacific,Desktop,Draft,114607,64333,733,630,10,906.73,7892.71,0.64,1.24,1.587,8.705,1.781,48566,NOT_APPLICABLE,NOT_APPLICABLE,Data-driven
PERF-0780892,2025-06-08,CMP-128,Spring Demand Gen,Paid Search,Lead generation,,Europe,Mobile,Active,19874,11949,959,768,47,3058.8,15163.74,4.825,3.19,6.12,4.957,1.663,NOT_APPLICABLE,NOT_APPLICABLE,NOT_APPLICABLE,Linear
PERF-0780893,2025-12-12,CMP-129,Enterprise Demo Push,Video,Conversion,Technical evaluators,Europe,Desktop,Active,94567,51718,724,699,13,937.54,4366.98,0.766,1.29,1.86,4.658,1.829,14234,NOT_APPLICABLE,NOT_APPLICABLE,First click
PERF-0780894,2025-09-29,CMP-130,Mid-Market Growth,Affiliate,Website traffic,Enterprise decision makers,North America,Mobile,Completed,31737,19193,580,431,15,1091.13,5311.19,1.828,1.88,3.48,4.868,1.654,NOT_APPLICABLE,NOT_APPLICABLE,NOT_APPLICABLE,Last click
PERF-0780895,2025-07-29,CMP-131,New Product Launch,Paid Social,Awareness,Mid-market operations,North America,Mobile,Active,54359,33834,689,653,16,1001.46,5907.62,1.267,1.45,2.45,5.899,1.607,28325,NOT_APPLICABLE,NOT_APPLICABLE,First click
PERF-0780896,2025-11-09,CMP-132,Customer Expansion,Paid Search,Awareness,Enterprise decision makers,Europe,Desktop,Active,21965,15591,892,810,56,2941.77,20166.34,4.061,3.3,6.914,6.855,1.409,NOT_APPLICABLE,NOT_APPLICABLE,NOT_APPLICABLE,Data-driven
PERF-0780897,2025-01-09,CMP-101,Year-End Pipeline,Paid Search,Awareness,Small business owners,Asia Pacific,Desktop,Completed,19921,11566,880,745,61,2648.19,14193.48,4.417,3.01,8.188,5.36,1.722,NOT_APPLICABLE,NOT_APPLICABLE,NOT_APPLICABLE,Data-driven
PERF-0780898,2025-02-06,CMP-102,Regional Awareness,Email,Website traffic,Enterprise decision makers,North America,Desktop,Paused,21828,16858,652,561,34,101.62,11770.08,2.987,0.16,6.061,115.824,1.295,NOT_APPLICABLE,21911,5745,Last click
PERF-0780899,2025-04-20,CMP-103,Partner Activation,Email,Website traffic,Mid-market operations,Europe,Tablet,Completed,63038,45962,1556,1449,101,269.94,23851.8,2.468,0.17,6.97,88.36,1.372,NOT_APPLICABLE,63437,21644,Last click
PERF-0780900,2025-04-04,CMP-104,Spring Demand Gen,Email,Lead generation,Existing customers,Asia Pacific,Mobile,Active,34745,29960,1211,938,55,153.06,15257.18,3.485,0.13,5.864,99.681,1.16,NOT_APPLICABLE,35226,12204,Position based
PERF-0780901,2025-05-10,CMP-105,Enterprise Demo Push,Paid Social,Conversion,Technical evaluators,Asia Pacific,Desktop,Completed,55778,34850,922,798,28,1506.63,13209.46,1.653,1.63,3.509,8.768,1.601,8491,NOT_APPLICABLE,NOT_APPLICABLE,Last click
PERF-0780902,2025-09-05,CMP-106,Mid-Market Growth,Paid Social,Website traffic,Small business owners,North America,Mobile,Active,17092,9775,233,205,6,302.69,598.17,1.363,1.3,2.927,1.976,1.749,6869,NOT_APPLICABLE,NOT_APPLICABLE,Data-driven
PERF-0780903,2025-01-17,CMP-107,New Product Launch,Email,Website traffic,Enterprise decision makers,Europe,Mobile,Active,33803,27318,1080,942,58,164.68,18543.64,3.195,0.15,6.157,112.604,1.237,NOT_APPLICABLE,33282,11109,Linear
PERF-0780904,2025-06-01,CMP-108,Customer Expansion,Paid Search,Conversion,Enterprise decision makers,North America,Desktop,Completed,15638,10487,696,581,62,1712.22,,4.451,2.46,10.671,24.614,1.491,NOT_APPLICABLE,NOT_APPLICABLE,NOT_APPLICABLE,Data-driven
PERF-0780905,2025-01-06,CMP-109,Year-End Pipeline,Paid Search,Conversion,Small business owners,Asia Pacific,Mobile,Active,19533,12731,610,516,44,1909.93,12816.76,3.123,3.13,8.527,6.711,1.534,NOT_APPLICABLE,NOT_APPLICABLE,NOT_APPLICABLE,Data-driven
PERF-0780906,2025-07-24,CMP-110,Regional Awareness,Display,Lead generation,Enterprise decision makers,North America,Desktop,Active,36758,20676,109,109,2,78.93,264.86,0.297,0.72,1.835,3.356,1.778,NOT_APPLICABLE,NOT_APPLICABLE,NOT_APPLICABLE,Data-driven
PERF-0780907,2025-07-01,CMP-111,Partner Activation,Email,Awareness,Technical evaluators,North America,Mobile,Active,36561,33765,1018,923,49,145.3,17279.12,2.784,0.14,5.309,118.92,1.083,NOT_APPLICABLE,36935,11041,Last click
PERF-0780908,2025-05-24,CMP-112,Spring Demand Gen,Video,Website traffic,Existing customers,North America,Mobile,Active,76681,41914,624,546,11,410.91,4905.94,0.814,0.66,2.015,11.939,1.829,36271,NOT_APPLICABLE,NOT_APPLICABLE,Linear
PERF-0780909,2025-11-16,CMP-113,Enterprise Demo Push,Video,Awareness,Small business owners,North America,Mobile,Paused,64068,41015,451,384,9,470.18,2631.13,0.704,1.04,2.344,5.596,1.562,15458,NOT_APPLICABLE,NOT_APPLICABLE,Last click
PERF-0780910,2025-01-01,CMP-114,Mid-Market Growth,Paid Social,Website traffic,Enterprise decision makers,Asia Pacific,Mobile,Paused,12664,5735,170,143,3,193.32,223.26,1.342,1.14,2.098,1.155,2.208,6120,NOT_APPLICABLE,NOT_APPLICABLE,Linear
PERF-0780911,2025-03-01,CMP-115,New Product Launch,Paid Search,Lead generation,Enterprise decision makers,Europe,Mobile,Completed,21446,13131,775,671,64,2979.93,7944.58,3.614,3.85,9.538,2.666,1.633,NOT_APPLICABLE,NOT_APPLICABLE,NOT_APPLICABLE,Linear
PERF-0780912,2025-03-10,CMP-116,Customer Expansion,Email,Lead generation,Mid-market operations,North America,Mobile,Active,26604,13779,650,578,43,116.3,8578.75,2.443,0.18,7.439,73.764,1.931,NOT_APPLICABLE,27262,8230,Data-driven
PERF-0780913,2025-04-20,CMP-117,Year-End Pipeline,Display,Retention,Technical evaluators,Europe,Mobile,Active,119793,51756,500,354,5,534.6,2795.79,0.417,1.07,1.412,5.23,2.315,NOT_APPLICABLE,NOT_APPLICABLE,NOT_APPLICABLE,Data-driven
PERF-0780914,2025-01-30,CMP-118,Regional Awareness,Paid Social,Retention,Mid-market operations,Asia Pacific,Desktop,Completed,85727,52073,820,756,35,1224.23,8048.28,0.957,1.49,4.63,6.574,1.646,23207,NOT_APPLICABLE,NOT_APPLICABLE,Last click
PERF-0780915,2025-09-20,CMP-119,Partner Activation,Email,Awareness,Mid-market operations,North America,Mobile,Active,32071,23786,1258,1133,59,257.57,11837.79,3.923,0.2,5.207,45.96,1.348,NOT_APPLICABLE,32432,10971,Linear
PERF-0780916,2025-12-24,CMP-120,Spring Demand Gen,Organic Social,Retention,Enterprise decision makers,North America,Mobile,Completed,33235,21648,333,275,8,21.61,6391.37,1.002,0.06,2.909,295.76,1.535,16622,NOT_APPLICABLE,NOT_APPLICABLE,Data-driven
PERF-0780917,2025-06-09,CMP-121,Enterprise Demo Push,Display,Awareness,Technical evaluators,Latin America,Tablet,Active,143156,76629,516,424,9,478.48,2967.21,0.36,0.93,2.123,6.201,1.868,NOT_APPLICABLE,NOT_APPLICABLE,NOT_APPLICABLE,First click
PERF-0780918,2025-08-02,CMP-122,Mid-Market Growth,Organic Social,Conversion,Enterprise decision makers,North America,Mobile,Completed,31857,18355,225,192,4,15.18,1791.1,0.706,0.07,2.083,117.991,1.736,12535,NOT_APPLICABLE,NOT_APPLICABLE,Last click
PERF-0780919,2025-03-31,CMP-123,New Product Launch,Video,Website traffic,Existing customers,Europe,Mobile,Completed,40456,28335,383,330,8,483.58,1645.21,0.947,1.26,2.424,3.402,1.428,16984,NOT_APPLICABLE,NOT_APPLICABLE,Last click
PERF-0780920,2025-07-05,CMP-124,Customer Expansion,Video,Lead generation,Small business owners,Europe,Mobile,Active,113605,69228,969,945,13,1074.68,5377.75,0.853,1.11,1.376,5.004,1.641,70464,NOT_APPLICABLE,NOT_APPLICABLE,Last click
PERF-0780921,2025-11-11,CMP-125,Year-End Pipeline,Paid Search,Awareness,Technical evaluators,Asia Pacific,Desktop,Completed,19707,13475,1193,1007,39,2339.66,15231.34,6.054,1.96,3.873,6.51,1.462,NOT_APPLICABLE,NOT_APPLICABLE,NOT_APPLICABLE,Data-driven
PERF-0780922,2025-02-28,CMP-126,Regional Awareness,Paid Social,Lead generation,Existing customers,Latin America,Desktop,Paused,26999,13652,391,334,12,566.13,3530.15,1.448,1.45,3.593,6.236,1.978,11001,NOT_APPLICABLE,NOT_APPLICABLE,Last click
PERF-0780923,2025-12-29,CMP-127,Partner Activation,Email,Lead generation,Small business owners,North America,Desktop,Active,28209,27930,807,743,26,149.95,3417.34,2.861,0.19,3.499,22.79,1.01,NOT_APPLICABLE,27775,9210,Last click
PERF-0780924,06/29/2025,CMP-128,Spring Demand Gen,Paid Search,Conversion,Mid-market operations,North America,Tablet,Active,26081,13082,799,738,60,2267.71,14092.74,3.064,2.84,8.13,6.215,1.994,NOT_APPLICABLE,NOT_APPLICABLE,NOT_APPLICABLE,Data-driven
PERF-0780925,2025-03-06,CMP-129,Enterprise Demo Push,Email,Lead generation,Small business owners,Europe,Mobile,Draft,50830,49823,1912,1885,75,342,29225.07,3.762,0.18,3.979,85.453,1.02,NOT_APPLICABLE,52519,15938,Position based
PERF-0780926,2025-12-13,CMP-130,Mid-Market Growth,Paid Social,Conversion,Enterprise decision makers,Europe,Desktop,Active,52827,30200,612,548,28,615.38,8931.84,1.158,1.01,5.109,14.514,1.749,22232,NOT_APPLICABLE,NOT_APPLICABLE,Linear
PERF-0780927,2025-09-29,CMP-131,New Product Launch,Paid Search,Lead generation,Existing customers,Asia Pacific,Desktop,Completed,34998,20084,1040,985,21,3509.91,4484.95,2.972,3.37,2.132,1.278,1.743,NOT_APPLICABLE,NOT_APPLICABLE,NOT_APPLICABLE,Position based
PERF-0780928,2025-10-17,CMP-132,Customer Expansion,Paid Search,Lead generation,Technical evaluators,Europe,Mobile,Paused,28100,18639,1111,1111,69,2739.52,12173.23,3.954,2.47,6.211,4.444,1.508,NOT_APPLICABLE,NOT_APPLICABLE,NOT_APPLICABLE,Linear
PERF-0780929,2025-07-15,CMP-101,Year-End Pipeline,Paid Search,Lead generation,Enterprise decision makers,Asia Pacific,Desktop,Completed,3664,2063,163,140,9,402.38,1863.84,4.449,2.47,6.429,4.632,1.776,NOT_APPLICABLE,NOT_APPLICABLE,NOT_APPLICABLE,Linear
PERF-0780930,2025-06-08,CMP-102,Regional Awareness,Display,Conversion,Mid-market operations,Asia Pacific,Mobile,Active,61292,48604,364,276,5,303.88,2502.05,0.594,0.83,1.812,8.234,1.261,NOT_APPLICABLE,NOT_APPLICABLE,NOT_APPLICABLE,Last click
PERF-0780931,2025-03-03,CMP-103,Partner Activation,Paid Social,Conversion,Small business owners,North America,Mobile,Completed,35076,20029,570,512,20,928.66,6893.42,1.625,1.63,3.906,7.423,1.751,15198,NOT_APPLICABLE,NOT_APPLICABLE,DDA
PERF-0780932,2025-10-12,CMP-104,Spring Demand Gen,Paid Social,Website traffic,Technical evaluators,Latin America,Mobile,Active,29791,21694,448,364,9,517.14,2982.33,1.504,1.15,2.473,5.767,1.373,9390,NOT_APPLICABLE,NOT_APPLICABLE,First click
PERF-0780933,2025-04-18,CMP-105,Enterprise Demo Push,Video,Lead generation,Technical evaluators,North America,Mobile,Paused,61578,28348,505,446,11,470.56,1962.22,0.82,0.93,2.466,4.17,2.172,25201,NOT_APPLICABLE,NOT_APPLICABLE,Last click
PERF-0780934,2025-07-17,CMP-106,Mid-Market Growth,Email,Conversion,Mid-market operations,North America,Mobile,Completed,47819,47346,1233,1069,69,185.66,27096.66,2.578,0.15,6.455,145.948,1.01,NOT_APPLICABLE,48302,14525,Position based
PERF-0780935,2025-10-22,CMP-107,New Product Launch,Video,Lead generation,Mid-market operations,North America,Mobile,Paused,106242,88207,647,528,10,545.05,694.21,0.609,0.84,1.894,1.274,1.204,49980,NOT_APPLICABLE,NOT_APPLICABLE,Last click
PERF-0780936,2025-12-09,CMP-108,Customer Expansion,Email,Website traffic,Technical evaluators,Europe,Mobile,Completed,35406,29804,1482,1298,77,279.95,37679.58,4.186,0.19,5.932,134.594,1.188,NOT_APPLICABLE,36049,13489,Last click
PERF-0780937,2025-11-17,CMP-109,Year-End Pipeline,Email,Awareness,Technical evaluators,Europe,Desktop,Active,47185,40273,1296,1090,80,181.43,8313.02,2.747,0.14,7.339,45.819,1.172,NOT_APPLICABLE,47138,12597,Data-driven
PERF-0780938,2025-12-22,CMP-110,Regional Awareness,Organic Social,Lead generation,Mid-market operations,North America,Desktop,Active,52112,33832,899,794,15,53.75,6485.22,1.725,0.06,1.889,120.655,1.54,23185,NOT_APPLICABLE,NOT_APPLICABLE,First click
PERF-0780939,2025-08-01,CMP-111,Partner Activation,Paid Social,Lead generation,Technical evaluators,North America,Desktop,Active,57011,26533,1121,1045,21,1764.64,5432.99,1.966,1.57,2.01,3.079,2.149,14464,NOT_APPLICABLE,NOT_APPLICABLE,Data-driven
PERF-0780940,2025-04-13,CMP-112,Spring Demand Gen,Video,Website traffic,Enterprise decision makers,Asia Pacific,Mobile,Active,69695,47948,463,428,10,591.07,3098.84,0.664,1.28,2.336,5.243,1.454,12293,NOT_APPLICABLE,NOT_APPLICABLE,Linear
PERF-0780941,2025-01-17,CMP-113,Enterprise Demo Push,Paid Search,Awareness,Technical evaluators,North America,Mobile,Draft,24781,16507,926,852,81,2245,22099.38,3.737,2.42,9.507,9.844,1.501,NOT_APPLICABLE,NOT_APPLICABLE,NOT_APPLICABLE,Last click
PERF-0780942,2025-09-28,CMP-114,Mid-Market Growth,Paid Search,Lead generation,Technical evaluators,Asia Pacific,Desktop,Active,18917,10644,681,566,29,1878.66,5696.03,3.6,2.76,5.124,3.032,1.777,NOT_APPLICABLE,NOT_APPLICABLE,NOT_APPLICABLE,Data-driven
PERF-0780943,2025-07-09,CMP-115,New Product Launch,Paid Social,Lead generation,Existing customers,Middle East and Africa,Mobile,Active,69335,48599,853,761,29,714.08,7003.7,1.23,0.84,3.811,9.808,1.427,22844,NOT_APPLICABLE,NOT_APPLICABLE,Last click
PERF-0780944,2025-06-29,CMP-116,Customer Expansion,Organic Social,Website traffic,Technical evaluators,North America,Desktop,Active,48540,25673,561,524,15,35.42,4743.99,1.156,0.06,2.863,133.935,1.891,11592,NOT_APPLICABLE,NOT_APPLICABLE,Last click
PERF-0780945,2025-10-11,CMP-117,Year-End Pipeline,Paid Social,Lead generation,Mid-market operations,North America,Mobile,Completed,59637,43819,567,494,16,628.64,4696.25,0.951,1.11,3.239,7.47,1.361,24007,NOT_APPLICABLE,NOT_APPLICABLE,Data-driven
PERF-0780946,2025-08-07,CMP-118,Regional Awareness,Paid Social,Lead generation,Small business owners,Europe,Mobile,Active,78645,43418,797,701,23,1086.26,5567.59,1.013,1.36,3.281,5.125,1.811,44753,NOT_APPLICABLE,NOT_APPLICABLE,Data-driven
PERF-0780947,2025-06-29,CMP-119,Partner Activation,Paid Social,Awareness,Existing customers,Asia Pacific,Mobile,Active,77832,45339,510,403,13,545.22,723.03,0.655,1.07,3.226,1.326,1.717,33082,NOT_APPLICABLE,NOT_APPLICABLE,Last click
PERF-0780948,2025-02-13,CMP-120,Spring Demand Gen,Paid Social,Website traffic,Mid-market operations,Europe,Mobile,Completed,56786,32391,795,775,30,1268.11,5845.5,1.4,1.6,3.871,4.61,1.753,16410,NOT_APPLICABLE,NOT_APPLICABLE,First click
PERF-0780949,2025-08-26,CMP-121,Enterprise Demo Push,organic_social,Website traffic,Small business owners,Middle East and Africa,Desktop,Active,74941,33820,846,822,17,39.51,5932.61,1.129,0.05,2.068,150.155,2.216,30395,NOT_APPLICABLE,NOT_APPLICABLE,Linear
PERF-0780950,2025-09-14,CMP-122,Mid-Market Growth,Email,Lead generation,Technical evaluators,North America,Desktop,Active,27395,19504,903,782,48,153.63,13689.18,3.296,0.17,6.138,89.105,1.405,NOT_APPLICABLE,28314,12764,Last click
PERF-0780951,2025-05-28,CMP-123,New Product Launch,Paid Search,Lead generation,,Europe,Mobile,Active,9591,4757,343,301,30,1154.17,7559.7,3.576,3.36,9.967,6.55,2.016,NOT_APPLICABLE,NOT_APPLICABLE,NOT_APPLICABLE,Data-driven
PERF-0780952,2025-09-19,CMP-124,Customer Expansion,Video,Website traffic,Small business owners,Asia Pacific,Mobile,Active,73775,46396,530,504,8,537.86,1600.68,0.718,1.01,1.587,2.976,1.59,28404,NOT_APPLICABLE,NOT_APPLICABLE,Last click
PERF-0780953,2025-07-16,CMP-125,Year-End Pipeline,Paid Social,Awareness,Mid-market operations,North America,Mobile,Completed,66319,48630,723,618,21,1240.96,3095.43,1.09,1.72,3.398,2.494,1.364,12009,NOT_APPLICABLE,NOT_APPLICABLE,Last click
PERF-0780954,2025-06-08,CMP-126,Regional Awareness,Paid Social,Lead generation,Small business owners,Middle East and Africa,Tablet,Active,78163,59134,1101,801,29,1425.09,10770.52,1.409,1.29,3.62,7.558,1.322,18592,NOT_APPLICABLE,NOT_APPLICABLE,Linear
PERF-0780955,2025-02-12,CMP-127,Partner Activation,Paid Social,Awareness,Small business owners,North America,Desktop,Active,37642,22325,632,575,18,549.9,4817.12,1.679,0.87,3.13,8.76,1.686,15560,NOT_APPLICABLE,NOT_APPLICABLE,Linear
PERF-0780956,2025-03-24,CMP-128,Spring Demand Gen,Paid Search,Website traffic,Mid-market operations,Asia Pacific,Tablet,Completed,29838,26590,1538,1390,129,,31712.33,5.155,2.68,9.281,7.704,1.122,NOT_APPLICABLE,NOT_APPLICABLE,NOT_APPLICABLE,Last click
PERF-0780957,2025-03-04,CMP-129,Enterprise Demo Push,Organic Social,Conversion,Small business owners,North America,Mobile,Active,44329,31030,389,337,9,22.5,2323.97,0.878,0.06,2.671,103.288,1.429,16512,NOT_APPLICABLE,NOT_APPLICABLE,Data-driven
PERF-0780958,2025-07-08,CMP-130,Mid-Market Growth,Email,Traffic,Small business owners,Asia Pacific,Desktop,Active,34781,34437,1349,1142,56,241.09,14401.69,3.879,0.18,4.904,59.736,1.01,NOT_APPLICABLE,35086,11395,Linear
PERF-0780959,2025-10-15,CMP-131,New Product Launch,Paid Social,Website traffic,Existing customers,North America,Desktop,Completed,56632,36205,1090,901,32,1309.91,9378.44,1.925,1.2,3.552,7.16,1.564,25247,NOT_APPLICABLE,NOT_APPLICABLE,Data-driven
PERF-0780960,2025-02-08,CMP-132,Customer Expansion,Affiliate,Awareness,Enterprise decision makers,Asia Pacific,Mobile,Active,34892,17103,828,645,36,1388.29,14515,2.373,1.68,5.581,10.455,2.04,NOT_APPLICABLE,NOT_APPLICABLE,NOT_APPLICABLE,Last click
PERF-0780961,2025-11-21,CMP-101,Year-End Pipeline,Paid Search,Awareness,Small business owners,North America,Desktop,Active,21691,11176,807,637,52,2573.51,12550.44,3.72,3.19,8.163,4.877,1.941,NOT_APPLICABLE,NOT_APPLICABLE,NOT_APPLICABLE,Data-driven
PERF-0780962,2025-03-03,CMP-102,Regional Awareness,Organic Social,Awareness,Small business owners,North America,Desktop,Active,30579,17713,376,376,6,26.15,2334.54,1.23,0.07,1.596,89.275,1.726,7629,NOT_APPLICABLE,NOT_APPLICABLE,Data-driven
PERF-0780963,2025-10-26,CMP-103,Partner Activation,Video,Lead generation,Technical evaluators,North America,Desktop,Active,71220,42970,482,470,12,679.8,4687.07,0.677,1.41,2.553,6.895,1.657,30934,NOT_APPLICABLE,NOT_APPLICABLE,Last click
PERF-0780964,2025-01-18,CMP-104,Spring Demand Gen,Paid Social,Website traffic,Enterprise decision makers,NA,Mobile,Active,47559,30773,602,513,19,885.76,3281.61,1.266,1.47,3.704,3.705,1.545,14076,NOT_APPLICABLE,NOT_APPLICABLE,Position based
PERF-0780965,2025-05-21,CMP-105,Enterprise Demo Push,Email,Lead generation,Mid-market operations,North America,Mobile,Active,33248,32919,992,803,52,172.54,9362.86,2.984,0.17,6.476,54.265,1.01,NOT_APPLICABLE,32264,11143,Last click
PERF-0780966,2025-10-17,CMP-106,Mid-Market Growth,Email,Awareness,Existing customers,North America,Mobile,Active,45668,45216,1505,1361,66,274.48,20411.55,3.296,0.18,4.849,74.364,1.01,NOT_APPLICABLE,44580,14406,Data-driven
PERF-0780967,2025-07-09,CMP-107,New Product Launch,Email,Awareness,Enterprise decision makers,North America,Desktop,Active,44416,43976,1798,1492,84,351.64,13506.31,4.048,0.2,5.63,38.409,1.01,NOT_APPLICABLE,45416,15150,Data-driven
PERF-0780968,2025-03-17,CMP-108,Customer Expansion,Display,Awareness,Enterprise decision makers,Middle East and Africa,Mobile,Completed,56752,35734,222,163,3,208.25,857.18,0.391,0.94,1.84,4.116,1.588,NOT_APPLICABLE,NOT_APPLICABLE,NOT_APPLICABLE,Data-driven
PERF-0780969,2025-09-13,CMP-109,Year-End Pipeline,Email,Conversion,Mid-market operations,Europe,Desktop,Active,42887,20837,805,698,23,1323.48,10835.11,1.877,1.64,3.295,8.187,2.058,NOT_APPLICABLE,12000,16800,Data-driven
PERF-0780970,2025-06-11,CMP-110,Regional Awareness,Video,Awareness,Existing customers,North America,Mobile,Draft,86597,64199,582,443,6,632.38,1367.81,0.672,1.09,1.354,2.163,1.349,19459,NOT_APPLICABLE,NOT_APPLICABLE,Last click
PERF-0780971,2025-07-01,CMP-111,Partner Activation,Paid Social,Website traffic,Existing customers,Europe,Mobile,Active,59107,29317,866,857,24,1297.4,5419.54,1.465,1.5,2.8,4.177,2.016,19712,NOT_APPLICABLE,NOT_APPLICABLE,First click
PERF-0780972,2025-11-10,CMP-112,Spring Demand Gen,Paid Social,Conversion,Enterprise decision makers,North America,Mobile,Active,27864,17558,379,320,14,391.3,6784.5,1.36,1.03,4.375,17.338,1.587,8570,NOT_APPLICABLE,NOT_APPLICABLE,Linear
PERF-0780973,2025-06-27,CMP-113,Enterprise Demo Push,Paid Social,Conversion,Enterprise decision makers,Europe,Desktop,Completed,17600,10383,220,167,7,330.72,1943.79,1.25,1.5,4.192,5.877,1.695,4963,NOT_APPLICABLE,NOT_APPLICABLE,Data-driven
PERF-0780974,2025-09-27,CMP-114,Mid-Market Growth,Paid Search,Conversion,Enterprise decision makers,Asia Pacific,Desktop,Active,7697,4326,319,208,13,890.51,4821.04,4.144,2.79,6.25,5.414,1.779,NOT_APPLICABLE,NOT_APPLICABLE,NOT_APPLICABLE,Data-driven
PERF-0780975,2025-10-04,CMP-115,New Product Launch,Paid Search,Lead generation,Enterprise decision makers,Asia Pacific,Mobile,Active,14137,9974,590,562,32,1823.28,6568.1,4.173,3.09,5.694,3.602,1.417,NOT_APPLICABLE,NOT_APPLICABLE,NOT_APPLICABLE,Last click
PERF-0780976,2025-05-05,CMP-116,Customer Expansion,Email,Lead generation,Small business owners,Europe,Desktop,Active,41594,38393,1758,1392,75,264.38,16103.36,4.227,0.15,5.388,60.91,1.083,NOT_APPLICABLE,42442,14635,Data-driven
PERF-0780977,2025-12-12,CMP-117,Year-End Pipeline,Paid Search,Awareness,Small business owners,Latin America,Desktop,Completed,28076,18142,1468,1225,90,3425.74,27159.53,5.229,2.33,7.347,7.928,1.548,NOT_APPLICABLE,NOT_APPLICABLE,NOT_APPLICABLE,Last click
PERF-0780978,2025-04-23,CMP-118,Regional Awareness,Video,Awareness,Enterprise decision makers,Asia Pacific,Mobile,Active,40263,25819,286,280,6,277.73,1466.72,0.71,0.97,2.143,5.281,1.559,18446,NOT_APPLICABLE,NOT_APPLICABLE,Data-driven
PERF-0780979,2025-12-18,CMP-119,Partner Activation,Paid Search,Awareness,Existing customers,Europe,Mobile,Active,16843,9989,658,464,29,2157.16,6980.44,3.907,3.28,6.25,3.236,1.686,NOT_APPLICABLE,NOT_APPLICABLE,NOT_APPLICABLE,Position based
PERF-0780980,2025-03-16,CMP-120,Spring Demand Gen,Email,Website traffic,Mid-market operations,North America,Desktop,Active,45805,38907,1590,1555,65,267.3,24180.8,3.471,0.17,4.18,90.463,1.177,NOT_APPLICABLE,47124,13275,Data-driven
PERF-0780981,2025-05-26,CMP-121,Enterprise Demo Push,Organic Social,Conversion,Technical evaluators,Asia Pacific,Mobile,Active,54430,33241,906,768,16,39.57,4193.19,1.665,0.04,2.083,105.969,1.637,18321,NOT_APPLICABLE,NOT_APPLICABLE,Linear
PERF-0780982,2025-03-05,CMP-122,Mid-Market Growth,Affiliate,Lead generation,Technical evaluators,North America,Mobile,Active,26774,16114,484,406,10,603.14,3145.52,1.808,1.25,2.463,5.215,1.662,NOT_APPLICABLE,NOT_APPLICABLE,NOT_APPLICABLE,Last click
PERF-0780983,2025-11-15,CMP-123,New Product Launch,Paid Search,Lead generation,Small business owners,Europe,Desktop,Active,26304,25065,1546,1324,,3654.14,19802.91,5.877,2.36,8.686,5.419,1.049,NOT_APPLICABLE,NOT_APPLICABLE,NOT_APPLICABLE,Data-driven
PERF-0780984,2025-02-07,CMP-124,Customer Expansion,Video,Awareness,Existing customers,North America,Tablet,Active,114589,,523,413,6,654.14,2378.28,0.456,1.25,1.453,3.636,1.192,31124,NOT_APPLICABLE,NOT_APPLICABLE,Data-driven
PERF-0780985,2025-03-31,CMP-125,Year-End Pipeline,Display,Lead generation,Mid-market operations,Asia Pacific,Desktop,Active,102159,56562,461,373,9,486.74,2845.3,0.451,1.06,2.413,5.846,1.806,NOT_APPLICABLE,NOT_APPLICABLE,NOT_APPLICABLE,Data-driven
PERF-0780986,2025-10-05,CMP-126,Regional Awareness,Organic Social,Lead generation,Enterprise decision makers,Europe,Desktop,Paused,14015,9324,144,112,2,10.11,550.39,1.027,0.07,1.786,54.44,1.503,4043,NOT_APPLICABLE,NOT_APPLICABLE,Last click
PERF-0780987,2025-04-08,CMP-127,Partner Activation,Email,Conversion,Mid-market operations,Middle East and Africa,Mobile,Active,43547,41586,733,620,38,163.47,16513.88,1.683,0.22,6.129,101.021,1.047,NOT_APPLICABLE,45114,9832,Data-driven
PERF-0780988,2025-05-29,CMP-128,Spring Demand Gen,Paid Social,Awareness,Enterprise decision makers,North America,Desktop,Active,61255,32482,650,528,18,702.84,4255.57,1.061,1.08,3.409,6.055,1.886,19622,NOT_APPLICABLE,NOT_APPLICABLE,Data-driven
PERF-0780989,2025-01-05,CMP-129,Enterprise Demo Push,Video,Retention,Existing customers,Middle East and Africa,Tablet,Completed,73295,41890,542,480,10,441.29,6049.59,0.739,0.81,2.083,13.709,1.75,31263,NOT_APPLICABLE,NOT_APPLICABLE,Linear
PERF-0780990,2025-05-31,CMP-130,Mid-Market Growth,Display,Lead generation,Small business owners,North America,Tablet,Active,102145,50194,568,560,8,475.87,2365.52,0.556,0.84,1.429,4.971,2.035,NOT_APPLICABLE,NOT_APPLICABLE,NOT_APPLICABLE,First click
PERF-0780991,2025-07-10,CMP-131,New Product Launch,Paid Social,Conversion,Enterprise decision makers,Asia Pacific,Desktop,Paused,64477,44753,1018,1018,29,1429.07,7772.67,1.579,1.4,2.849,5.439,1.441,19757,NOT_APPLICABLE,NOT_APPLICABLE,First click
PERF-0780992,2025-06-03,CMP-132,Customer Expansion,Paid Social,Lead generation,Technical evaluators,North America,Mobile,Active,49106,26902,575,551,14,950.49,1891.35,1.171,1.65,2.541,1.99,1.825,16332,NOT_APPLICABLE,NOT_APPLICABLE,Position based
PERF-0780993,2025-03-27,CMP-101,Year-End Pipeline,Paid Search,Conversion,Enterprise decision makers,Asia Pacific,Desktop,Active,24880,14724,1018,837,63,2639.94,26259.94,4.092,2.59,7.527,9.947,1.69,NOT_APPLICABLE,NOT_APPLICABLE,NOT_APPLICABLE,Last click
PERF-0780994,2025-02-09,CMP-102,Regional Awareness,Paid Social,Conversion,Mid-market operations,Europe,Mobile,Completed,27648,16051,290,238,6,354.76,2187.7,1.049,1.22,2.521,6.167,1.723,11385,NOT_APPLICABLE,NOT_APPLICABLE,Data-driven
PERF-0780995,2025-08-28,CMP-103,Partner Activation,Email,Conversion,Mid-market operations,Europe,Tablet,Active,50057,40604,1460,1206,70,291.41,26920.73,2.917,0.2,5.804,92.381,1.233,NOT_APPLICABLE,50938,19064,Data-driven
PERF-0780996,2025-07-19,CMP-104,Spring Demand Gen,Video,Lead generation,Existing customers,Asia Pacific,Mobile,Active,64526,42607,459,337,5,504.76,1150.03,0.711,1.1,1.484,2.278,1.514,19758,NOT_APPLICABLE,NOT_APPLICABLE,Last click
PERF-0780997,2025-09-14,CMP-105,Enterprise Demo Push,Display,Awareness,Enterprise decision makers,Latin America,Mobile,Completed,79113,78330,399,321,5,293.41,1203.05,0.504,0.74,1.558,4.1,1.01,NOT_APPLICABLE,NOT_APPLICABLE,NOT_APPLICABLE,Linear
PERF-0780998,2025-12-08,CMP-106,Mid-Market Growth,Display,Conversion,Enterprise decision makers,Europe,Desktop,Active,103374,56412,564,486,11,450.93,4078.11,0.546,0.8,2.263,9.044,1.832,NOT_APPLICABLE,NOT_APPLICABLE,NOT_APPLICABLE,Last click
PERF-0780999,2025-02-04,CMP-107,New Product Launch,Video,Lead generation,Technical evaluators,North America,Desktop,Active,102132,58398,761,627,15,587.59,4675.3,0.745,0.77,2.392,7.957,1.749,33913,NOT_APPLICABLE,NOT_APPLICABLE,Data-driven
PERF-0781000,2025-09-18,CMP-108,Customer Expansion,Email,Conversion,Technical evaluators,Europe,Tablet,Paused,22535,16670,260,209,12,34.6,5128.94,1.154,0.13,5.742,148.235,1.352,NOT_APPLICABLE,22760,7332,Last click
PERF-0781001,2025-01-25,CMP-109,Year-End Pipeline,Display,Lead generation,Existing customers,Latin America,Mobile,Active,142265,70982,835,710,12,787.46,3048.91,0.587,0.94,1.69,3.872,2.004,NOT_APPLICABLE,NOT_APPLICABLE,NOT_APPLICABLE,First click
PERF-0781002,2025-09-17,CMP-110,Regional Awareness,Organic Social,Website traffic,Mid-market operations,North America,Mobile,Completed,60869,36235,778,778,17,44.62,4904.85,1.278,0.06,2.185,109.925,1.68,23138,NOT_APPLICABLE,NOT_APPLICABLE,Linear
PERF-0781002,2025-10-06,CMP-111,Partner Activation,Affiliate,Lead generation,Mid-market operations,North America,Mobile,Active,32720,22475,519,435,10,691.37,3211.55,1.586,1.33,2.299,4.645,1.456,NOT_APPLICABLE,NOT_APPLICABLE,NOT_APPLICABLE,Last click
PERF-0781004,2025-10-02,CMP-112,Spring Demand Gen,Display,Lead generation,Enterprise decision makers,Europe,Tablet,Completed,81896,56059,270,226,4,285.54,1046.87,0.33,1.06,1.77,3.666,1.461,NOT_APPLICABLE,NOT_APPLICABLE,NOT_APPLICABLE,Linear
PERF-0781005,2025-09-15,CMP-113,Enterprise Demo Push,Organic Social,Conversion,Technical evaluators,North America,Desktop,Paused,39399,19725,397,376,6,17.49,2648.39,1.008,0.04,1.596,151.423,1.997,16049,NOT_APPLICABLE,NOT_APPLICABLE,Data-driven
PERF-0781006,2025-01-20,CMP-114,Mid-Market Growth,Paid Social,Lead generation,Mid-market operations,North America,Mobile,Active,37962,28612,610,571,13,890.72,4829.51,1.607,1.46,2.277,5.422,1.327,12542,NOT_APPLICABLE,NOT_APPLICABLE,First click
PERF-0781007,2025-03-12,CMP-115,New Product Launch,Paid Social,Awareness,Technical evaluators,Middle East and Africa,Mobile,Active,80312,62085,1058,970,34,1715.41,8322.84,1.317,1.62,3.505,4.852,1.294,24719,NOT_APPLICABLE,NOT_APPLICABLE,Last click
PERF-0781008,2025-06-07,CMP-116,Customer Expansion,Organic Social,Conversion,Mid-market operations,Latin America,Desktop,Active,8256,7663,100,81,2,7.34,992.16,1.211,0.07,2.469,135.172,1.077,3317,NOT_APPLICABLE,NOT_APPLICABLE,Data-driven
PERF-0781009,2025-09-17,CMP-117,Year-End Pipeline,Display,Website traffic,Technical evaluators,Asia Pacific,Desktop,Completed,56828,36299,279,264,3,190.81,837.28,0.491,0.68,1.136,4.388,1.566,NOT_APPLICABLE,NOT_APPLICABLE,NOT_APPLICABLE,First click
PERF-0781010,2025-09-06,CMP-118,Regional Awareness,Email,Retention,,Europe,Desktop,Active,40996,36638,898,675,36,169.22,10597.02,2.19,0.19,5.333,62.623,1.119,NOT_APPLICABLE,41633,11671,Last click
PERF-0781011,2025-09-09,CMP-119,Partner Activation,Paid Search,Lead generation,Enterprise decision makers,Europe,Desktop,Active,21751,11779,1294,927,65,3396.72,17547.71,5.949,2.62,7.012,5.166,1.847,NOT_APPLICABLE,NOT_APPLICABLE,NOT_APPLICABLE,Last click
PERF-0781012,2025-10-27,CMP-120,Spring Demand Gen,Paid Search,Awareness,Enterprise decision makers,Europe,Mobile,Active,23816,15211,472,396,16,1668.38,2997.76,1.982,3.53,4.04,1.797,1.566,NOT_APPLICABLE,NOT_APPLICABLE,NOT_APPLICABLE,Linear
PERF-0781013,2025-05-20,CMP-121,Enterprise Demo Push,Paid Social,Website traffic,Enterprise decision makers,North America,Mobile,Active,54859,32946,1152,1047,38,1290.6,10388.97,2.1,1.12,3.629,8.05,1.665,16630,NOT_APPLICABLE,NOT_APPLICABLE,Data-driven
PERF-0781014,2025-05-30,CMP-122,Mid-Market Growth,Paid Search,Conversion,Technical evaluators,North America,Mobile,Active,19591,8134,543,466,34,1734.43,19722.68,2.772,3.19,7.296,11.371,2.409,NOT_APPLICABLE,NOT_APPLICABLE,NOT_APPLICABLE,last-click
PERF-0781015,2025-11-22,CMP-123,New Product Launch,Email,Website traffic,Existing customers,Europe,Mobile,Completed,47645,43599,1856,1479,74,297.3,10812.44,3.895,0.16,5.003,36.369,1.093,NOT_APPLICABLE,46939,13498,Position based
PERF-0781016,2025-04-14,CMP-124,Customer Expansion,Email,Conversion,Existing customers,North America,Desktop,Active,25719,20891,822,810,50,162.77,27459.77,3.196,0.2,6.173,168.703,1.231,NOT_APPLICABLE,26185,7845,Data-driven
PERF-0781017,2025-02-04,CMP-125,Year-End Pipeline,Paid Social,Conversion,Small business owners,North America,Mobile,Active,81404,41458,1040,872,34,1570.91,9881.88,1.278,1.51,3.899,6.291,1.964,36034,NOT_APPLICABLE,NOT_APPLICABLE,Data-driven
PERF-0781018,2025-04-18,CMP-126,Regional Awareness,Paid Search,Website traffic,Technical evaluators,Asia Pacific,Desktop,Completed,15092,9698,837,596,44,2505.03,13549.93,5.546,2.99,7.383,5.409,1.556,NOT_APPLICABLE,NOT_APPLICABLE,NOT_APPLICABLE,First click
PERF-0781019,2025-04-12,CMP-127,Partner Activation,Organic Social,Website traffic,Enterprise decision makers,Europe,Mobile,Completed,33378,20608,495,456,6,29.93,1470.2,1.483,0.06,1.316,49.121,1.62,8361,NOT_APPLICABLE,NOT_APPLICABLE,Data-driven
PERF-0781020,2025-01-14,CMP-128,Spring Demand Gen,Display,Lead generation,Technical evaluators,Europe,Desktop,Completed,92692,55924,447,447,9,375.41,2648.14,0.482,0.84,2.013,7.054,1.657,NOT_APPLICABLE,NOT_APPLICABLE,NOT_APPLICABLE,Last click
PERF-0781021,2025-07-31,CMP-129,Enterprise Demo Push,Video,Awareness,Enterprise decision makers,Asia Pacific,Mobile,Active,90748,62329,732,732,15,769.81,2631.74,0.807,1.05,2.049,3.419,1.456,42104,NOT_APPLICABLE,NOT_APPLICABLE,First click
PERF-0781022,2025-11-06,CMP-130,Mid-Market Growth,Paid Social,Awareness,Existing customers,Asia Pacific,Desktop,Active,11817,7059,145,122,4,163.39,901.16,1.227,1.13,3.279,5.515,1.674,7216,NOT_APPLICABLE,NOT_APPLICABLE,Position based
PERF-0781023,2025-08-05,CMP-131,New Product Launch,Paid Search,Awareness,Technical evaluators,North America,Tablet,Active,18458,10543,584,428,22,1933.9,3747.99,3.164,3.31,5.14,1.938,1.751,NOT_APPLICABLE,NOT_APPLICABLE,NOT_APPLICABLE,Last click
PERF-0781024,2025-02-25,CMP-132,Customer Expansion,Display,Lead generation,Existing customers,North America,Mobile,Paused,85685,55963,441,343,5,399.61,1279.21,0.515,0.91,1.458,3.201,1.531,NOT_APPLICABLE,NOT_APPLICABLE,NOT_APPLICABLE,Last click
PERF-0781025,04/06/2025,CMP-101,Year-End Pipeline,Paid Social,Awareness,Enterprise decision makers,Europe,Mobile,Active,43388,35404,324,211,11,413.5,3237,0.747,1.28,5.213,7.828,1.226,16108,NOT_APPLICABLE,NOT_APPLICABLE,Data-driven
PERF-0781026,2025-07-16,CMP-102,Regional Awareness,Paid Social,Conversion,Mid-market operations,Europe,Tablet,Active,89814,64547,1041,939,47,1335.73,18876.83,1.159,1.28,5.005,14.132,1.391,31168,NOT_APPLICABLE,NOT_APPLICABLE,First click
PERF-0781027,2025-01-10,CMP-103,Partner Activation,Paid Search,Lead generation,Enterprise decision makers,Europe,Mobile,Active,30514,15827,764,729,35,1814.98,7011.18,2.504,2.38,4.801,3.863,1.928,NOT_APPLICABLE,NOT_APPLICABLE,NOT_APPLICABLE,Data-driven
PERF-0781028,2025-01-08,CMP-104,Spring Demand Gen,Email,Lead generation,Mid-market operations,North America,Desktop,Completed,46118,37541,1573,1209,44,291.35,8311.78,3.411,0.19,3.639,28.529,1.228,NOT_APPLICABLE,46137,12874,Last click
PERF-0781029,2025-09-07,CMP-105,Enterprise Demo Push,Display,Website traffic,Mid-market operations,North America,Desktop,Active,78182,53559,632,538,10,599.01,2189.64,0.808,0.95,1.859,3.655,1.46,NOT_APPLICABLE,NOT_APPLICABLE,NOT_APPLICABLE,Data-driven
PERF-0781030,2025-03-11,CMP-106,Mid-Market Growth,Paid Social,Conversion,Small business owners,Asia Pacific,Desktop,Active,70690,43818,660,570,26,802.26,10258.52,0.934,1.22,4.561,12.787,1.613,23778,NOT_APPLICABLE,NOT_APPLICABLE,Last click
PERF-0781031,2025-03-24,CMP-107,New Product Launch,Paid Search,Traffic,Small business owners,North America,Desktop,Active,21326,12603,842,666,42,2411.73,12799.99,3.948,2.86,6.306,5.307,1.692,NOT_APPLICABLE,NOT_APPLICABLE,NOT_APPLICABLE,Last click
PERF-0781032,2025-05-10,CMP-108,Customer Expansion,Display,Retention,Enterprise decision makers,Europe,Desktop,Active,68560,42847,314,297,4,249.83,2578.08,0.458,0.8,1.347,10.319,1.6,NOT_APPLICABLE,NOT_APPLICABLE,NOT_APPLICABLE,Data-driven
PERF-0781033,2025-04-04,CMP-109,Year-End Pipeline,Affiliate,Retention,Enterprise decision makers,North America,Desktop,Paused,32883,21458,538,378,21,712.87,13865.04,1.636,1.33,5.556,19.45,1.532,NOT_APPLICABLE,NOT_APPLICABLE,NOT_APPLICABLE,Position based
PERF-0781034,2025-05-25,CMP-110,Regional Awareness,Paid Search,Awareness,Enterprise decision makers,North America,Desktop,Active,19077,15824,745,583,51,2129.95,21052.79,3.905,2.86,8.748,9.884,1.206,NOT_APPLICABLE,NOT_APPLICABLE,NOT_APPLICABLE,Position based
PERF-0781035,2025-12-21,CMP-111,Partner Activation,Paid Search,Retention,Small business owners,Europe,Desktop,Paused,18249,9340,512,439,33,1493.71,15939.46,2.806,2.92,7.517,10.671,1.954,NOT_APPLICABLE,NOT_APPLICABLE,NOT_APPLICABLE,Last click
PERF-0781036,2025-09-30,CMP-112,Spring Demand Gen,Organic Social,Awareness,Technical evaluators,North America,Mobile,Completed,48845,35138,543,495,16,24.65,4201.93,1.112,0.05,3.232,170.464,1.39,13473,NOT_APPLICABLE,NOT_APPLICABLE,Data-driven
PERF-0781037,2025-01-22,CMP-113,Enterprise Demo Push,Paid Search,Awareness,Mid-market operations,North America,Mobile,Active,28197,16709,1275,1113,97,3614.71,29537.77,4.522,2.84,8.715,8.172,1.688,NOT_APPLICABLE,NOT_APPLICABLE,NOT_APPLICABLE,Data-driven
PERF-0781038,2025-04-08,CMP-114,Mid-Market Growth,Paid Search,Retention,Mid-market operations,North America,Mobile,Active,10681,7129,677,615,56,1945.29,,6.338,2.87,9.106,23.454,1.498,NOT_APPLICABLE,NOT_APPLICABLE,NOT_APPLICABLE,Last click
PERF-0781039,2025-10-14,CMP-115,New Product Launch,Display,Conversion,Mid-market operations,Europe,Desktop,Paused,82820,56937,433,373,7,308.03,2606.49,0.523,0.71,1.877,8.462,1.455,NOT_APPLICABLE,NOT_APPLICABLE,NOT_APPLICABLE,Last click
PERF-0781040,2025-01-27,CMP-116,Customer Expansion,Display,Lead generation,Technical evaluators,North America,Desktop,Paused,76038,50973,387,328,6,299.01,1854.61,0.509,0.77,1.829,6.203,1.492,NOT_APPLICABLE,NOT_APPLICABLE,NOT_APPLICABLE,Linear
PERF-0781041,2025-12-08,CMP-117,Year-End Pipeline,Display,Lead generation,Enterprise decision makers,North America,Mobile,Completed,110737,66305,404,395,6,395.9,1321.71,0.365,0.98,1.519,3.338,1.67,NOT_APPLICABLE,NOT_APPLICABLE,NOT_APPLICABLE,Position based
PERF-0781042,2025-04-09,CMP-118,Regional Awareness,Paid Social,Lead generation,Mid-market operations,Asia Pacific,Mobile,Completed,67528,37064,1089,974,14,1561.09,3601.9,1.613,1.43,1.437,2.307,1.822,26737,NOT_APPLICABLE,NOT_APPLICABLE,Linear
PERF-0781043,2025-05-07,CMP-119,Partner Activation,Paid Search,Website traffic,Enterprise decision makers,APAC,Mobile,Active,13726,9102,561,421,25,1314.83,6282.55,4.087,2.34,5.938,4.778,1.508,NOT_APPLICABLE,NOT_APPLICABLE,NOT_APPLICABLE,First click
PERF-0781044,2025-07-08,CMP-120,Spring Demand Gen,Display,Awareness,Mid-market operations,North America,Desktop,Active,85921,42409,341,272,6,275.65,891.54,0.397,0.81,2.206,3.234,2.026,NOT_APPLICABLE,NOT_APPLICABLE,NOT_APPLICABLE,Data-driven
PERF-0781045,2025-05-07,CMP-121,Enterprise Demo Push,Affiliate,Lead generation,Mid-market operations,Europe,Mobile,Paused,28450,17833,372,334,19,613.57,2878.55,1.308,1.65,5.689,4.691,1.595,NOT_APPLICABLE,NOT_APPLICABLE,NOT_APPLICABLE,Last click
PERF-0781046,2025-03-14,CMP-122,Mid-Market Growth,Email,Awareness,Mid-market operations,North America,Mobile,Completed,46131,45674,1726,1326,60,335.83,18070.94,3.742,0.19,4.525,53.81,1.01,NOT_APPLICABLE,47115,15213,Data-driven
PERF-0781047,2025-08-29,CMP-123,New Product Launch,Paid Search,Lead generation,Small business owners,Asia Pacific,Mobile,Completed,22360,11285,1403,891,56,3110.26,17323.85,6.275,2.22,6.285,5.57,1.981,NOT_APPLICABLE,NOT_APPLICABLE,NOT_APPLICABLE,Data-driven
PERF-0781048,2025-02-19,CMP-124,Customer Expansion,Email,Lead generation,Mid-market operations,Asia Pacific,Mobile,Active,30881,23188,960,761,36,158.92,5310.58,3.109,0.17,4.731,33.417,1.332,NOT_APPLICABLE,30702,9110,Data-driven
PERF-0781049,2025-07-24,CMP-125,Year-End Pipeline,Paid Social,Website traffic,Small business owners,Asia Pacific,Desktop,Active,31851,20458,471,416,10,488.44,3490.76,1.479,1.04,2.404,7.147,1.557,12303,NOT_APPLICABLE,NOT_APPLICABLE,Last click
PERF-0781050,2025-09-04,CMP-126,Regional Awareness,Organic Social,Awareness,Enterprise decision makers,Europe,Desktop,Active,42942,25592,459,356,7,27.92,2033.91,1.069,0.06,1.966,72.848,1.678,18674,NOT_APPLICABLE,NOT_APPLICABLE,Data-driven
PERF-0781051,2025-05-31,CMP-127,Partner Activation,Paid Search,Awareness,Enterprise decision makers,Asia Pacific,Desktop,Completed,25751,19768,1329,1174,63,3526.78,15506.81,5.161,2.65,5.366,4.397,1.303,NOT_APPLICABLE,NOT_APPLICABLE,NOT_APPLICABLE,Last click
PERF-0781052,2025-12-28,CMP-128,Spring Demand Gen,Display,Awareness,Existing customers,Asia Pacific,Mobile,Paused,105424,75939,585,520,9,449.83,2244,0.555,0.77,1.731,4.989,1.388,NOT_APPLICABLE,NOT_APPLICABLE,NOT_APPLICABLE,Data-driven
PERF-0781053,2025-12-05,CMP-129,Enterprise Demo Push,Paid Social,Conversion,Mid-market operations,Europe,Desktop,Active,19189,11084,320,296,10,348.67,5595.9,1.668,1.09,3.378,16.049,1.731,7002,NOT_APPLICABLE,NOT_APPLICABLE,Linear
PERF-0781054,2025-09-19,CMP-130,Mid-Market Growth,Email,Lead generation,Enterprise decision makers,Asia Pacific,Desktop,Active,39746,26312,1130,857,37,210.01,8134.9,2.843,0.19,4.317,38.736,1.511,NOT_APPLICABLE,38982,10248,Linear
PERF-0781055,2025-09-12,CMP-131,New Product Launch,Paid Search,Lead generation,Technical evaluators,Europe,Desktop,Active,28742,23240,1267,1111,76,,16138.42,4.408,3.17,6.841,4.019,1.237,NOT_APPLICABLE,NOT_APPLICABLE,NOT_APPLICABLE,Data-driven
PERF-0781056,2025-08-07,CMP-132,Customer Expansion,Paid Search,Awareness,Enterprise decision makers,North America,Mobile,Active,17703,9006,604,604,44,1292.14,2553.62,3.412,2.14,7.285,1.976,1.966,NOT_APPLICABLE,NOT_APPLICABLE,NOT_APPLICABLE,First click
PERF-0781057,2025-04-06,CMP-101,Year-End Pipeline,Organic Social,Lead generation,Enterprise decision makers,Asia Pacific,Tablet,Draft,45590,26091,575,555,15,35.35,4060.95,1.261,0.06,2.703,114.878,1.747,17721,NOT_APPLICABLE,NOT_APPLICABLE,Data-driven
PERF-0781058,2025-03-06,CMP-102,Regional Awareness,Organic Social,Conversion,Enterprise decision makers,North America,Mobile,Active,66141,35051,501,405,7,29.43,3144.12,0.757,0.06,1.728,106.834,1.887,27042,NOT_APPLICABLE,NOT_APPLICABLE,Last click
PERF-0781059,2025-07-25,CMP-103,Partner Activation,Display,Lead generation,Technical evaluators,Europe,Mobile,Completed,76812,50953,362,357,5,265.81,1709.9,0.471,0.73,1.401,6.433,1.508,NOT_APPLICABLE,NOT_APPLICABLE,NOT_APPLICABLE,First click
PERF-0781060,2025-10-28,CMP-104,Spring Demand Gen,Display,Conversion,Enterprise decision makers,Europe,Mobile,Completed,54682,29953,211,168,3,147.5,1541.45,0.386,0.7,1.786,10.451,1.826,NOT_APPLICABLE,NOT_APPLICABLE,NOT_APPLICABLE,Data-driven
PERF-0781061,2025-04-25,CMP-105,Enterprise Demo Push,Display,Conversion,Mid-market operations,Europe,Mobile,Completed,82869,45443,380,349,7,382.46,3071.33,0.459,1.01,2.006,8.03,1.824,NOT_APPLICABLE,NOT_APPLICABLE,NOT_APPLICABLE,Last click
PERF-0781062,2025-02-14,CMP-106,Mid-Market Growth,Email,Lead generation,Technical evaluators,Latin America,Desktop,Active,24491,24249,594,463,26,120.75,3667.87,2.425,0.2,5.616,30.376,1.01,NOT_APPLICABLE,24491,8096,Last click
PERF-0781063,2025-11-20,CMP-107,New Product Launch,Paid Search,Awareness,Mid-market operations,Europe,Desktop,Paused,22809,15256,970,970,82,2751.18,21504.42,4.253,2.84,8.454,7.816,1.495,NOT_APPLICABLE,NOT_APPLICABLE,NOT_APPLICABLE,Data-driven
PERF-0781064,2025-01-07,CMP-108,Customer Expansion,Paid Social,Conversion,Existing customers,North America,Desktop,Active,30512,21698,379,334,15,411.04,5531.4,1.242,1.08,4.491,13.457,1.406,12041,NOT_APPLICABLE,NOT_APPLICABLE,First click
PERF-0781065,2025-02-24,CMP-109,Year-End Pipeline,Paid Social,Awareness,Small business owners,Europe,Desktop,Paused,74280,51192,942,805,33,1133.24,5692.88,1.268,1.2,4.099,5.024,1.451,24409,NOT_APPLICABLE,NOT_APPLICABLE,Last click
PERF-0781066,2025-03-22,CMP-110,Regional Awareness,Affiliate,Lead generation,Enterprise decision makers,Latin America,Desktop,Active,19683,13079,392,361,17,435.61,5181.72,1.992,1.11,4.709,11.895,1.505,NOT_APPLICABLE,NOT_APPLICABLE,NOT_APPLICABLE,Data-driven
PERF-0781067,2025-04-30,CMP-111,Partner Activation,Paid Social,Lead generation,Mid-market operations,Europe,Mobile,Active,75484,66102,702,587,22,1131.98,4132.95,0.93,1.61,3.748,3.651,1.142,23771,NOT_APPLICABLE,NOT_APPLICABLE,Last click
PERF-0781068,2025-11-10,CMP-112,Spring Demand Gen,Paid Social,Lead generation,Existing customers,North America,Tablet,Completed,61454,35664,801,648,20,1008.74,4850.91,1.303,1.26,3.086,4.809,1.723,23570,NOT_APPLICABLE,NOT_APPLICABLE,Data-driven
PERF-0781069,2025-12-06,CMP-113,Enterprise Demo Push,Affiliate,Lead generation,,North America,Mobile,Active,31861,20699,401,300,16,740.88,4473.61,1.259,1.85,5.333,6.038,1.539,NOT_APPLICABLE,NOT_APPLICABLE,NOT_APPLICABLE,Last click
PERF-0781070,2025-03-11,CMP-114,Mid-Market Growth,Paid Search,Website traffic,Small business owners,North America,Mobile,Completed,22386,21785,1478,1350,100,3285.66,12985.24,6.602,2.22,7.407,3.952,1.028,NOT_APPLICABLE,NOT_APPLICABLE,NOT_APPLICABLE,First click
PERF-0781071,2025-04-08,CMP-115,New Product Launch,Display,Website traffic,Technical evaluators,Europe,Tablet,Active,121848,71912,728,698,12,559.48,4554.37,0.597,0.77,1.719,8.14,1.694,NOT_APPLICABLE,NOT_APPLICABLE,NOT_APPLICABLE,Linear
PERF-0781072,2025-10-27,CMP-116,Customer Expansion,Email,Lead generation,Mid-market operations,Europe,Mobile,Active,23992,23754,855,649,39,167.87,6853.08,3.564,0.2,6.009,40.824,1.01,NOT_APPLICABLE,24652,7549,Data-driven
PERF-0781073,2025-09-22,CMP-117,Year-End Pipeline,Email,Lead generation,Enterprise decision makers,North America,Mobile,Draft,54089,53553,2303,1990,,448.68,,4.258,0.19,7.035,99.082,1.01,NOT_APPLICABLE,53867,17404,Linear
PERF-0781074,2025-07-14,CMP-118,Regional Awareness,Display,Awareness,Enterprise decision makers,Europe,Mobile,Active,196899,,627,497,6,592.27,2238.47,0.318,0.94,1.207,3.779,1.425,NOT_APPLICABLE,NOT_APPLICABLE,NOT_APPLICABLE,Position based
PERF-0781075,2025-10-12,CMP-119,Partner Activation,Paid Search,Conversion,Technical evaluators,North America,Desktop,Completed,22774,19077,905,746,67,2913.63,33931.19,3.974,3.22,8.981,11.646,1.194,NOT_APPLICABLE,NOT_APPLICABLE,NOT_APPLICABLE,Linear
PERF-0781076,2025-09-15,CMP-120,Spring Demand Gen,Paid Social,Lead generation,Existing customers,North America,Desktop,Active,38418,29988,380,373,12,471.85,1890.05,0.989,1.24,3.217,4.006,1.281,11073,NOT_APPLICABLE,NOT_APPLICABLE,Data-driven
PERF-0781077,2025-02-18,CMP-121,Enterprise Demo Push,Paid Social,Lead generation,Enterprise decision makers,Europe,Mobile,Draft,22824,15295,366,299,6,424.19,1428.43,1.604,1.16,2.007,3.367,1.492,5887,NOT_APPLICABLE,NOT_APPLICABLE,Data-driven
PERF-0781078,2025-08-13,CMP-122,Mid-Market Growth,Affiliate,Lead generation,Enterprise decision makers,Asia Pacific,Mobile,Active,35783,28742,785,634,36,731.62,9177.16,2.194,0.93,5.678,12.544,1.245,NOT_APPLICABLE,NOT_APPLICABLE,NOT_APPLICABLE,Last click
PERF-0781079,2025-02-22,CMP-123,New Product Launch,Email,Website traffic,Small business owners,Latin America,Desktop,Active,60191,46199,2180,1976,60,375.57,17116.47,3.622,0.17,3.036,45.575,1.303,NOT_APPLICABLE,60271,22033,Data-driven
PERF-0781080,2025-08-29,CMP-124,Customer Expansion,Paid Social,Lead generation,Mid-market operations,Europe,Desktop,Active,79719,47507,1123,921,29,1620.45,5722.39,1.409,1.44,3.149,3.531,1.678,27607,NOT_APPLICABLE,NOT_APPLICABLE,Last click
PERF-0781081,2025-11-09,CMP-125,Year-End Pipeline,Affiliate,Website traffic,Existing customers,Europe,Mobile,Paused,18739,14833,505,505,42,571.96,17152.89,2.695,1.13,8.317,29.99,1.263,NOT_APPLICABLE,NOT_APPLICABLE,NOT_APPLICABLE,First click
PERF-0781082,2025-06-11,CMP-126,Regional Awareness,Paid Search,Lead generation,Technical evaluators,North America,Desktop,Completed,14684,12725,448,363,24,1439.28,6723.11,3.051,3.21,6.612,4.671,1.154,NOT_APPLICABLE,NOT_APPLICABLE,NOT_APPLICABLE,Data-driven
PERF-0781083,2025-01-19,CMP-127,Partner Activation,Video,Conversion,Small business owners,Asia Pacific,Mobile,Active,97184,60368,603,508,14,640.16,5421.58,0.62,1.06,2.756,8.469,1.61,36685,NOT_APPLICABLE,NOT_APPLICABLE,Last click
PERF-0781084,2025-05-10,CMP-128,Spring Demand Gen,Display,Awareness,Existing customers,North America,Mobile,Active,96503,47571,562,534,8,335.3,1103.42,0.582,0.6,1.498,3.291,2.029,NOT_APPLICABLE,NOT_APPLICABLE,NOT_APPLICABLE,Data-driven
PERF-0781085,2025-06-17,CMP-129,Enterprise Demo Push,Display,Website traffic,Enterprise decision makers,North America,Desktop,Active,500,300,3,3,0,2.45,0,0.6,0.82,0,0,1.667,NOT_APPLICABLE,NOT_APPLICABLE,NOT_APPLICABLE,Data-driven
PERF-0781086,2025-09-28,CMP-130,Mid-Market Growth,Affiliate,Lead generation,Existing customers,North America,Desktop,Active,23986,12853,371,309,15,811.79,794.19,1.547,2.19,4.854,0.978,1.866,NOT_APPLICABLE,NOT_APPLICABLE,NOT_APPLICABLE,Position based
PERF-0781087,2025-02-08,CMP-131,New Product Launch,Paid Social,Lead generation,Enterprise decision makers,North America,Mobile,Active,62784,33990,765,695,31,914,10699.64,1.218,1.19,4.46,11.706,1.847,19348,NOT_APPLICABLE,NOT_APPLICABLE,First click
PERF-0781088,2025-07-18,CMP-132,Customer Expansion,Paid Search,Conversion,Enterprise decision makers,North America,Desktop,Paused,24721,13360,1080,1014,,3484.02,37623.93,4.369,3.23,9.763,10.799,1.85,NOT_APPLICABLE,NOT_APPLICABLE,NOT_APPLICABLE,Linear
PERF-0781089,2025-11-13,CMP-101,Year-End Pipeline,Paid Search,Conversion,Enterprise decision makers,Latin America,Tablet,Completed,13958,8262,827,678,51,2882.42,36512.95,5.925,3.49,7.522,12.667,1.689,NOT_APPLICABLE,NOT_APPLICABLE,NOT_APPLICABLE,Data-driven
PERF-0781090,2025-05-05,CMP-102,Regional Awareness,Display,Website traffic,Enterprise decision makers,Asia Pacific,Desktop,Paused,100931,62647,850,677,11,559.53,4245.65,0.842,0.66,1.625,7.588,1.611,NOT_APPLICABLE,NOT_APPLICABLE,NOT_APPLICABLE,Last click
PERF-0781091,2025-05-16,CMP-103,Partner Activation,Paid Social,Conversion,Technical evaluators,North America,Mobile,Completed,52408,31662,791,594,15,1285.81,7137.78,1.509,1.63,2.525,5.551,1.655,16798,NOT_APPLICABLE,NOT_APPLICABLE,Data-driven
PERF-0781092,2025-11-30,CMP-104,Spring Demand Gen,Display,Lead generation,Existing customers,Asia Pacific,Desktop,Active,21207,10402,136,108,2,111.33,577.71,0.641,0.82,1.852,5.189,2.039,NOT_APPLICABLE,NOT_APPLICABLE,NOT_APPLICABLE,Last click
PERF-0781093,2025-07-08,CMP-105,Enterprise Demo Push,Organic Social,Lead generation,Mid-market operations,North America,Mobile,Completed,33008,14305,367,292,5,20.14,1833.6,1.112,0.05,1.712,91.043,2.307,13827,NOT_APPLICABLE,NOT_APPLICABLE,Last click
PERF-0781094,2025-09-30,CMP-106,Mid-Market Growth,Video,Awareness,Enterprise decision makers,North America,Mobile,Completed,51305,27955,274,231,3,323.83,912.51,0.534,1.18,1.299,2.818,1.835,19830,NOT_APPLICABLE,NOT_APPLICABLE,Last click
PERF-0781095,2025-04-30,CMP-107,New Product Launch,Email,Lead generation,Enterprise decision makers,Asia Pacific,Desktop,Active,47845,47371,1819,1706,79,404.66,7808.32,3.802,0.22,4.631,19.296,1.01,NOT_APPLICABLE,48159,16658,Position based
PERF-0781096,2025-06-17,CMP-108,Customer Expansion,Paid Social,Lead generation,Existing customers,Middle East and Africa,Mobile,Active,44297,21817,684,541,6,767.21,1895.57,1.544,1.12,1.109,2.471,2.03,15902,NOT_APPLICABLE,NOT_APPLICABLE,Data-driven
PERF-0781097,2025-07-03,CMP-109,Year-End Pipeline,Paid Search,Lead generation,Enterprise decision makers,Europe,Mobile,Active,18710,11386,616,457,17,1783.97,4652.74,3.292,2.9,3.72,2.608,1.643,NOT_APPLICABLE,NOT_APPLICABLE,NOT_APPLICABLE,last-click
PERF-0781098,2025-03-10,CMP-110,Regional Awareness,Paid Search,Conversion,Existing customers,Europe,Mobile,Active,17503,10030,440,334,35,1104.42,13573.56,2.514,2.51,10.479,12.29,1.745,NOT_APPLICABLE,NOT_APPLICABLE,NOT_APPLICABLE,Last click
PERF-0781099,2025-02-14,CMP-111,Partner Activation,Video,Website traffic,Mid-market operations,North America,Mobile,Active,87707,50089,615,550,13,506.96,3895.38,0.701,0.82,2.364,7.684,1.751,32803,NOT_APPLICABLE,NOT_APPLICABLE,Linear
PERF-0781100,2025-02-11,CMP-112,Spring Demand Gen,Paid Search,Lead generation,Technical evaluators,North America,Desktop,Active,11538,6111,456,369,37,1160.87,8688.06,3.952,2.55,10.027,7.484,1.888,NOT_APPLICABLE,NOT_APPLICABLE,NOT_APPLICABLE,First click
PERF-0781101,2025-12-11,CMP-113,Enterprise Demo Push,Paid Social,Lead generation,Enterprise decision makers,North America,Mobile,Paused,36957,20322,523,486,15,567.2,5254.28,1.415,1.08,3.086,9.264,1.819,10543,NOT_APPLICABLE,NOT_APPLICABLE,Position based
PERF-0781102,2025-02-02,CMP-114,Mid-Market Growth,Organic Social,Awareness,Small business owners,North America,Mobile,Completed,38316,22911,505,441,14,30.64,4206.85,1.318,0.06,3.175,137.299,1.672,13435,NOT_APPLICABLE,NOT_APPLICABLE,Last click
PERF-0781103,2025-01-13,CMP-115,New Product Launch,Paid Search,Retention,Enterprise decision makers,Europe,Desktop,Completed,22100,14914,1133,947,68,3123.52,32502.24,5.127,2.76,7.181,10.406,1.482,NOT_APPLICABLE,NOT_APPLICABLE,NOT_APPLICABLE,Linear
PERF-0781104,2025-10-25,CMP-116,Customer Expansion,Paid Social,Traffic,Enterprise decision makers,Europe,Mobile,Active,76731,39155,1405,1085,35,1341.64,7365.69,1.831,0.95,3.226,5.49,1.96,20892,NOT_APPLICABLE,NOT_APPLICABLE,Last click
PERF-0781105,2025-02-07,CMP-117,Year-End Pipeline,Display,Retention,Enterprise decision makers,Latin America,Desktop,Completed,105098,63358,709,647,11,451.67,5933.32,0.675,0.64,1.7,13.136,1.659,NOT_APPLICABLE,NOT_APPLICABLE,NOT_APPLICABLE,Linear
PERF-0781106,2025-05-13,CMP-118,Regional Awareness,Paid Social,Lead generation,Mid-market operations,North America,Desktop,Active,18517,14666,193,171,5,286.27,1905.56,1.042,1.48,2.924,6.657,1.263,5022,NOT_APPLICABLE,NOT_APPLICABLE,Last click
PERF-0781107,2025-06-17,CMP-119,Partner Activation,Paid Social,Lead generation,Technical evaluators,North America,Mobile,Active,38520,32826,390,335,14,475.43,2892.74,1.012,1.22,4.179,6.084,1.173,14591,NOT_APPLICABLE,NOT_APPLICABLE,Data-driven
PERF-0781108,2025-07-08,CMP-120,Spring Demand Gen,Paid Social,Conversion,Enterprise decision makers,Europe,Desktop,Active,50582,27877,925,848,35,1416.01,7550.83,1.829,1.53,4.127,5.332,1.814,21944,NOT_APPLICABLE,NOT_APPLICABLE,Last click
PERF-0781109,2025-03-15,CMP-121,Enterprise Demo Push,Paid Search,Lead generation,Existing customers,Asia Pacific,Tablet,Completed,16343,8025,1215,1128,,3561.44,25668.65,7.434,2.93,8.777,7.207,2.037,NOT_APPLICABLE,NOT_APPLICABLE,NOT_APPLICABLE,Linear
PERF-0781110,2025-02-26,CMP-122,Mid-Market Growth,Paid Search,Website traffic,Mid-market operations,North America,Tablet,Active,42605,27199,1667,1565,166,,32741.39,3.913,2.84,10.607,6.924,1.566,NOT_APPLICABLE,NOT_APPLICABLE,NOT_APPLICABLE,Linear
PERF-0781111,2025-06-10,CMP-123,New Product Launch,Paid Search,Lead generation,Existing customers,Asia Pacific,Desktop,Completed,25788,18275,996,838,41,2581.96,7518.01,3.862,2.59,4.893,2.912,1.411,NOT_APPLICABLE,NOT_APPLICABLE,NOT_APPLICABLE,Last click
PERF-0781112,2025-09-03,CMP-124,Customer Expansion,Organic Social,Awareness,Existing customers,North America,Desktop,Paused,42831,42407,545,466,10,36.3,1930.81,1.272,0.07,2.146,53.19,1.01,16172,NOT_APPLICABLE,NOT_APPLICABLE,Last click
PERF-0781113,2025-12-02,CMP-125,Year-End Pipeline,Email,Awareness,Enterprise decision makers,North America,Desktop,Active,35605,35252,634,534,26,91.94,6823.09,1.781,0.15,4.869,74.212,1.01,NOT_APPLICABLE,35099,10951,Data-driven
PERF-0781114,2025-05-16,CMP-126,Regional Awareness,Email,Lead generation,Technical evaluators,Asia Pacific,Desktop,Active,29605,25739,931,722,46,168.83,6420.91,3.145,0.18,6.371,38.032,1.15,NOT_APPLICABLE,30482,10491,Last click
PERF-0781115,2025-10-28,CMP-127,Partner Activation,Paid Search,Awareness,Technical evaluators,Latin America,Mobile,Active,21514,11337,1226,1011,64,2853.78,16510.42,5.699,2.33,6.33,5.785,1.898,NOT_APPLICABLE,NOT_APPLICABLE,NOT_APPLICABLE,Position based
PERF-0781116,2025-04-02,CMP-128,Spring Demand Gen,Display,Awareness,Existing customers,Europe,Desktop,Draft,147094,84938,687,558,8,589.76,1478.11,0.467,0.86,1.434,2.506,1.732,NOT_APPLICABLE,NOT_APPLICABLE,NOT_APPLICABLE,Data-driven
PERF-0781117,2025-02-18,CMP-129,Enterprise Demo Push,Paid Search,Conversion,Enterprise decision makers,North America,Desktop,Draft,25487,12291,971,950,71,1931.95,,3.81,1.99,7.474,27.549,2.074,NOT_APPLICABLE,NOT_APPLICABLE,NOT_APPLICABLE,Data-driven
PERF-0781118,2025-09-12,CMP-130,Mid-Market Growth,Email,Lead generation,Existing customers,Europe,Desktop,Active,49790,37595,1392,1252,58,294.98,12943.12,2.796,0.21,4.633,43.878,1.324,NOT_APPLICABLE,50364,14325,Last click
PERF-0781119,2025-02-17,CMP-131,New Product Launch,Affiliate,Website traffic,Enterprise decision makers,Europe,Mobile,Active,30327,21723,644,604,19,1001.4,5957.39,2.124,1.55,3.146,5.949,1.396,NOT_APPLICABLE,NOT_APPLICABLE,NOT_APPLICABLE,Data-driven
PERF-0781120,2025-09-16,CMP-132,Customer Expansion,Paid Social,Lead generation,Small business owners,North America,Desktop,Active,48436,32053,507,496,12,477.64,3480.69,1.047,0.94,2.419,7.287,1.511,14997,NOT_APPLICABLE,NOT_APPLICABLE,Linear
PERF-0781121,2025-11-06,CMP-101,Year-End Pipeline,Email,Lead generation,Existing customers,Europe,Mobile,Active,42807,40534,1080,924,25,225.22,6778.21,2.523,0.21,2.706,30.096,1.056,NOT_APPLICABLE,43336,15694,First click
PERF-0781122,2025-10-17,CMP-102,Regional Awareness,Paid Social,Retention,Mid-market operations,NA,Mobile,Active,37024,20814,790,683,15,814.58,10997.53,2.134,1.03,2.196,13.501,1.779,12767,NOT_APPLICABLE,NOT_APPLICABLE,Last click
PERF-0781123,2025-03-23,CMP-103,Partner Activation,Paid Social,Awareness,Enterprise decision makers,Europe,Mobile,Active,54033,26733,736,736,28,1056.39,8279.5,1.362,1.44,3.804,7.838,2.021,12940,NOT_APPLICABLE,NOT_APPLICABLE,Linear
PERF-0781124,2025-11-04,CMP-104,Spring Demand Gen,Paid Search,Website traffic,Small business owners,North America,Tablet,Paused,22623,17273,1297,1074,71,3298.16,9761.91,5.733,2.54,6.611,2.96,1.31,NOT_APPLICABLE,NOT_APPLICABLE,NOT_APPLICABLE,Data-driven
PERF-0781125,2025-10-05,CMP-105,Enterprise Demo Push,Affiliate,Website traffic,Technical evaluators,North America,Tablet,Paused,35852,17786,809,674,50,1600.27,8521.7,2.256,1.98,7.418,5.325,2.016,NOT_APPLICABLE,NOT_APPLICABLE,NOT_APPLICABLE,Last click
PERF-0781126,12/30/2025,CMP-106,Mid-Market Growth,Paid Search,Lead generation,Small business owners,Europe,Tablet,Active,20024,10168,739,673,47,2439.63,14064.69,3.691,3.3,6.984,5.765,1.969,NOT_APPLICABLE,NOT_APPLICABLE,NOT_APPLICABLE,Data-driven
PERF-0781127,2025-11-20,CMP-107,New Product Launch,Paid Search,Awareness,Small business owners,Europe,Mobile,Completed,21869,11226,897,775,48,2985.01,7403.71,4.102,3.33,6.194,2.48,1.948,NOT_APPLICABLE,NOT_APPLICABLE,NOT_APPLICABLE,Data-driven
PERF-0781128,2025-03-07,CMP-108,Customer Expansion,Display,Conversion,,Europe,Mobile,Paused,56814,34835,254,239,4,175.95,1663.94,0.447,0.69,1.674,9.457,1.631,NOT_APPLICABLE,NOT_APPLICABLE,NOT_APPLICABLE,Data-driven
PERF-0781129,2025-01-05,CMP-109,Year-End Pipeline,Video,Retention,Existing customers,Europe,Tablet,Active,71525,37243,298,246,5,343.19,3292.41,0.417,1.15,2.033,9.594,1.92,22412,NOT_APPLICABLE,NOT_APPLICABLE,Last click
PERF-0781130,2025-11-27,CMP-110,Regional Awareness,Organic Social,Website traffic,Mid-market operations,Europe,Mobile,Active,8312,5159,110,88,1,6.64,108.72,1.323,0.06,1.136,16.373,1.611,3289,NOT_APPLICABLE,NOT_APPLICABLE,Last click
PERF-0781131,2025-04-09,CMP-111,Partner Activation,Paid Search,Retention,Small business owners,Europe,Mobile,Paused,16734,12916,818,685,52,1571.15,21946.39,4.888,1.92,7.591,13.968,1.296,NOT_APPLICABLE,NOT_APPLICABLE,NOT_APPLICABLE,Linear
PERF-0781132,2025-02-23,CMP-112,Spring Demand Gen,Email,Website traffic,Mid-market operations,North America,Desktop,Active,37619,37247,1034,895,51,166.54,12110.83,2.749,0.16,5.698,72.72,1.01,NOT_APPLICABLE,38453,10348,Data-driven
PERF-0781133,2025-10-07,CMP-113,Enterprise Demo Push,Paid Search,Awareness,Mid-market operations,North America,Desktop,Active,12144,6214,384,344,21,1158.92,5022.32,3.162,3.02,6.105,4.334,1.954,NOT_APPLICABLE,NOT_APPLICABLE,NOT_APPLICABLE,First click
PERF-0781134,2025-11-27,CMP-114,Mid-Market Growth,Paid Search,Conversion,Mid-market operations,Europe,Desktop,Active,30279,18390,886,791,36,2086.27,15267.27,2.926,2.35,4.551,7.318,1.646,NOT_APPLICABLE,NOT_APPLICABLE,NOT_APPLICABLE,Data-driven
PERF-0781135,2025-06-06,CMP-115,New Product Launch,Video,Conversion,Enterprise decision makers,North America,Mobile,Paused,88305,53665,606,593,8,652.23,3892.73,0.686,1.08,1.349,5.968,1.645,22572,NOT_APPLICABLE,NOT_APPLICABLE,Position based
PERF-0781136,2025-07-02,CMP-116,Customer Expansion,Video,Retention,Technical evaluators,Europe,Mobile,Completed,116864,58712,885,773,17,941.1,10659.07,0.757,1.06,2.199,11.326,1.99,46135,NOT_APPLICABLE,NOT_APPLICABLE,Last click
PERF-0781137,2025-01-05,CMP-117,Year-End Pipeline,Paid Social,Awareness,Existing customers,Europe,Desktop,Active,42226,27837,695,572,13,801.4,3126.46,1.646,1.15,2.273,3.901,1.517,17392,NOT_APPLICABLE,NOT_APPLICABLE,Last click
PERF-0781138,2025-05-20,CMP-118,Regional Awareness,Organic Social,Lead generation,Enterprise decision makers,Latin America,Desktop,Active,47607,30046,305,265,7,18.32,1128.35,0.641,0.06,2.642,61.591,1.584,15630,NOT_APPLICABLE,NOT_APPLICABLE,Data-driven
PERF-0781139,2025-11-15,CMP-119,Partner Activation,Affiliate,Awareness,Technical evaluators,North America,Desktop,Paused,32395,20313,492,399,21,937.1,6984.55,1.519,1.9,5.263,7.453,1.595,NOT_APPLICABLE,NOT_APPLICABLE,NOT_APPLICABLE,Last click
PERF-0781140,2025-01-05,CMP-120,Spring Demand Gen,Display,Website traffic,Mid-market operations,North America,Mobile,Completed,64812,33451,353,310,7,327.68,1835.31,0.545,0.93,2.258,5.601,1.938,NOT_APPLICABLE,NOT_APPLICABLE,NOT_APPLICABLE,Last click
PERF-0781141,2025-09-19,CMP-121,Enterprise Demo Push,Display,Lead generation,Enterprise decision makers,Middle East and Africa,Mobile,Draft,78296,45720,455,365,7,328.01,1043.85,0.581,0.72,1.918,3.182,1.713,NOT_APPLICABLE,NOT_APPLICABLE,NOT_APPLICABLE,Data-driven
PERF-0781142,2025-10-23,CMP-122,Mid-Market Growth,Paid Social,Lead generation,Enterprise decision makers,North America,Mobile,Active,44865,35976,503,386,9,664.89,3556.63,1.121,1.32,2.332,5.349,1.247,14529,NOT_APPLICABLE,NOT_APPLICABLE,Data-driven
PERF-0781143,2025-03-26,CMP-123,New Product Launch,Paid Search,Lead generation,Existing customers,Europe,Mobile,Completed,11052,6651,433,360,31,1269.38,10495.67,3.918,2.93,8.611,8.268,1.662,NOT_APPLICABLE,NOT_APPLICABLE,NOT_APPLICABLE,Data-driven
PERF-0781144,2025-03-24,CMP-124,Customer Expansion,Paid Search,Lead generation,Enterprise decision makers,Europe,Desktop,Active,12352,6878,691,608,38,1592.63,12426.33,5.594,2.3,6.25,7.802,1.796,NOT_APPLICABLE,NOT_APPLICABLE,NOT_APPLICABLE,Data-driven
PERF-0781145,2025-06-26,CMP-125,Year-End Pipeline,Video,Lead generation,Mid-market operations,Asia Pacific,Mobile,Paused,90903,48053,653,631,11,683.8,2213.91,0.718,1.05,1.743,3.238,1.892,29163,NOT_APPLICABLE,NOT_APPLICABLE,Linear
PERF-0781146,2025-08-27,CMP-126,Regional Awareness,Email,Conversion,Mid-market operations,North America,Mobile,Active,51053,50548,1187,1027,46,208.72,19652.47,2.325,0.18,4.479,94.157,1.01,NOT_APPLICABLE,51835,15469,Last click
PERF-0781147,2025-06-02,CMP-127,Partner Activation,Video,Website traffic,Enterprise decision makers,Middle East and Africa,Desktop,Active,107642,,598,480,8,623.74,2417,0.556,1.04,1.667,3.875,1.171,44546,NOT_APPLICABLE,NOT_APPLICABLE,Data-driven
PERF-0781148,2025-03-25,CMP-128,Spring Demand Gen,Organic Social,Lead generation,Enterprise decision makers,Asia Pacific,Mobile,Paused,68466,53683,894,676,17,45.32,5738.15,1.306,0.05,2.515,126.614,1.275,27482,NOT_APPLICABLE,NOT_APPLICABLE,Last click
PERF-0781149,2025-04-21,CMP-129,Enterprise Demo Push,Email,Website traffic,Technical evaluators,North America,Mobile,Active,29867,28323,1249,1154,51,169.73,12111.49,4.182,0.14,4.419,71.357,1.055,NOT_APPLICABLE,30450,8355,Position based
PERF-0781150,2025-12-26,CMP-130,Mid-Market Growth,PPC,Conversion,Mid-market operations,North America,Mobile,Active,5142,3201,62,56,4,209.67,588.11,1.206,3.38,7.143,2.805,1.606,NOT_APPLICABLE,NOT_APPLICABLE,NOT_APPLICABLE,Last click
PERF-0780018,2025-03-24,CMP-118,Regional Awareness,Email,Awareness,Enterprise decision makers,North America,Mobile,Active,55643,52651,1723,1472,72,323.96,25261.18,3.097,0.19,4.891,77.976,1.057,NOT_APPLICABLE,56704,12813,first_touch
PERF-0780079,2025-09-16,CMP-115,New Product Launch,Paid Social,Lead generation,Existing customers,Asia Pacific,Desktop,Active,70683,45092,472,410,14,640.74,4387.22,0.668,1.36,3.415,6.847,1.568,24530,NOT_APPLICABLE,NOT_APPLICABLE,Linear
PERF-0780140,2025-10-31,CMP-112,Spring Demand Gen,Paid Social,Website traffic,Small business owners,North America,Mobile,Active,52846,36005,892,812,23,927.19,9305.18,1.688,1.04,2.833,10.036,1.468,16457,NOT_APPLICABLE,NOT_APPLICABLE,Data-driven
PERF-0780201,2025-08-01,CMP-109,Year-End Pipeline,Display,Retention,Technical evaluators,Latin America,Desktop,Active,95058,65937,534,478,7,400.16,5393.18,0.562,0.75,1.464,13.478,1.442,NOT_APPLICABLE,NOT_APPLICABLE,NOT_APPLICABLE,Last click
PERF-0780262,2025-08-04,CMP-106,Mid-Market Growth,Paid Social,Website traffic,Technical evaluators,North America,Mobile,Active,67669,43633,773,684,25,1134.4,6389.06,1.142,1.47,3.655,5.632,1.551,26970,NOT_APPLICABLE,NOT_APPLICABLE,Last click
PERF-0780323,2025-05-03,CMP-103,Partner Activation,Email,Lead generation,Mid-market operations,Asia Pacific,Tablet,Active,35961,33062,955,856,43,147.65,12775.2,2.656,0.15,5.023,86.524,1.088,NOT_APPLICABLE,36234,13032,Linear
PERF-0780384,2025-11-20,CMP-132,Customer Expansion,Organic Social,Lead generation,Technical evaluators,Europe,Mobile,Completed,49736,25766,412,356,7,25.72,837.81,0.828,0.06,1.966,32.574,1.93,21485,NOT_APPLICABLE,NOT_APPLICABLE,Linear
PERF-0780445,2025-10-30,CMP-129,Enterprise Demo Push,Video,Lead generation,Existing customers,Europe,Mobile,Active,60669,40179,433,390,9,507.31,2190.02,0.714,1.17,2.308,4.317,1.51,19402,NOT_APPLICABLE,NOT_APPLICABLE,First click
PERF-0780506,2025-04-01,CMP-126,Regional Awareness,Paid Social,Lead generation,Enterprise decision makers,Europe,Desktop,Active,53114,30145,623,455,17,1158.99,5703.85,1.173,1.86,3.736,4.921,1.762,15863,NOT_APPLICABLE,NOT_APPLICABLE,First click
PERF-0780567,2025-01-19,CMP-123,New Product Launch,Display,Awareness,Existing customers,Europe,Mobile,Completed,96639,61398,559,540,13,344.25,3938.12,0.578,0.62,2.407,11.44,1.574,NOT_APPLICABLE,NOT_APPLICABLE,NOT_APPLICABLE,Data-driven
PERF-0780628,2025-10-20,CMP-120,Spring Demand Gen,Email,Lead generation,Mid-market operations,North America,Desktop,Active,30087,24743,944,807,55,178.46,21160.03,3.138,0.19,6.815,118.57,1.216,NOT_APPLICABLE,30515,9761,Data-driven
PERF-0780689,2025-01-05,CMP-117,Year-End Pipeline,Affiliate,Website traffic,Small business owners,North America,Desktop,Active,20854,11867,501,438,15,752.71,4041.3,2.402,1.5,3.425,5.369,1.757,NOT_APPLICABLE,NOT_APPLICABLE,NOT_APPLICABLE,Data-driven
PERF-0780750,2025-11-15,CMP-114,Mid-Market Growth,Video,Awareness,Enterprise decision makers,North America,Tablet,Completed,98205,58318,617,563,9,447.73,1955.85,0.628,0.73,1.599,4.368,1.684,36706,NOT_APPLICABLE,NOT_APPLICABLE,Last click
PERF-0780811,2025-04-03,CMP-111,Partner Activation,Video,Lead generation,Small business owners,Europe,Desktop,Active,110870,56288,906,729,17,978.1,1766.84,0.817,1.08,2.332,1.806,1.97,41902,NOT_APPLICABLE,NOT_APPLICABLE,Last click
PERF-0780872,2025-12-16,CMP-108,Customer Expansion,Paid Search,Awareness,Existing customers,Asia Pacific,Tablet,Active,32352,19894,1756,1483,75,,19267.15,5.428,2.42,5.057,4.539,1.626,NOT_APPLICABLE,NOT_APPLICABLE,NOT_APPLICABLE,Data-driven
PERF-0780933,2025-04-18,CMP-105,Enterprise Demo Push,Video,Lead generation,Technical evaluators,North America,Mobile,Paused,61578,28348,505,446,11,470.56,1962.22,0.82,0.93,2.466,4.17,2.172,25201,NOT_APPLICABLE,NOT_APPLICABLE,Last click
PERF-0780994,2025-02-09,CMP-102,Regional Awareness,Paid Social,Conversion,Mid-market operations,Europe,Mobile,Completed,27648,16051,290,238,6,354.76,2187.7,1.049,1.22,2.521,6.167,1.723,11385,NOT_APPLICABLE,NOT_APPLICABLE,Data-driven
PERF-0781055,2025-09-12,CMP-131,New Product Launch,Paid Search,Lead generation,Technical evaluators,Europe,Desktop,Active,28742,23240,1267,1111,76,,16138.42,4.408,3.17,6.841,4.019,1.237,NOT_APPLICABLE,NOT_APPLICABLE,NOT_APPLICABLE,Data-driven
