opportunity_id,created_date,expected_close_date,actual_close_date,region,territory,account_segment,industry,lead_source,sales_team,product_line,deal_stage,forecast_category,probability_pct,annual_contract_value_usd,discount_pct,contract_term_months,seat_count,sales_cycle_days,expected_revenue_usd,renewal_flag,expansion_flag,competitor,win_loss_reason,last_activity_date,next_step_date
OPP-0310001,2024-10-05,2024-11-28,,Europe,Southern Europe,Enterprise,Manufacturing,Inbound web,Mid-market,Security Suite,Qualification,Pipeline,38,98571.83,11.5,12,1155,452,37457.3,No,No,Apex Cloud,NOT_APPLICABLE,2024-10-13,2024-10-29
OPP-0310002,2024-10-17,2024-12-24,,Europe,Southern Europe,Enterprise,Manufacturing,Event,Enterprise,Security Suite,Proposal,Best case,55,101783.15,1.9,12,704,440,55980.73,No,No,No competitor identified,NOT_APPLICABLE,2024-11-09,2024-11-25
OPP-0310003,2024-09-15,2024-11-09,,North America,Southeast,Mid-market,Healthcare,Outbound sales,Commercial,Workflow Automation,Prospecting,Pipeline,21,21826.92,7.3,24,82,472,4583.65,No,No,Vertex Data,NOT_APPLICABLE,2024-09-17,2024-09-22
OPP-0310004,2025-07-08,2025-09-11,,Europe,Northern Europe,Small business,Healthcare,Customer referral,Mid-market,Workflow Automation,Qualification,Pipeline,35,18310.22,5,12,32,176,6408.58,No,No,No competitor identified,NOT_APPLICABLE,2025-07-11,2025-07-16
OPP-0310005,2025-06-15,2025-10-06,,Europe,Southern Europe,Enterprise,Healthcare,Outbound sales,Commercial,Workflow Automation,Negotiation ,Commit,72,73397.71,16.4,36,794,199,52846.35,No,No,Apex Cloud,NOT_APPLICABLE,2025-06-19,2025-06-26
OPP-0310006,2025-07-28,2025-10-02,2025-09-29,Europe,DACH,Mid-market,Manufacturing,,Commercial,Professional Services,Closed Lost,Omitted,0,23471.76,6.2,12,109,63,0,No,No,Incumbent solution,Timing,2025-09-29,NOT_APPLICABLE
OPP-0310007,2025-12-12,2026-02-19,2026-02-19,North America,West,Enterprise,Healthcare,Customer referral,Commercial,Workflow Automation,Closed Lost,Omitted,0,83998.64,5.6,24,569,69,0,Yes,No,Apex Cloud,Price,2026-02-19,NOT_APPLICABLE
OPP-0310008,2025-07-29,2025-09-11,,Latin America,Latin America,Mid-market,Healthcare,Inbound web,Commercial,Integration,Discovery,Best case,22,40939.51,2,36,27,155,9006.69,No,No,No competitor identified,NOT_APPLICABLE,2025-08-06,2025-08-22
OPP-0310009,2025-10-13,2025-12-29,2025-12-29,North America,Central,Mid-market,Professional services,Customer referral,Enterprise,Professional Services,Closed Lost,Omitted,0,20053.76,15.7,36,34,77,0,No,No,No competitor identified,Competitor selected,2025-12-29,NOT_APPLICABLE
OPP-0310010,2025-12-01,2026-03-10,,Europe,Southern Europe,Small business,Technology,Product-led,Commercial,Data Integration,Discovery,Best case,39,20266.71,6.4,12,36,30,7904.02,No,No,Incumbent solution,NOT_APPLICABLE,2025-12-08,2025-12-27
OPP-0310011,2024-09-17,2024-11-21,,North America,Northeast,Enterprise,Financial services,Inbound web,Mid-market,Security Suite,Proposal,Best case,59,136681.6,14.6,12,462,470,80642.14,Yes,Yes,Incumbent solution,NOT_APPLICABLE,2024-10-25,2024-11-01
OPP-0310012,2025-05-23,2025-08-11,,North America,Southeast,Mid-market,Financial services,Event,Enterprise,Professional Services,Discovery,Best case,45,17396.35,9,12,125,222,7828.36,No,No,Incumbent solution,NOT_APPLICABLE,2025-06-25,2025-07-15
OPP-0310013,04/03/2025,2025-06-04,2025-06-04,North America,Northeast,Mid-market,Manufacturing,Outbound sales,Enterprise,Analytics Platform,Closed Lost,Omitted,0,37279.76,6.9,12,129,62,0,Yes,No,Incumbent solution,Price,2025-06-04,NOT_APPLICABLE
OPP-0310014,2025-10-19,2026-02-20,2026-02-20,Asia Pacific,North Asia,Mid-market,Healthcare,Product-led,Enterprise,Data Integration,Closed Won,Closed,100,34751.43,21,12,225,124,34751.43,No,No,Incumbent solution,Executive sponsorship,2026-02-20,NOT_APPLICABLE
OPP-0310015,2025-05-15,2025-09-11,,Asia Pacific,ANZ,Small business,Healthcare,Partner referral,Commercial,Workflow Automation,Qualification,Pipeline,20,20070.76,6.9,12,36,230,4014.15,Yes,No,Northstar Systems,NOT_APPLICABLE,2025-05-27,2025-06-06
OPP-0310016,2025-09-09,2025-11-06,2025-11-06,Europe,DACH,Mid-market,Technology,Event,Commercial,Analytics Platform,Closed Lost,Omitted,0,33119.85,12.1,12,130,58,0,No,No,Apex Cloud,Competitor selected,2025-11-06,NOT_APPLICABLE
OPP-0310017,2024-10-16,2025-01-04,,NA,West,Small business,Healthcare,Inbound web,Mid-market,Professional Services,Proposal,Best case,56,12609.84,10.1,12,38,441,7061.51,No,No,Vertex Data,NOT_APPLICABLE,2024-12-11,2024-12-23
OPP-0310018,2025-06-15,2025-08-16,,North America,Central,Strategic,Retail,Customer referral,Commercial,Workflow Automation,Prospecting,Pipeline,1,,6.2,12,2700,199,1914.31,Yes,No,Northstar Systems,NOT_APPLICABLE,2025-07-01,2025-07-21
OPP-0310019,2025-01-19,2025-04-01,2025-03-18,Asia Pacific,ANZ,Small business,Professional services,Inbound web,Commercial,Data Integration,Closed Lost,Omitted,0,22143.86,8,36,32,58,0,Yes,Yes,No competitor identified,No decision,2025-03-18,NOT_APPLICABLE
OPP-0310020,2025-05-06,2025-07-31,,Middle East and Africa,Middle East and Africa,Enterprise,Retail,Outbound sales,Commercial,Security Suite,Proposal,Best case,60,115998.16,7.5,36,788,239,69598.9,No,No,,NOT_APPLICABLE,2025-06-01,2025-06-12
OPP-0310021,2024-09-24,2024-12-25,,North America,Southeast,Mid-market,Retail,Partner referral,Mid-market,Analytics Platform,Proposal,Best case,51,46783.58,,12,128,463,23859.63,No,No,No competitor identified,NOT_APPLICABLE,2024-10-04,2024-10-10
OPP-0310022,2025-11-22,2026-01-30,,North America,Southeast,Small business,Retail,Partner referral,Mid-market,Security Suite,Negotiation,Commit,80,30619.61,7.5,12,45,39,24495.69,No,No,No competitor identified,NOT_APPLICABLE,2025-12-11,2025-12-18
OPP-0310023,2025-01-20,2025-05-23,2025-05-23,North America,Southeast,Enterprise,Technology,Inbound web,Commercial,Security Suite,Closed Won,Closed,100,139667.34,6.9,24,551,123,139667.34,No,No,Vertex Data,Product fit,2025-05-23,NOT_APPLICABLE
OPP-0310024,2025-12-03,2026-02-08,2026-02-06,Asia Pacific,ANZ,Mid-market,Public sector,Inbound web,Commercial,Workflow Automation,Closed Won,Closed,100,30963.35,11.6,12,269,65,30963.35,No,No,Northstar Systems,Commercial terms,2026-02-06,NOT_APPLICABLE
OPP-0310025,2024-10-10,2024-12-31,,North America,Northeast,Enterprise,Manufacturing,Partner referral,Strategic accounts,Professional Services,Negotiation,Commit,77,56066.14,12,24,679,447,43170.93,No,No,Incumbent solution,NOT_APPLICABLE,2024-11-19,2024-11-24
OPP-0310026,2025-01-06,2025-02-22,,Asia Pacific,North Asia,Enterprise,Financial services,Event,Mid-market,Security Suite,Qualification,Pipeline,22,121857.92,8.2,12,1377,359,26808.74,No,No,Apex Cloud,NOT_APPLICABLE,2025-02-02,2025-02-21
OPP-0310027,2025-04-11,2025-06-25,,Asia Pacific,ANZ,Enterprise,Financial services,Event,Mid-market,Professional Services,Qualification,Pipeline,29,65858.37,2.5,12,645,264,19098.93,No,No,Incumbent solution,NOT_APPLICABLE,2025-04-23,2025-05-08
OPP-0310028,2024-10-13,2024-12-04,,North America,Northeast,Small business,Retail,Inbound web,Enterprise,Analytics Platform,Discovery,Best case,30,19714.88,3.5,24,28,444,5914.46,Yes,No,Incumbent solution,NOT_APPLICABLE,2024-11-18,2024-11-26
OPP-0310029,2025-10-11,2025-12-06,,Europe,Northern Europe,Mid-market,Retail,Outbound sales,Strategic accounts,Workflow Automation,Qualification,Pipeline,24,32586.7,1.3,36,247,81,7820.81,No,No,Apex Cloud,NOT_APPLICABLE,2025-10-12,2025-10-25
OPP-0310030,2025-11-29,2026-01-28,,Europe,DACH,Mid-market,Retail,Inbound web,Commercial,Data Integration,Prospecting,Pipeline,15,38474.83,10,12,110,32,5771.22,No,No,No competitor identified,NOT_APPLICABLE,2025-12-03,2025-12-16
OPP-0310031,2024-12-01,2025-02-08,,North America,West,Mid-market,Healthcare,Partner referral,Strategic accounts,Workflow Automation,Proposal,Best case,61,29914.11,6.5,24,177,395,18247.61,No,No,Incumbent solution,NOT_APPLICABLE,2025-01-16,2025-01-23
OPP-0310032,2025-09-26,2025-11-12,,Latin America,Latin America,Mid-market,Healthcare,Partner referral,Commercial,Security Suite,Prospecting,Pipeline,11,66282.9,0.2,36,79,96,7291.12,No,No,Incumbent solution,NOT_APPLICABLE,2025-10-07,2025-10-25
OPP-0310033,2025-07-02,2025-09-08,,Asia Pacific,North Asia,Enterprise,Financial services,Inbound web,Mid-market,Analytics Platform,Discovery,Best case,36,99305.39,6.7,24,358,182,35749.94,No,No,Incumbent solution,NOT_APPLICABLE,2025-07-22,2025-08-07
OPP-0310034,2025-02-28,2025-05-09,,Europe,Northern Europe,Mid-market,Manufacturing,Inbound web,Enterprise,Security Suite,Negotiation,Commit,75,56201.26,12.3,36,120,306,42150.94,No,No,No competitor identified,NOT_APPLICABLE,2025-03-20,2025-03-25
OPP-0310035,2024-12-26,2025-03-07,,Asia Pacific,ANZ,Enterprise,Healthcare,Partner referral,Mid-market,Analytics Platform,Qualification,Pipeline,32,114846.97,13,12,535,370,36751.03,No,No,No competitor identified,NOT_APPLICABLE,2024-12-31,2025-01-16
OPP-0310036,2025-06-18,2025-08-21,,North America,Southeast,Strategic,Financial services,Product-led,Strategic accounts,Analytics Platform,Discovery,Best case,43,,4.5,12,2408,196,117468.3,No,No,No competitor identified,NOT_APPLICABLE,2025-08-14,2025-09-01
OPP-0310037,2025-09-17,2025-12-15,,North America,Northeast,Strategic,Financial services,Customer referral,Mid-market,Data Integration,Prospecting,Pipeline,13,,6.2,12,1347,105,30571.18,No,No,Vertex Data,NOT_APPLICABLE,2025-09-29,2025-10-03
OPP-0310038,2024-10-22,2025-02-22,,Latin America,Latin America,Enterprise,Healthcare,Event,Mid-market,Analytics Platform,Negotiation,Commit,78,91133.6,12.1,12,1152,435,71084.21,No,No,No competitor identified,NOT_APPLICABLE,2024-11-07,2024-11-14
OPP-0310039,2025-11-14,2026-01-18,,North America,Southeast,Mid-market,Manufacturing,Event,Strategic accounts,Security Suite,Qualification,Pipeline,29,42895.74,1.2,12,177,47,12439.76,No,No,No competitor identified,NOT_APPLICABLE,2025-12-26,2025-12-30
OPP-0310040,2025-03-11,2025-06-01,2025-05-03,North America,West,Mid-market,Retail,Event,Strategic accounts,Workflow Automation,Closed Lost,Omitted,0,20969.35,14.3,24,91,53,0,Yes,No,Incumbent solution,Missing capability,2025-05-03,NOT_APPLICABLE
OPP-0310041,2025-07-10,2025-11-04,,North America,West,Mid-market,Financial services,Outbound sales,Commercial,Security Suite,Prospecting,Pipeline,0,40142.39,9.3,12,263,174,0,No,No,Build internally,NOT_APPLICABLE,2025-07-12,2025-07-19
OPP-0310042,2024-10-20,2024-12-27,,Europe,Southern Europe,Enterprise,Manufacturing,Outbound sales,Strategic accounts,Workflow Automation,Prospecting,Pipeline,11,62098.8,4.1,24,977,437,6830.87,Yes,No,Apex Cloud,NOT_APPLICABLE,2024-10-23,2024-11-10
OPP-0310043,2025-02-05,2025-03-08,,Asia Pacific,ANZ,Mid-market,Financial services,Partner referral,Strategic accounts,Data Integration,Prospecting,Pipeline,6,34919.95,0.5,36,159,329,2095.2,No,No,No competitor identified,NOT_APPLICABLE,2025-02-15,2025-03-02
OPP-0310044,2025-11-24,2026-02-01,,Asia Pacific,Southeast Asia,Small business,Healthcare,Outbound sales,Commercial,Analytics Platform,Qualification,Pipeline,32,19967.46,0,12,35,37,6389.59,Yes,No,Apex Cloud,NOT_APPLICABLE,2025-11-24,2025-12-09
OPP-0310045,2025-07-23,2025-09-28,,North America,Northeast,Enterprise,Manufacturing,Outbound sales,Commercial,Professional Services,Proposal,Best case,62,70190.19,10.2,12,1144,161,43517.92,No,No,No competitor identified,NOT_APPLICABLE,2025-08-28,2025-09-16
OPP-0310046,2025-11-08,2026-02-06,,North America,Northeast,Mid-market,Professional services,Outbound sales,Strategic accounts,Workflow Automation,Proposal,Best case,62,24111.76,4.4,12,163,53,14949.29,Yes,No,Northstar Systems,NOT_APPLICABLE,2025-12-20,2026-01-08
OPP-0310047,2025-04-26,2025-09-01,,North America,Central,Mid-market,Manufacturing,Product-led,Enterprise,Analytics Platform,Proposal,Best case,59,37088.92,6.9,12,3,249,21882.46,No,No,Vertex Data,NOT_APPLICABLE,2025-06-16,2025-06-27
OPP-0310048,2025-01-05,2025-03-23,,North America,West,Enterprise,Technology,Outbound sales,Mid-market,Security Suite,Discovery,Best case,45,92828.01,13.1,12,1025,360,41772.6,No,No,No competitor identified,NOT_APPLICABLE,2025-01-28,2025-02-14
OPP-0310049,2025-10-28,2026-01-31,2025-12-20,Asia Pacific,Southeast Asia,Mid-market,Technology,Renewal motion,Enterprise,Professional Services,Closed Lost,Omitted,0,21042.02,2.5,24,174,53,0,No,No,Northstar Systems,Price,2025-12-20,NOT_APPLICABLE
OPP-0310050,2025-11-19,2026-02-27,2026-02-10,North America,West,Mid-market,Technology,Product-led,Commercial,Workflow Automation,Closed Lost,Omitted,0,34498.69,15.4,24,189,83,0,No,No,Apex Cloud,Timing,2026-02-10,NOT_APPLICABLE
OPP-0310051,2025-08-19,2025-10-27,,Latin America,Latin America,Mid-market,Financial services,Partner referral,Enterprise,Analytics Platform,Discovery,Best case,36,40804.27,13,12,87,134,14689.54,No,No,Vertex Data,NOT_APPLICABLE,2025-10-04,2025-10-14
OPP-0310052,2025-04-06,2025-05-14,,Europe,DACH,Mid-market,Healthcare,Customer referral,Mid-market,Analytics Platform,Discovery,Best case,39,32537.26,7.8,24,238,269,12689.53,Yes,No,Apex Cloud,NOT_APPLICABLE,2025-04-21,2025-04-29
OPP-0310053,2025-06-18,2025-09-15,,Asia Pacific,North Asia,Enterprise,Professional services,,Commercial,Security Suite,Proposal,Best case,57,,5.6,12,603,196,93913.87,No,No,Incumbent solution,NOT_APPLICABLE,2025-08-23,2025-09-08
OPP-0310054,2024-09-07,2024-12-23,,Asia Pacific,Southeast Asia,Enterprise,Public sector,Outbound sales,Enterprise,Analytics Platform,Proposal,Best case,53,144178.47,0,12,549,480,76414.59,No,No,Build internally,NOT_APPLICABLE,2024-10-07,2024-10-18
OPP-0310055,2025-07-10,2025-09-27,,North America,Northeast,Enterprise,Financial services,Inbound web,Enterprise,Data Integration,Discovery,Best case,34,69511.66,4.7,24,830,174,23633.96,No,No,Build internally,NOT_APPLICABLE,2025-07-27,2025-08-04
OPP-0310056,2025-01-26,2025-04-07,,North America,West,Mid-market,Financial services,Product-led,Enterprise,Security Suite,Prospecting,Pipeline,6,45612.22,13.9,12,202,339,2736.73,No,No,Apex Cloud,NOT_APPLICABLE,2025-01-28,2025-02-10
OPP-0310057,2025-02-10,2025-05-13,2025-05-13,Middle East and Africa,Middle East and Africa,Enterprise,Retail,Partner referral,Strategic accounts,Data Integration,Closed Lost,Omitted,0,82921.39,13.4,12,1054,92,0,No,No,Northstar Systems,Missing capability,2025-05-13,NOT_APPLICABLE
OPP-0310058,2025-11-18,2026-01-15,,North America,Northeast,Enterprise,Technology,Partner referral,Commercial,Workflow Automation,Discovery,Best case,39,80776.97,0.9,12,338,43,31503.02,No,No,No competitor identified,NOT_APPLICABLE,2025-12-10,2025-12-18
OPP-0310059,2025-10-03,2025-12-25,2025-12-25,Latin America,Latin America,Enterprise,Financial services,Inbound web,Strategic accounts,Analytics Platform,Closed Lost,Omitted,0,79863.74,14.3,12,835,83,0,Yes,No,No competitor identified,No decision,2025-12-25,NOT_APPLICABLE
OPP-0310060,2025-08-29,2025-10-22,,North America,Northeast,Small business,Manufacturing,Renewal motion,Mid-market,Analytics Platform,Prospecting,Pipeline,3,28584.95,0,24,21,124,857.55,No,No,Vertex Data,NOT_APPLICABLE,2025-09-02,2025-09-18
OPP-0310061,2025-01-11,2025-03-09,2025-03-09,North America,Central,Mid-market,Public sector,Product-led,Mid-market,Analytics Platform,Closed Lost,Omitted,0,37354.97,14,36,84,57,0,No,No,Northstar Systems,No decision,2025-03-09,NOT_APPLICABLE
OPP-0310062,2025-01-19,2025-04-19,,North America,Southeast,Mid-market,Professional services,Product-led,Strategic accounts,Analytics Platform,Proposal,Best case,65,50258.22,2,12,222,346,32667.84,No,No,No competitor identified,NOT_APPLICABLE,2025-02-07,2025-02-14
OPP-0310063,2025-12-11,2026-03-17,,Asia Pacific,North Asia,Small business,Manufacturing,Partner referral,Enterprise,Analytics Platform,Discovery,Best case,37,20928.14,10.8,12,39,20,7743.41,No,No,Apex Cloud,NOT_APPLICABLE,2025-12-23,2025-12-29
OPP-0310064,2025-08-20,2025-11-20,,North America,West,Enterprise,Technology,Outbound sales,Enterprise,Workflow Automation,Negotiation,Commit,79,76360.16,12.3,12,1108,133,60324.53,No,No,Northstar Systems,NOT_APPLICABLE,2025-08-27,2025-09-11
OPP-0310065,2024-11-20,2025-02-06,,North America,Central,Mid-market,Technology,Inbound web,Enterprise,Analytics Platform,Qualification,Pipeline,17,43233.31,1.5,12,186,406,7349.66,No,No,Apex Cloud,NOT_APPLICABLE,2024-11-28,2024-12-06
OPP-0310066,2025-01-10,2025-04-23,,North America,Central,Enterprise,Healthcare,Customer referral,Mid-market,Professional Services,Negotiation,Commit,78,52880.15,7.3,12,991,355,41246.52,Yes,Yes,Northstar Systems,NOT_APPLICABLE,2025-03-03,2025-03-06
OPP-0310067,2025-08-10,2025-10-01,2025-10-01,Asia Pacific,Southeast Asia,Mid-market,Manufacturing,Product-led,Strategic accounts,Analytics Platform,Closed Lost,Omitted,0,40651.3,14.8,36,120,52,0,Yes,No,No competitor identified,Competitor selected,2025-10-01,NOT_APPLICABLE
OPP-0310068,2025-01-16,2025-03-29,,Asia Pacific,ANZ,Enterprise,Professional services,Inbound web,Commercial,Workflow Automation,Discovery,Best case,46,70060.72,1.1,12,1000,349,32227.93,No,No,Northstar Systems,NOT_APPLICABLE,2025-02-10,2025-02-25
OPP-0310069,2025-04-08,2025-06-15,,Asia Pacific,North Asia,Enterprise,Financial services,Outbound sales,Strategic accounts,Workflow Automation,Discovery,Best case,38,83067.98,8.6,24,925,267,31565.83,No,No,Vertex Data,NOT_APPLICABLE,2025-05-16,2025-06-04
OPP-0310070,2024-12-08,2025-02-06,,Latin America,Latin America,Mid-market,Technology,Inbound web,Mid-market,Security Suite,Prospecting,Pipeline,10,40505.99,4.7,12,249,388,4050.6,No,No,Northstar Systems,NOT_APPLICABLE,2024-12-13,2024-12-26
OPP-0310071,2024-12-03,2025-03-16,,North America,Southeast,Enterprise,Financial services,Outbound sales,Strategic accounts,Data Integration,Discovery,Best case,50,87236.49,7.1,24,422,393,43618.25,Yes,Yes,Vertex Data,NOT_APPLICABLE,2024-12-16,2024-12-22
OPP-0310072,2024-11-04,2025-02-13,,North America,Southeast,Enterprise,Retail,Inbound web,Strategic accounts,Analytics Platform,Discovery,Best case,32,106476.99,4.5,12,685,422,34072.64,No,No,No competitor identified,NOT_APPLICABLE,2024-11-10,2024-11-15
OPP-0310073,2024-11-04,2025-02-11,2025-02-11,Europe,DACH,Small business,Technology,Outbound sales,Commercial,Analytics Platform,Closed Won,Closed,100,15646.81,17,12,29,99,15646.81,Yes,Yes,Apex Cloud,Product fit,2025-02-11,NOT_APPLICABLE
OPP-0310074,2025-05-17,2025-07-18,,Asia Pacific,North Asia,Mid-market,Technology,Customer referral,Commercial,Analytics Platform,Negotiation,Commit,85,36986.88,5.3,12,177,228,31438.85,No,No,Incumbent solution,NOT_APPLICABLE,2025-06-25,2025-07-04
OPP-0310075,2025-01-31,2025-04-15,,Europe,Northern Europe,Enterprise,Healthcare,Outbound sales,Commercial,Analytics Platform,Qualification,Pipeline,32,128316.56,8.8,12,772,334,41061.3,No,No,Vertex Data,NOT_APPLICABLE,2025-02-02,
OPP-0310076,2025-07-29,2025-10-09,,Asia Pacific,ANZ,Small business,Public sector,Inbound web,Mid-market,Data Integration,Proposal,Best case,58,23513.4,2.7,12,49,155,13637.77,No,No,No competitor identified,NOT_APPLICABLE,2025-09-11,2025-09-18
OPP-0310077,2025-10-08,2025-12-15,,North America,Southeast,Mid-market,Professional services,Product-led,Commercial,Security Suite,Negotiation,Commit,78,53805.01,14.6,24,183,84,41967.91,Yes,Yes,Vertex Data,NOT_APPLICABLE,2025-10-14,2025-10-27
OPP-0310078,2025-08-10,2025-11-08,,Middle East and Africa,Middle East and Africa,Enterprise,Technology,Customer referral,Enterprise,Data Integration,Qualification,Pipeline,34,118928.37,6.1,24,873,143,40435.65,No,No,Incumbent solution,NOT_APPLICABLE,2025-08-26,2025-08-30
OPP-0310079,2025-11-28,2026-02-16,2026-02-16,North America,Northeast,Small business,Professional services,Partner referral,Enterprise,Data Integration,Closed Lost,Omitted,0,13122.43,16,12,42,80,0,No,No,No competitor identified,Price,2026-02-16,NOT_APPLICABLE
OPP-0310080,2025-03-09,2025-05-29,,Europe,DACH,Small business,Financial services,Event,Strategic accounts,Workflow Automation,Discovery,Best case,36,16150.95,16.1,36,39,297,5814.34,No,No,No competitor identified,NOT_APPLICABLE,2025-03-25,2025-04-01
OPP-0310081,2025-08-26,2025-10-08,,North America,Southeast,Mid-market,Financial services,Inbound web,Mid-market,Data Integration,Qualification,Pipeline,33,28668.59,19.7,12,148,127,9460.63,No,No,Northstar Systems,NOT_APPLICABLE,2025-09-03,2025-09-07
OPP-0310082,2025-03-05,2025-06-12,,Asia Pacific,ANZ,Enterprise,Financial services,Customer referral,Commercial,Security Suite,Proposal,Best case,58,143376.13,9,12,337,301,83158.16,Yes,No,Apex Cloud,NOT_APPLICABLE,2025-04-11,2025-04-14
OPP-0310083,2025-01-27,2025-04-26,,Asia Pacific,North Asia,Mid-market,Technology,Product-led,Enterprise,Analytics Platform,Prospecting,Pipeline,17,48657.23,2.2,36,150,338,8271.73,No,No,Vertex Data,NOT_APPLICABLE,2025-01-27,2025-02-01
OPP-0310084,2025-07-21,2025-09-13,,Asia Pacific,ANZ,Small business,Technology,Inbound web,Enterprise,Analytics Platform,Qualification,Pipeline,27,24994.83,10.7,12,19,163,6748.6,No,No,No competitor identified,NOT_APPLICABLE,2025-07-21,2025-07-30
OPP-0310085,2025-01-03,2025-04-24,,Europe,Northern Europe,Enterprise,Manufacturing,Product-led,Mid-market,Analytics Platform,Proposal,Best case,46,120239.75,0,12,462,362,55310.29,No,No,Apex Cloud,NOT_APPLICABLE,2025-01-14,2025-02-02
OPP-0310086,2025-01-14,2025-03-17,,North America,West,Mid-market,Healthcare,Customer referral,Enterprise,Data Integration,Prospecting,Pipeline,9,30633.25,6.9,12,98,351,2756.99,No,No,Build internally,NOT_APPLICABLE,2025-01-14,2025-01-28
OPP-0310087,2024-09-07,2024-11-23,,Asia Pacific,Southeast Asia,Enterprise,Manufacturing,Outbound sales,Mid-market,Analytics,Qualification,Pipeline,23,85105.6,6.5,24,1072,480,19574.29,No,No,Apex Cloud,NOT_APPLICABLE,2024-09-15,2024-10-03
OPP-0310088,2024-09-07,2024-11-12,,North America,West,Small business,Financial services,Outbound sales,Mid-market,Analytics Platform,Discovery,Best case,34,27500.17,6.7,12,32,480,9350.06,No,No,Vertex Data,NOT_APPLICABLE,2024-09-20,2024-09-29
OPP-0310089,2025-10-03,2025-11-27,,Asia Pacific,Southeast Asia,Mid-market,Healthcare,Product-led,Commercial,Workflow Automation,Negotiation,Commit,73,25658.55,10.4,12,116,89,18730.74,No,No,Build internally,NOT_APPLICABLE,2025-11-15,2025-12-01
OPP-0310090,2025-03-01,2025-04-16,,Latin America,Latin America,Small business,Healthcare,Outbound sales,Commercial,Data Integration,Qualification,Pipeline,39,22534.46,1.9,12,31,305,8788.44,No,No,No competitor identified,NOT_APPLICABLE,2025-03-16,2025-03-31
OPP-0310091,2025-03-18,2025-06-26,,Asia Pacific,Southeast Asia,Mid-market,Technology,Renewal motion,Commercial,Professional Services,Proposal,Best case,60,22573.56,7.2,12,176,288,13544.14,Yes,No,,NOT_APPLICABLE,2025-04-30,2025-05-18
OPP-0310092,2025-12-04,2026-01-31,,Asia Pacific,North Asia,Small business,Retail,Outbound sales,Mid-market,Data Integration,Qualification,Pipeline,33,14898.83,9.4,24,51,27,4916.61,No,No,Build internally,NOT_APPLICABLE,2025-12-17,2025-12-26
OPP-0310093,2025-09-29,2025-12-20,,North America,West,Mid-market,Manufacturing,Outbound sales,Commercial,Analytics Platform,Qualification,Pipeline,26,50077.57,7.8,12,10,93,13020.17,No,No,No competitor identified,NOT_APPLICABLE,2025-11-05,2025-11-21
OPP-0310094,2025-01-15,2025-04-07,,Europe,Northern Europe,Mid-market,Healthcare,Inbound web,Commercial,Data Integration,Discovery,Best case,44,45788.67,5.2,12,133,350,20147.01,No,No,Northstar Systems,NOT_APPLICABLE,2025-01-21,2025-02-09
OPP-0310095,2025-11-10,2026-01-06,,North America,Northeast,Small business,Financial services,Customer referral,Enterprise,Data Integration,Qualification,Pipeline,8,19499.77,5.5,12,4,51,1559.98,No,No,Vertex Data,NOT_APPLICABLE,2025-12-17,2026-01-05
OPP-0310096,2025-05-22,2025-08-04,,Europe,Northern Europe,Enterprise,Financial services,Outbound sales,Enterprise,Security Suite,Qualification,Pipeline,28,146549.56,13.1,12,393,223,41033.88,No,No,Northstar Systems,NOT_APPLICABLE,2025-07-30,2025-08-13
OPP-0310097,2025-09-05,2025-11-05,,Asia Pacific,ANZ,Mid-market,Professional services,Event,Enterprise,Professional Services,Proposal,Best case,45,22502.34,3.4,36,181,117,10126.05,No,No,Northstar Systems,NOT_APPLICABLE,2025-09-26,2025-10-04
OPP-0310098,2025-04-06,2025-06-06,,North America,Southeast,Mid-market,Professional services,Inbound web,Enterprise,Workflow Automation,Proposal,Best case,61,22948.11,7,12,49,269,13998.35,No,No,No competitor identified,NOT_APPLICABLE,2025-05-15,2025-05-28
OPP-0310099,2025-08-02,2025-12-11,2025-12-11,North America,Central,Strategic,Public sector,Inbound web,Mid-market,Data Integration,Closed Won,Closed,100,171801.52,15.4,36,1707,131,171801.52,Yes,No,Vertex Data,Commercial terms,2025-12-11,NOT_APPLICABLE
OPP-0310100,2024-09-01,2024-10-22,,APAC,ANZ,Enterprise,Healthcare,,Commercial,Analytics Platform,Discovery,Best case,34,107913.44,5.9,12,1241,486,36690.57,Yes,Yes,No competitor identified,NOT_APPLICABLE,2024-09-07,2024-09-24
OPP-0310101,2025-09-27,2026-01-09,,North America,Central,Mid-market,Healthcare,Customer referral,Enterprise,Data Integration,Proposal,Best case,55,31305.6,6.9,24,166,95,17218.08,No,No,Apex Cloud,NOT_APPLICABLE,2025-11-04,2025-11-23
OPP-0310102,2025-06-17,2025-08-14,,Middle East and Africa,Middle East and Africa,Enterprise,Healthcare,Customer referral,Mid-market,Professional Services,Qualification,Pipeline,30,69997.97,3.6,24,1264,197,20999.39,No,No,Build internally,NOT_APPLICABLE,2025-07-13,2025-08-02
OPP-0310103,2024-09-18,2024-12-21,,North America,Southeast,Strategic,Technology,Inbound web,Commercial,Workflow Automation,Negotiation,Commit,82,,7.8,12,1924,469,147982.88,No,No,Northstar Systems,NOT_APPLICABLE,2024-09-27,2024-10-06
OPP-0310104,2025-11-02,2026-01-30,,North America,Southeast,Enterprise,Retail,Customer referral,Mid-market,Data Integration,Qualification,Pipeline,18,107058.2,3.9,36,1135,59,19270.48,Yes,Yes,No competitor identified,NOT_APPLICABLE,2025-11-03,2025-11-22
OPP-0310105,2025-02-03,2025-04-11,,North America,West,Enterprise,Retail,Partner referral,Mid-market,Security Suite,Proposal,Best case,58,115127.12,4.1,36,828,331,66773.73,No,No,Apex Cloud,NOT_APPLICABLE,2025-02-10,2025-02-27
OPP-0310106,2024-12-07,2025-03-25,,Latin America,Latin America,Mid-market,Professional services,Outbound sales,Mid-market,Workflow Automation,Negotiation,Commit,76,25164.22,15,36,252,389,19124.81,No,No,No competitor identified,NOT_APPLICABLE,2025-01-22,2025-01-29
OPP-0310107,2024-11-02,2025-01-02,,North America,Southeast,Enterprise,Financial services,Partner referral,Commercial,Analytics Platform,Prospecting,Pipeline,7,117477.48,7.2,12,872,424,8223.42,Yes,Yes,Incumbent solution,NOT_APPLICABLE,2024-11-03,2024-11-19
OPP-0310108,2025-11-08,2026-02-03,,Europe,Northern Europe,Mid-market,Financial services,Partner referral,Mid-market,Analytics Platform,Qualification,Pipeline,23,49296.31,3.5,12,263,53,11338.15,No,No,No competitor identified,NOT_APPLICABLE,2025-11-11,2025-11-16
OPP-0310109,2025-07-23,2025-09-17,,North America,Central,Small business,Technology,Partner referral,Enterprise,Workflow Automation,Proposal,Best case,55,11676.97,15.8,24,50,161,6422.33,No,No,Incumbent solution,NOT_APPLICABLE,2025-07-31,2025-08-13
OPP-0310110,10/19/2025,2026-01-29,,Europe,Northern Europe,Mid-market,Manufacturing,Partner referral,Mid-market,Security Suite,Discovery,Best case,37,48542.57,3.6,12,34,73,17960.75,Yes,Yes,Northstar Systems,NOT_APPLICABLE,2025-11-03,2025-11-13
OPP-0310111,2025-08-02,2025-10-11,,Europe,DACH,Mid-market,Technology,Outbound sales,Commercial,Data Integration,Qualification,Pipeline,34,37785.98,0,12,292,151,12847.23,No,No,Northstar Systems,NOT_APPLICABLE,2025-08-07,2025-08-25
OPP-0310112,2025-10-13,2025-12-23,,Asia Pacific,North Asia,Mid-market,Technology,Inbound web,Enterprise,Data Integration,Proposal,Best case,52,35800.72,10.9,24,145,79,18616.37,No,No,Incumbent solution,NOT_APPLICABLE,2025-11-09,2025-11-14
OPP-0310113,2024-09-04,2024-11-29,,Latin America,Latin America,Mid-market,Healthcare,Inbound web,Strategic accounts,Workflow Automation,Discovery,Best case,49,35626.08,4.7,24,261,483,17456.78,No,No,Vertex Data,NOT_APPLICABLE,2024-09-25,2024-10-11
OPP-0310114,2024-12-31,2025-03-17,,Asia Pacific,Southeast Asia,Mid-market,Professional services,Inbound web,Mid-market,Security Suite,Negotiation,Commit,88,52441.14,12.3,12,134,365,46148.2,No,No,Incumbent solution,NOT_APPLICABLE,2025-02-17,2025-03-02
OPP-0310115,2024-12-11,2025-02-13,,Europe,DACH,Small business,Healthcare,Product-led,Enterprise,Data Integration,Proposal,Best case,58,17617.38,8.1,12,46,385,10218.08,No,No,Build internally,NOT_APPLICABLE,2024-12-20,2025-01-02
OPP-0310116,2025-06-28,2025-10-26,,North America,Northeast,Strategic,Retail,Outbound sales,Commercial,Analytics Platform,Negotiation,Commit,63,,12.1,24,1363,186,152836.66,No,No,No competitor identified,NOT_APPLICABLE,2025-08-26,2025-08-29
OPP-0310117,2025-08-27,2025-12-01,,Europe,Northern Europe,Small business,Financial services,Renewal motion,Commercial,Workflow Automation,Prospecting,Pipeline,0,15527.65,3,24,32,126,0,No,No,Northstar Systems,NOT_APPLICABLE,2025-09-05,2025-09-08
OPP-0310118,2025-07-06,2025-10-31,,Latin America,Latin America,Strategic,Technology,Outbound sales,Mid-market,Workflow Automation,Discovery,Best case,38,150082.31,3.8,12,1638,178,57031.28,No,No,No competitor identified,NOT_APPLICABLE,2025-07-10,2025-07-21
OPP-0310119,2025-11-26,2026-01-17,,North America,Northeast,Mid-market,Technology,Partner referral,Enterprise,Data Integration,Prospecting,Pipeline,15,30068.87,7.9,12,144,35,4510.33,No,No,Northstar Systems,NOT_APPLICABLE,2025-12-11,2025-12-16
OPP-0310120,2025-10-22,2026-01-19,2026-01-19,North America,West,Small business,Manufacturing,Inbound web,Strategic accounts,Professional Services,Closed Won,Closed,70%,8857.09,15.1,36,25,89,8857.09,No,No,Vertex Data,Partner influence,2026-01-19,NOT_APPLICABLE
OPP-0310121,2025-08-28,2025-11-15,,North America,Central,Enterprise,Professional services,Customer referral,Mid-market,Professional Services,Discovery,Best case,45,68857.27,5.1,24,865,125,30985.77,No,No,Northstar Systems,NOT_APPLICABLE,2025-09-26,2025-10-16
OPP-0310122,2025-06-23,2025-10-10,,North America,Southeast,Mid-market,Financial services,Renewal motion,Commercial,Workflow Automation,Prospecting,Pipeline,13,34321.8,2.6,24,71,191,4461.83,No,No,Vertex Data,NOT_APPLICABLE,2025-07-07,2025-07-16
OPP-0310122,2025-01-11,2025-05-07,2025-05-07,Europe,Northern Europe,Mid-market,Technology,Outbound sales,Mid-market,Analytics Platform,Closed Won,Closed,100,31405.94,12.7,12,101,116,31405.94,No,No,No competitor identified,Implementation plan,2025-05-07,NOT_APPLICABLE
OPP-0310124,2024-11-22,2025-03-22,2025-03-22,Latin America,Latin America,Mid-market,Manufacturing,Product-led,Enterprise,Security Suite,Closed Won,Closed,100,38485.66,15.7,12,138,120,38485.66,Yes,Yes,Vertex Data,Commercial terms,2025-03-22,NOT_APPLICABLE
OPP-0310125,2025-08-04,2025-10-10,,Asia Pacific,North Asia,Mid-market,Financial services,Inbound web,Mid-market,Analytics Platform,Discovery,Best case,48,55307.01,4.3,12,56,149,26547.36,No,No,Vertex Data,NOT_APPLICABLE,2025-08-13,2025-08-18
OPP-0310126,2024-12-21,2025-02-13,,North America,Southeast,Small business,Technology,Customer referral,Enterprise,Analytics Platform,Prospecting,Pipeline,23,26540.07,8,12,13,375,6104.22,No,No,No competitor identified,NOT_APPLICABLE,2025-01-27,2025-02-14
OPP-0310127,2025-04-20,2025-06-13,,North America,Central,Small business,Manufacturing,Event,Commercial,Data Integration,Prospecting,Pipeline,10,19622.26,14.4,12,38,255,1962.23,No,No,No competitor identified,NOT_APPLICABLE,2025-04-20,2025-04-29
OPP-0310128,2025-10-11,2026-01-17,,North America,West,Mid-market,Retail,Outbound sales,Commercial,Professional Services,Negotiation,Commit,72,19106.52,8.1,12,84,81,13756.69,No,No,No competitor identified,NOT_APPLICABLE,2025-11-06,2025-11-24
OPP-0310129,2025-08-07,2025-10-30,,Asia Pacific,North Asia,Enterprise,Manufacturing,Inbound web,Enterprise,Workflow Automation,Negotiation,Commit,80,65110.76,15.5,24,312,146,52088.61,Yes,Yes,Incumbent solution,NOT_APPLICABLE,2025-10-22,2025-11-03
OPP-0310130,2025-01-20,2025-03-31,,Europe,Northern Europe,Small business,Retail,Renewal motion,Mid-market,Analytics Platform,Negotiation,Commit,94,27270.37,16.9,12,37,345,25634.15,No,No,No competitor identified,NOT_APPLICABLE,2025-03-09,2025-03-16
OPP-0310131,2025-03-22,2025-06-17,2025-06-17,North America,West,Small business,Manufacturing,Product-led,Commercial,Data Integration,Closed Lost,Omitted,0,20152.02,14.2,12,43,87,0,No,No,No competitor identified,Competitor selected,2025-06-17,NOT_APPLICABLE
OPP-0310132,2025-06-14,2025-09-12,2025-09-12,North America,West,Mid-market,Manufacturing,Partner referral,Enterprise,Security Suite,Closed Lost,Omitted,0,43013.21,16.8,12,63,90,0,Yes,No,Northstar Systems,Competitor selected,2025-09-12,NOT_APPLICABLE
OPP-0310133,2025-11-22,2026-01-09,,Asia Pacific,North Asia,Enterprise,Technology,Inbound web,Mid-market,Workflow Automation,Discovery,Best case,43,83494.32,0,12,665,39,35902.56,No,No,No competitor identified,NOT_APPLICABLE,2025-12-03,2025-12-06
OPP-0310134,2024-10-13,2024-11-15,,Asia Pacific,North Asia,Small business,Public sector,Partner referral,Strategic accounts,Data Integration,Prospecting,Pipeline,9,23477.78,0,12,10,444,2113,Yes,No,Apex Cloud,NOT_APPLICABLE,2024-10-13,2024-10-27
OPP-0310135,2025-07-06,2025-09-27,,North America,Central,Mid-market,Financial services,Event,Enterprise,Analytics Platform,Proposal,Best case,59,52784.48,0,12,128,178,31142.84,No,No,No competitor identified,NOT_APPLICABLE,2025-08-07,2025-08-20
OPP-0310136,2025-11-22,2026-01-31,,North America,Southeast,Enterprise,Retail,Inbound web,Strategic accounts,Workflow Automation,Qualification,Pipeline,21,62489.98,5.2,12,797,39,13122.9,Yes,Yes,Incumbent solution,NOT_APPLICABLE,2026-01-18,
OPP-0310137,2025-06-18,2025-09-30,,Middle East and Africa,Middle East and Africa,Enterprise,Financial services,Inbound web,Commercial,Analytics Platform,Proposal,Best case,55,76860.06,12,12,488,196,42273.03,Yes,No,Apex Cloud,NOT_APPLICABLE,2025-07-05,2025-07-16
OPP-0310138,2024-12-24,2025-04-09,2025-04-09,North America,Northeast,Small business,Financial services,Outbound sales,Mid-market,Workflow Automation,Closed Won,Closed,100,19547.32,11,36,50,106,19547.32,No,No,No competitor identified,Partner influence,2025-04-09,NOT_APPLICABLE
OPP-0310139,2024-11-19,2025-02-03,,North America,West,Enterprise,Retail,Partner referral,Strategic accounts,Data Integration,Qual,Pipeline,32,104264.62,12.3,24,896,407,33364.68,No,No,No competitor identified,NOT_APPLICABLE,2024-11-21,2024-11-28
OPP-0310140,2025-02-04,2025-05-29,,North America,Central,Mid-market,Technology,Partner referral,Commercial,Workflow Automation,Negotiation,Commit,85,24214.57,13.6,12,147,330,20582.38,No,No,Incumbent solution,NOT_APPLICABLE,2025-03-27,2025-04-04
OPP-0310141,2025-09-26,2025-12-29,,North America,Central,Small business,Retail,Partner referral,Mid-market,Analytics Platform,Negotiation,Commit,65,20246.7,16.5,12,19,96,13160.35,No,No,Apex Cloud,NOT_APPLICABLE,2025-12-25,2026-01-05
OPP-0310142,2025-03-29,2025-05-17,,Asia Pacific,North Asia,Enterprise,Financial services,Inbound web,Strategic accounts,Data Integration,Qualification,Pipeline,23,89714.37,10.7,12,1263,277,20634.31,No,No,Northstar Systems,NOT_APPLICABLE,2025-05-05,2025-05-24
OPP-0310143,2025-07-12,2025-10-16,,Europe,Northern Europe,Small business,Manufacturing,Outbound sales,Strategic accounts,Workflow Automation,Prospecting,Pipeline,15,15347.12,6.6,12,13,172,2302.07,No,No,No competitor identified,NOT_APPLICABLE,2025-07-19,2025-07-29
OPP-0310144,2025-11-18,2026-01-30,,North America,Northeast,Mid-market,Professional services,Event,Commercial,Analytics Platform,Proposal,Best case,59,39143.36,7.4,24,87,43,23094.58,Yes,No,Apex Cloud,NOT_APPLICABLE,2026-01-26,2026-02-13
OPP-0310145,2024-12-01,2025-05-12,,North America,Northeast,Small business,Financial services,Partner referral,Mid-market,Workflow Automation,Proposal,Best case,59,17655.82,10,12,30,395,10416.93,Yes,Yes,Incumbent solution,NOT_APPLICABLE,2024-12-25,2024-12-29
OPP-0310146,2024-10-01,2024-12-12,,Asia Pacific,North Asia,Small business,Financial services,Product-led,Commercial,Workflow Automation,Proposal,Best case,69,16153.41,7.1,12,50,456,11145.85,Yes,Yes,Vertex Data,NOT_APPLICABLE,2024-11-14,2024-11-21
OPP-0310147,2025-05-30,2025-07-29,,Europe,Southern Europe,Mid-market,Public sector,,Strategic accounts,Analytics Platform,Proposal,Best case,64,56592.43,5.1,12,93,215,36219.16,No,No,No competitor identified,NOT_APPLICABLE,2025-06-15,2025-06-22
OPP-0310148,2025-06-09,2025-10-18,,Latin America,Latin America,Small business,Financial services,Partner referral,Mid-market,Professional Services,Prospecting,Pipeline,15,12043.15,0,12,16,205,1806.47,Yes,No,Apex Cloud,NOT_APPLICABLE,2025-06-22,2025-07-07
OPP-0310149,2025-07-20,2025-08-28,,North America,Southeast,Mid-market,Healthcare,Outbound sales,Strategic accounts,Analytics Platform,Prospecting,Pipeline,3,45473.76,5.4,12,30,164,1364.21,No,No,Vertex Data,NOT_APPLICABLE,2025-08-10,2025-08-22
OPP-0310150,2024-10-04,2025-01-16,,Asia Pacific,ANZ,Mid-market,Retail,Inbound web,Mid-market,Professional Services,Qualification,Pipeline,19,22920.59,1.2,12,121,453,4354.91,Yes,No,Apex Cloud,NOT_APPLICABLE,2024-10-16,2024-10-20
OPP-0310151,2024-12-31,2025-03-07,,Asia Pacific,ANZ,Mid-market,Manufacturing,Inbound web,Enterprise,Data Integration,Negotiation,Commit,90,34147.36,,12,133,365,30732.62,No,No,No competitor identified,NOT_APPLICABLE,2025-02-15,2025-02-27
OPP-0310152,2024-09-14,2024-12-30,,Europe,Southern Europe,Small business,Retail,Partner referral,Commercial,Analytics Platform,Negotiation,Commit,76,24541.54,12.4,12,32,473,18651.57,No,No,No competitor identified,NOT_APPLICABLE,2024-12-21,2025-01-05
OPP-0310153,2025-11-04,2026-02-10,,Europe,Southern Europe,Mid-market,Technology,Event,Commercial,Workflow Automation,Negotiation,Commit,72,20067.55,14.6,24,144,57,14448.64,Yes,Yes,No competitor identified,NOT_APPLICABLE,2025-11-28,2025-12-15
OPP-0310154,2025-05-11,2025-08-03,,North America,Southeast,Mid-market,Healthcare,Renewal motion,Mid-market,Workflow Automation,Negotiation,Commit,61,19681.01,16,12,188,234,12005.42,No,No,Vertex Data,NOT_APPLICABLE,2025-07-21,2025-08-05
OPP-0310155,2025-01-16,2025-03-28,,North America,Southeast,Mid-market,Financial services,Product-led,Enterprise,Workflow Automation,Qualification,Pipeline,35,39062.28,0,24,139,349,13671.8,No,No,No competitor identified,NOT_APPLICABLE,2025-01-18,2025-01-31
OPP-0310156,2025-03-29,2025-06-13,,Asia Pacific,North Asia,Mid-market,Retail,Web inbound,Mid-market,Analytics Platform,Discovery,Best case,53,51893.72,0,36,173,277,27503.67,No,No,Northstar Systems,NOT_APPLICABLE,2025-05-24,2025-06-13
OPP-0310157,2025-08-02,2025-09-03,,North America,Northeast,Mid-market,Financial services,Event,Enterprise,Professional Services,Qualification,Pipeline,30,20250.98,3,12,160,151,6075.29,No,No,No competitor identified,NOT_APPLICABLE,2025-08-04,2025-08-19
OPP-0310158,2025-11-04,2026-03-21,,Europe,DACH,Mid-market,Retail,Inbound web,Mid-market,Data Integration,Proposal,Best case,52,26042.05,10.2,12,245,57,13541.87,No,No,No competitor identified,NOT_APPLICABLE,2025-11-10,2025-11-13
OPP-0310159,2024-11-27,2025-02-08,,Europe,Northern Europe,Enterprise,Professional services,Customer referral,Enterprise,Workflow Automation,Discovery,Best case,38,76168.91,2.6,12,658,399,28944.19,No,No,Northstar Systems,NOT_APPLICABLE,2024-12-16,2025-01-05
OPP-0310160,2025-10-16,2025-12-28,,Europe,Southern Europe,Mid-market,Technology,Partner referral,Enterprise,Data Integration,Qualification,Pipeline,34,27440.24,7.6,12,36,76,9329.68,No,No,Build internally,NOT_APPLICABLE,2025-11-01,2025-11-12
OPP-0310161,2025-12-06,2026-03-07,,North America,Northeast,Mid-market,Technology,Renewal motion,Strategic accounts,Workflow Automation,Proposal,Best case,58,22635.06,11.6,12,140,25,13128.33,No,No,Vertex Data,NOT_APPLICABLE,2025-12-12,2025-12-24
OPP-0310162,2024-11-26,2025-02-11,,Asia Pacific,North Asia,Enterprise,Retail,Event,Mid-market,Security Suite,Qualification,Pipeline,39,135917.76,7.8,12,641,400,53007.93,Yes,No,,NOT_APPLICABLE,2024-12-18,2025-01-07
OPP-0310163,2025-09-03,2026-01-28,2026-01-28,Europe,Southern Europe,Strategic,Professional services,Event,Mid-market,Workflow Automation,Closed Won,Closed,100,104112.12,17.2,24,2748,147,104112.12,No,No,No competitor identified,Implementation plan,2026-01-28,NOT_APPLICABLE
OPP-0310164,2024-12-12,2025-04-25,,North America,West,Enterprise,Technology,Inbound web,Commercial,Security Suite,Proposal,Best case,54,104190.36,16.7,12,993,384,56262.79,No,No,Apex Cloud,NOT_APPLICABLE,2025-01-20,2025-02-07
OPP-0310165,2025-08-12,2025-10-17,,Europe,Northern Europe,Small business,Financial services,Product-led,Mid-market,Security Suite,Proposal,Best case,57,21577.18,1.7,12,25,141,12298.99,No,No,Apex Cloud,NOT_APPLICABLE,2025-09-14,2025-10-02
OPP-0310166,2025-02-14,2025-05-10,,Europe,DACH,Enterprise,Healthcare,Partner referral,Mid-market,Security Suite,Discovery,Best case,59,,4.2,36,878,320,95615.81,No,No,Vertex Data,NOT_APPLICABLE,2025-02-23,2025-03-11
OPP-0310167,2025-10-10,2026-01-07,,North America,Southeast,Small business,Retail,Outbound sales,Commercial,Data Integration,Proposal,Best case,46,23916.91,11.2,12,42,82,11001.78,No,No,Vertex Data,NOT_APPLICABLE,2025-10-30,2025-11-19
OPP-0310168,2025-08-11,2025-10-28,,Europe,DACH,Mid-market,Retail,Event,Mid-market,Security Suite,Negotiation,Commit,75,53024.58,14.6,12,219,142,39768.43,No,No,Incumbent solution,NOT_APPLICABLE,2025-08-11,2025-08-24
OPP-0310169,2025-02-07,2025-06-07,2025-06-07,Asia Pacific,ANZ,Strategic,Public sector,Customer referral,Strategic accounts,Analytics Platform,Closed Won,Closed,100,145239.38,20,12,2600,120,145239.38,No,No,Build internally,Implementation plan,2025-06-07,NOT_APPLICABLE
OPP-0310170,2025-05-15,2025-07-27,,Asia Pacific,Southeast Asia,Enterprise,Public sector,Customer referral,Commercial,Analytics Platform,Proposal,Best case,67,96176.48,9.3,36,620,230,64438.24,No,No,Vertex Data,NOT_APPLICABLE,2025-07-06,2025-07-09
OPP-0310171,2024-12-08,2025-03-25,,North America,Southeast,Small business,Professional services,Outbound sales,Strategic accounts,Security Suite,Discovery,Best case,41,31204.52,0,24,55,388,12793.85,No,No,No competitor identified,NOT_APPLICABLE,2025-01-12,2025-01-29
OPP-0310172,2025-09-27,2026-01-16,2025-12-09,Asia Pacific,Southeast Asia,Small business,Public sector,Customer referral,Mid-market,Analytics Platform,Closed Won,Closed,100,17271.54,11.3,36,47,73,17271.54,Yes,Yes,Build internally,Implementation plan,2025-12-09,NOT_APPLICABLE
OPP-0310173,2024-10-08,2024-12-27,,Latin America,Latin America,Small business,Healthcare,Outbound sales,Mid-market,Analytics Platform,Proposal,Best case,58,24827.45,5.7,12,25,449,14399.92,No,No,Vertex Data,NOT_APPLICABLE,2024-11-05,2024-11-22
OPP-0310174,2025-04-03,2025-07-13,2025-06-02,Europe,DACH,Small business,Public sector,Partner referral,Enterprise,Workflow Automation,Closed Lost,Omitted,0,18027.43,12.7,12,16,60,0,Yes,Yes,Northstar Systems,Competitor selected,2025-06-02,NOT_APPLICABLE
OPP-0310175,2025-04-24,2025-06-26,,Asia Pacific,Southeast Asia,Small business,Healthcare,Customer referral,Enterprise,Workflow Automation,Discovery,Best case,43,"$245,000",10.5,12,8,251,6588.59,Yes,No,Vertex Data,NOT_APPLICABLE,2025-05-14,2025-05-29
OPP-0310176,2025-02-24,2025-05-12,,Asia Pacific,ANZ,Mid-market,Manufacturing,Event,Enterprise,Data Integration,Qualification,Pipeline,24,33406.95,11.6,12,207,310,8017.67,Yes,Yes,Vertex Data,NOT_APPLICABLE,2025-03-03,2025-03-16
OPP-0310177,2025-02-22,2025-04-29,,North America,Central,Small business,Technology,Outbound sales,Strategic accounts,Security Suite,Qualification,Pipeline,17,32851.32,4.3,24,36,312,5584.72,No,No,Incumbent solution,NOT_APPLICABLE,2025-04-05,2025-04-24
OPP-0310178,2025-03-02,2025-05-25,,North America,Southeast,Mid-market,Manufacturing,Customer referral,Mid-market,Security Suite,Prospecting,Pipeline,9,56614.64,8.4,12,32,304,5095.32,Yes,No,Build internally,NOT_APPLICABLE,2025-03-10,2025-03-30
OPP-0310179,2025-09-02,2025-11-18,,North America,Northeast,Mid-market,Technology,Event,Enterprise,Data Integration,Discovery,Best case,34,38225.49,11.1,12,156,120,12996.67,Yes,No,No competitor identified,NOT_APPLICABLE,2025-09-19,2025-10-03
OPP-0310180,2025-11-30,2026-03-08,,Latin America,Latin America,Mid-market,Manufacturing,Partner referral,Mid-market,Data Integration,Negotiation,Commit,83,34607.99,15.7,24,157,31,28724.63,Yes,No,Northstar Systems,NOT_APPLICABLE,2026-02-01,2026-02-11
OPP-0310181,2025-03-20,2025-06-28,,Latin America,Latin America,Enterprise,Healthcare,Partner referral,Mid-market,Data Integration,Proposal,Best case,61,99005.21,3.1,12,109,286,60393.18,No,No,Build internally,NOT_APPLICABLE,2025-04-20,2025-05-10
OPP-0310182,2025-03-22,2025-06-15,,Europe,DACH,Enterprise,Retail,Partner referral,Commercial,Professional Services,Proposal,Best case,57,59949.68,4.5,12,895,284,34171.32,Yes,Yes,Apex Cloud,NOT_APPLICABLE,2025-05-02,2025-05-16
OPP-0310183,2025-05-09,2025-07-15,,NA,Northeast,Mid-market,Manufacturing,Inbound web,Enterprise,Workflow Automation,Qualification,Pipeline,25,30452.12,4.7,12,104,236,7613.03,No,No,Apex Cloud,NOT_APPLICABLE,2025-05-11,2025-05-14
OPP-0310184,2025-01-19,2025-03-26,,North America,Southeast,Enterprise,Professional services,Partner referral,Mid-market,Workflow Automation,Prospecting,Pipeline,20,95078.97,0,12,1037,346,19015.79,No,No,No competitor identified,NOT_APPLICABLE,2025-02-08,2025-02-15
OPP-0310185,2025-10-12,2025-12-13,,Latin America,Latin America,Enterprise,Manufacturing,Outbound sales,Commercial,Professional Services,Proposal,Best case,62,55605.68,3.4,12,628,80,34475.52,No,No,Apex Cloud,NOT_APPLICABLE,2025-10-25,2025-11-05
OPP-0310186,2024-10-25,2024-12-28,,Europe,Southern Europe,Small business,Technology,Inbound web,Enterprise,Workflow Automation,Qualification,Pipeline,28,17340.66,6.1,12,14,432,4855.38,No,No,Apex Cloud,NOT_APPLICABLE,2024-10-29,2024-11-14
OPP-0310187,2025-04-24,2025-08-21,,North America,Northeast,Mid-market,Healthcare,Partner referral,Commercial,Workflow Automation,Prospecting,Pipeline,6,36694.73,0,12,117,251,2201.68,No,No,Apex Cloud,NOT_APPLICABLE,2025-05-05,2025-05-10
OPP-0310188,2025-09-17,2025-10-23,,Europe,DACH,Enterprise,Healthcare,Partner referral,Commercial,Security Suite,Qualification,Pipeline,30,,1.1,36,604,105,48204.14,No,No,Apex Cloud,NOT_APPLICABLE,2025-10-06,2025-10-21
OPP-0310189,2025-12-13,2026-04-12,,Europe,DACH,Enterprise,Manufacturing,Product-led,Commercial,Security Suite,Proposal,Best case,58,100626.27,9.7,12,329,18,58363.24,No,No,Northstar Systems,NOT_APPLICABLE,2026-02-04,2026-02-10
OPP-0310190,2024-12-26,2025-03-26,,Latin America,Latin America,Mid-market,Technology,Partner referral,Mid-market,Analytics Platform,Prospecting,Pipeline,10,40594.55,7.7,12,108,370,4059.45,No,No,Incumbent solution,NOT_APPLICABLE,2024-12-26,2024-12-31
OPP-0310191,2024-10-15,2025-02-06,,Middle East and Africa,Middle East and Africa,Enterprise,Technology,Event,Mid-market,Data Integration,Negotiation,Commit,83,109013.79,3.4,12,1136,442,90481.45,No,No,Build internally,NOT_APPLICABLE,2024-10-18,2024-11-04
OPP-0310192,2024-12-26,2025-03-31,2025-03-31,Europe,Southern Europe,Mid-market,Financial services,Event,Enterprise,Workflow Automation,Closed Won,Closed,100,28772.32,13.1,12,238,95,28772.32,No,No,No competitor identified,Partner influence,2025-03-31,NOT_APPLICABLE
OPP-0310193,2024-09-21,2024-11-22,,North America,Northeast,Enterprise,Retail,Partner referral,Commercial,Data Integration,Discovery,Best case,35,100548.01,4.3,12,788,466,35191.8,No,No,Incumbent solution,NOT_APPLICABLE,2024-10-10,2024-10-18
OPP-0310194,2024-12-10,2025-04-21,,Latin America,Latin America,Mid-market,Manufacturing,,Enterprise,Workflow Automation,Discovery,Best case,46,31434.5,10.7,24,37,386,14459.87,No,No,Northstar Systems,NOT_APPLICABLE,2025-01-02,2025-01-06
OPP-0310195,2025-10-16,2026-01-01,2026-01-01,North America,Central,Mid-market,Healthcare,Product-led,Commercial,Data Integration,Closed Won,Closed,100,31016.44,9.1,12,133,77,31016.44,No,No,No competitor identified,Product fit,2026-01-01,NOT_APPLICABLE
OPP-0310196,2025-05-28,2025-08-18,,Europe,Southern Europe,Enterprise,Retail,Event,Commercial,Data Integration,Discovery,Best case,33,110046.02,11.5,24,337,217,36315.19,No,No,No competitor identified,NOT_APPLICABLE,2025-06-03,2025-06-16
OPP-0310197,2024-12-01,2025-02-11,,North America,West,Small business,Manufacturing,Inbound web,Enterprise,Data Integration,Qualification,Pipeline,25,24213.13,3.5,12,49,395,6053.28,No,No,Northstar Systems,NOT_APPLICABLE,2024-12-29,
OPP-0310198,2024-10-18,2025-01-11,2025-01-11,North America,West,Small business,Public sector,Product-led,Strategic accounts,Analytics Platform,Closed Won,Closed,100,17309.58,19.6,24,28,85,17309.58,No,No,Vertex Data,Partner influence,2025-01-11,NOT_APPLICABLE
OPP-0310199,2025-04-01,2025-06-21,,Europe,DACH,Mid-market,Manufacturing,Inbound web,Mid-market,Data Integration,Proposal,Best case,57,32497.76,5.3,12,92,274,18523.72,No,No,Build internally,NOT_APPLICABLE,2025-04-15,2025-04-21
OPP-0310200,2025-03-19,2025-05-06,,North America,Central,Small business,Manufacturing,Outbound sales,Mid-market,Professional Services,Qualification,Pipeline,29,9266.75,5.6,12,16,287,2687.36,No,No,Northstar Systems,NOT_APPLICABLE,2025-03-19,2025-03-23
OPP-0310201,2025-10-18,2025-12-27,2025-12-27,Europe,DACH,Small business,Retail,Inbound web,Commercial,Analytics Platform,Closed Won,Closed,100,27858.21,14.7,12,13,70,27858.21,No,No,Northstar Systems,Partner influence,2025-12-27,NOT_APPLICABLE
OPP-0310202,2025-05-12,2025-07-17,,North America,Northeast,Enterprise,Technology,Event,Strategic accounts,Data Integration,Proposal,Best case,61,67221.32,5.8,12,665,233,41005.01,No,No,Build internally,NOT_APPLICABLE,2025-07-14,2025-07-23
OPP-0310203,2025-02-28,2025-05-16,2025-05-10,Asia Pacific,North Asia,Small business,Professional services,Inbound web,Strategic accounts,Data Integration,Closed Lost,Omitted,0,14914.46,18.1,24,5,71,0,Yes,No,No competitor identified,Competitor selected,2025-05-10,NOT_APPLICABLE
OPP-0310204,2024-10-10,2024-12-20,2024-12-20,Europe,Northern Europe,Mid-market,Healthcare,Event,Enterprise,Workflow Automation,Closed Won,Closed,100,29144.81,9.2,12,144,71,29144.81,No,No,Vertex Data,Commercial terms,2024-12-20,NOT_APPLICABLE
OPP-0310205,2025-09-20,2025-12-19,2025-12-19,Asia Pacific,Southeast Asia,Strategic,Retail,Inbound web,Enterprise,Professional Services,Closed Lost,Omitted,0,108029.55,13.9,12,950,90,0,Yes,Yes,Apex Cloud,Competitor selected,2025-12-19,NOT_APPLICABLE
OPP-0310206,2025-08-23,2025-10-17,,North America,Southeast,Mid-market,Public sector,Event,Mid-market,Data Integration,PROPOSAL,Best case,59,46854.27,2.8,12,156,130,27644.02,No,No,No competitor identified,NOT_APPLICABLE,2025-09-21,2025-09-26
OPP-0310207,08/07/2025,2025-11-08,2025-11-08,Middle East and Africa,Middle East and Africa,Mid-market,Financial services,Customer referral,Enterprise,Data Integration,Closed Won,Closed,100,45788.84,6.4,12,175,93,45788.84,No,No,Incumbent solution,Partner influence,2025-11-08,NOT_APPLICABLE
OPP-0310208,2025-03-01,2025-05-17,,Asia Pacific,ANZ,Mid-market,Technology,Partner referral,Commercial,Workflow Automation,Proposal,Best case,54,26620.73,0.6,36,69,305,14375.19,No,No,Apex Cloud,NOT_APPLICABLE,2025-04-24,2025-05-02
OPP-0310209,2025-12-10,2025-02-30,,North America,Southeast,Small business,Financial services,Inbound web,Enterprise,Workflow Automation,Prospecting,Pipeline,9,18910.28,0,12,54,21,1701.93,No,No,Apex Cloud,NOT_APPLICABLE,2025-12-17,2025-12-24
OPP-0310210,2024-10-06,2024-11-19,,Asia Pacific,Southeast Asia,Mid-market,Manufacturing,Outbound sales,Mid-market,Workflow Automation,Prospecting,Pipeline,2,29294.61,2.3,12,225,451,585.89,No,No,Incumbent solution,NOT_APPLICABLE,2024-10-06,2024-10-16
OPP-0310211,2025-10-31,2026-02-25,,Asia Pacific,ANZ,Mid-market,Healthcare,Product-led,Commercial,Data Integration,Proposal,Best case,55,41044.17,13.5,12,157,61,22574.29,No,No,No competitor identified,NOT_APPLICABLE,2026-01-01,2026-01-05
OPP-0310212,2024-09-27,2025-01-16,2025-01-16,Middle East and Africa,Middle East and Africa,Small business,Healthcare,Outbound sales,Mid-market,Professional Services,Closed Won,Closed,100,15312.79,9.4,24,45,111,15312.79,No,No,Apex Cloud,Commercial terms,2025-01-16,NOT_APPLICABLE
OPP-0310213,2024-12-30,2025-03-30,2025-03-19,Europe,Northern Europe,Mid-market,Retail,Event,Mid-market,Security Suite,Closed Won,Closed,100,58221.97,5.6,24,134,79,58221.97,No,No,Apex Cloud,Product fit,2025-03-19,NOT_APPLICABLE
OPP-0310214,2025-01-14,2025-04-22,2025-04-22,North America,West,Mid-market,Healthcare,Partner referral,Mid-market,Analytics Platform,Closed Won,Closed,100,30406.05,18.5,12,209,98,30406.05,No,No,Apex Cloud,Product fit,2025-04-22,NOT_APPLICABLE
OPP-0310215,2025-12-02,2026-02-13,,North America,Northeast,Small business,Healthcare,Inbound web,Enterprise,Analytics Platform,Negotiation,Commit,80,16366.51,,12,23,29,13093.21,No,No,No competitor identified,NOT_APPLICABLE,2026-01-01,2026-01-08
OPP-0310216,2024-12-15,2025-02-20,,Europe,Southern Europe,Mid-market,Retail,Partner referral,Enterprise,Analytics Platform,Qualification,Pipeline,24,52106.07,8.7,12,124,381,12505.46,No,No,Northstar Systems,NOT_APPLICABLE,2024-12-26,2025-01-06
OPP-0310217,2025-03-05,2025-05-17,,Asia Pacific,Southeast Asia,Mid-market,Financial services,Inbound web,Mid-market,Analytics Platform,Prospecting,Pipeline,19,30726.43,10,12,187,301,5838.02,No,No,No competitor identified,NOT_APPLICABLE,2025-03-06,2025-03-17
OPP-0310218,2025-12-12,2026-03-29,,Europe,DACH,Mid-market,Technology,Inbound web,Enterprise,Data Integration,Negotiation,Commit,79,40461.13,10.9,12,160,19,31964.29,No,No,Incumbent solution,NOT_APPLICABLE,2026-02-15,2026-03-02
OPP-0310219,2025-08-25,2025-11-17,,Asia Pacific,North Asia,Mid-market,Technology,Partner referral,Mid-market,Security Suite,Prospecting,Pipeline,10,55870.69,3.3,12,79,128,5587.07,No,No,Apex Cloud,NOT_APPLICABLE,2025-09-04,2025-09-18
OPP-0310220,2025-07-30,2025-11-05,,North America,Northeast,Small business,Healthcare,Product-led,Enterprise,Analytics Platform,Discovery,Best case,46,22398.86,6.6,12,41,154,10303.48,No,No,Northstar Systems,NOT_APPLICABLE,2025-08-16,2025-08-19
OPP-0310221,2025-06-30,2025-07-27,,North America,Southeast,Mid-market,Professional services,Customer referral,Enterprise,Security Suite,Qualification,Pipeline,36,64684.47,0.6,12,135,184,23286.41,Yes,No,Build internally,NOT_APPLICABLE,2025-07-03,2025-07-19
OPP-0310222,2025-04-25,2025-07-24,,North America,Northeast,Mid-market,Technology,Outbound sales,Commercial,Data Integration,Proposal,Best case,71,35184.13,10,12,117,250,24980.73,No,No,No competitor identified,NOT_APPLICABLE,2025-06-08,2025-06-18
OPP-0310223,2025-10-17,2026-01-15,,North America,West,Mid-market,Manufacturing,Customer referral,Commercial,Security Suite,Negotiation,Commit,80,51726.55,12.2,12,144,75,41381.24,Yes,No,Northstar Systems,NOT_APPLICABLE,2026-01-02,2026-01-21
OPP-0310224,2025-03-13,2025-07-04,,North America,Southeast,Strategic,Retail,Product-led,Mid-market,Analytics Platform,Qualification,Pipeline,30,,1.7,12,789,293,82819.2,No,No,No competitor identified,NOT_APPLICABLE,2025-03-22,2025-04-05
OPP-0310225,2025-08-23,2025-11-06,,North America,Central,Enterprise,Healthcare,Partner referral,Mid-market,Security Suite,Qualification,Pipeline,29,123489.68,3.4,36,564,130,35812.01,Yes,Yes,No competitor identified,NOT_APPLICABLE,2025-09-12,2025-09-16
OPP-0310226,2025-06-06,2025-09-29,2025-07-13,Asia Pacific,ANZ,Small business,Manufacturing,Partner referral,Mid-market,Data Integration,Closed Lost,Omitted,0,12776.85,25.5,12,10,37,0,No,No,Northstar Systems,No decision,2025-07-13,NOT_APPLICABLE
OPP-0310227,2024-09-30,2025-01-13,2024-12-28,Latin America,Latin America,Mid-market,Manufacturing,Inbound web,Strategic accounts,Data Integration,Closed Won,Closed,100,42423.12,9.9,12,164,89,42423.12,No,No,Apex Cloud,Product fit,2024-12-28,NOT_APPLICABLE
OPP-0310228,2024-12-03,2025-02-03,,North America,Northeast,Mid-market,Manufacturing,Partner referral,Strategic accounts,Workflow Automation,Negotiation,Commit,70,27982.75,,24,94,393,19587.92,No,No,Incumbent solution,NOT_APPLICABLE,2024-12-15,2024-12-31
OPP-0310229,2025-05-03,2025-08-03,,Europe,DACH,Enterprise,Financial services,Outbound,Enterprise,Analytics Platform,Negotiation,Commit,93,112103.99,12.2,24,963,242,104256.71,Yes,No,Northstar Systems,NOT_APPLICABLE,2025-05-13,2025-06-02
OPP-0310230,2024-10-02,2025-01-22,,North America,Southeast,Mid-market,Technology,Event,Commercial,Analytics Platform,Prospecting,Pipeline,19,48899.91,10.5,24,40,455,9290.98,Yes,No,Apex Cloud,NOT_APPLICABLE,2024-10-11,2024-10-18
OPP-0310231,2025-11-22,2026-04-17,2026-04-17,North America,Central,Strategic,Manufacturing,Inbound web,Mid-market,Workflow Automation,Closed Won,Closed,100,127593.74,20.7,12,2052,146,127593.74,No,No,No competitor identified,Implementation plan,2026-04-17,NOT_APPLICABLE
OPP-0310232,2025-03-28,2025-07-01,,North America,Northeast,Small business,Public sector,Renewal motion,Mid-market,Analytics Platform,Discovery,Best case,33,22740.63,8.8,12,28,278,7504.41,No,No,Northstar Systems,NOT_APPLICABLE,2025-04-26,2025-05-04
OPP-0310233,2025-09-03,2025-12-18,,North America,Southeast,Enterprise,Financial services,Event,Mid-market,Analytics Platform,Negotiation,Commit,78,93183.95,14.2,36,743,119,72683.48,No,No,,NOT_APPLICABLE,2025-11-05,2025-11-17
OPP-0310234,2025-10-02,2026-01-11,,North America,West,Mid-market,Retail,Inbound web,Mid-market,Security Suite,Closed Won,Pipeline,20,53677.08,0,12,95,90,22007.6,No,No,Apex Cloud,NOT_APPLICABLE,2025-10-05,2025-10-09
OPP-0310235,2025-11-05,2026-02-20,2026-02-20,Europe,Northern Europe,Enterprise,Manufacturing,Outbound sales,Commercial,Workflow Automation,Closed Won,Closed,100,84602.86,3.9,12,575,107,84602.86,No,No,Northstar Systems,Product fit,2026-02-20,NOT_APPLICABLE
OPP-0310236,2025-09-03,2025-12-27,2025-12-04,North America,Central,Small business,Professional services,Customer referral,Commercial,Workflow Automation,Closed Won,Closed,100,20033.12,10.4,36,30,92,20033.12,No,No,No competitor identified,Commercial terms,2025-12-04,NOT_APPLICABLE
OPP-0310237,2025-03-13,2025-05-15,,North America,Northeast,Enterprise,Healthcare,Inbound web,Commercial,Analytics Platform,Proposal,Best case,56,89113.23,0,12,703,293,49903.41,Yes,No,Incumbent solution,NOT_APPLICABLE,2025-03-23,2025-04-09
OPP-0310238,2024-09-26,2024-10-30,,North America,Central,Enterprise,Healthcare,Partner referral,Strategic accounts,Workflow Automation,Discovery,Best case,27,91786.44,10.9,24,242,461,24782.34,No,No,Apex Cloud,NOT_APPLICABLE,2024-10-25,2024-10-31
OPP-0310239,2025-06-20,2025-08-30,,North America,Central,Enterprise,Technology,Customer referral,Commercial,Workflow Automation,Proposal,Best case,65,73937.9,11.5,12,346,194,48059.64,No,No,Apex Cloud,NOT_APPLICABLE,2025-06-25,2025-07-14
OPP-0310240,2024-09-03,2024-12-05,,Asia Pacific,North Asia,Enterprise,Technology,Inbound web,Mid-market,Analytics Platform,Negotiation,Commit,72,146386.27,5.2,36,655,484,105398.11,No,No,Apex Cloud,NOT_APPLICABLE,2024-11-29,2024-12-05
OPP-0310241,2025-11-18,2026-03-20,,North America,Northeast,Mid-market,Financial services,,Commercial,Security Suite,Proposal,Best case,66,38154.54,6.3,12,129,43,25182,No,No,Northstar Systems,NOT_APPLICABLE,2025-12-04,2025-12-12
OPP-0310242,2025-03-14,2025-06-16,,Europe,Northern Europe,Strategic,Financial services,Outbound sales,Mid-market,Security Suite,Discovery,Best case,38,,0,12,1318,292,89023.03,No,No,Northstar Systems,NOT_APPLICABLE,2025-05-21,2025-06-01
OPP-0310243,2025-07-29,2025-12-21,2025-12-21,North America,Central,Strategic,Professional services,Renewal motion,Commercial,Security Suite,Closed Won,Closed,100,317836.68,8.7,12,2326,145,317836.68,Yes,No,Apex Cloud,Product fit,2025-12-21,NOT_APPLICABLE
OPP-0310244,2025-09-25,2025-11-30,,Latin America,Latin America,Mid-market,Financial services,Outbound sales,Commercial,Analytics Platform,Prospecting,Pipeline,9,49429.65,3.2,12,163,97,4448.67,No,No,No competitor identified,NOT_APPLICABLE,2025-09-26,2025-10-14
OPP-0310245,2024-10-19,2025-01-21,,Asia Pacific,ANZ,Enterprise,Professional services,Outbound sales,Mid-market,Analytics,Qualification,Pipeline,40,90639.72,11.3,24,450,438,36255.89,No,No,No competitor identified,NOT_APPLICABLE,2024-11-18,2024-12-08
OPP-0310246,2024-11-12,2025-02-01,,North America,Central,Mid-market,Technology,Inbound web,Mid-market,Professional Services,Qualification,Pipeline,25,27366.32,2.1,24,227,414,6841.58,No,No,Apex Cloud,NOT_APPLICABLE,2024-11-12,2024-11-22
OPP-0310247,2025-07-17,2025-09-29,,North America,Northeast,Small business,Public sector,Event,Commercial,Data Integration,Proposal,Best case,53,20054.72,0,12,28,167,10629,No,No,Apex Cloud,NOT_APPLICABLE,2025-09-23,2025-10-05
OPP-0310248,2025-07-03,2025-10-08,2025-10-08,North America,West,Mid-market,Financial services,Partner referral,Commercial,Data Integration,Closed Won,Closed,100,38755.61,7.7,12,168,97,38755.61,No,No,No competitor identified,Product fit,2025-10-08,NOT_APPLICABLE
OPP-0310249,2025-06-09,2025-09-30,2025-09-30,Asia Pacific,North Asia,Enterprise,Public sector,Partner referral,Commercial,Workflow Automation,Closed Won,Closed,100,84498.44,7,12,741,113,84498.44,No,No,Incumbent solution,Executive sponsorship,2025-09-30,NOT_APPLICABLE
OPP-0310250,2025-10-31,2026-02-16,2026-02-16,North America,Central,Strategic,Financial services,Outbound sales,Commercial,Workflow Automation,Closed Lost,Omitted,0,131897.04,17.2,36,1887,108,0,Yes,Yes,Vertex Data,Competitor selected,2026-02-16,NOT_APPLICABLE
OPP-0310251,2024-12-23,2025-03-23,2025-03-23,North America,Central,Small business,Technology,Outbound sales,Enterprise,Workflow Automation,Closed Won,Closed,100,13154.36,16.1,24,21,90,13154.36,No,No,Apex Cloud,Executive sponsorship,2025-03-23,NOT_APPLICABLE
OPP-0310252,2025-11-20,2026-02-27,,Asia Pacific,Southeast Asia,Mid-market,Retail,Outbound sales,Mid-market,Security Suite,Proposal,Best case,54,50596.22,13.4,12,144,41,27321.96,No,No,No competitor identified,NOT_APPLICABLE,2025-12-10,2025-12-13
OPP-0310253,2025-10-20,2026-01-09,2026-01-09,North America,Central,Enterprise,Public sector,Partner referral,Mid-market,Data Integration,Closed Won,Closed,100,85628.83,14.6,12,462,81,85628.83,No,No,Northstar Systems,Product fit,2026-01-09,NOT_APPLICABLE
OPP-0310254,2025-10-18,2026-01-12,,North America,Southeast,Mid-market,Healthcare,Event,Enterprise,Data Integration,Proposal,Best case,59,25643.54,11.8,12,69,74,15129.69,No,No,No competitor identified,NOT_APPLICABLE,2025-11-15,2025-12-03
OPP-0310255,2024-10-08,2024-11-29,,North America,West,Mid-market,Financial services,Outbound sales,Mid-market,Security Suite,Prospecting,Pipeline,0,64951.72,0,36,133,449,0,No,No,No competitor identified,NOT_APPLICABLE,2024-10-15,2024-11-02
OPP-0310256,2025-11-15,2026-03-07,,Latin America,Latin America,Enterprise,Technology,Outbound sales,Strategic accounts,Workflow Automation,Prospecting,Pipeline,0,80636.6,8.3,12,1055,46,0,No,No,Apex Cloud,NOT_APPLICABLE,2025-12-02,2025-12-20
OPP-0310257,2025-06-11,2025-09-19,,Europe,Southern Europe,Mid-market,Manufacturing,Event,Commercial,Analytics Platform,Proposal,Best case,71,35015.61,2.6,12,294,203,24861.08,No,No,Incumbent solution,NOT_APPLICABLE,2025-06-25,2025-07-08
OPP-0310258,2025-10-11,2026-01-22,2026-01-01,North America,Northeast,Mid-market,Manufacturing,Product-led,Commercial,Workflow Automation,Closed Lost,Omitted,0,25796.3,11.7,24,138,82,0,Yes,Yes,Northstar Systems,Competitor selected,2026-01-01,NOT_APPLICABLE
OPP-0310259,2025-03-06,2025-05-22,,North America,Southeast,Enterprise,Retail,Inbound web,Enterprise,Professional Services,Discovery,Best case,47,73653.23,0,12,724,300,34617.02,No,No,Incumbent solution,NOT_APPLICABLE,2025-03-10,2025-03-17
OPP-0310260,2025-02-09,2025-04-19,,North America,Southeast,Mid-market,Healthcare,Event,Commercial,Data Integration,Prospecting,Pipeline,10,35735.65,3.8,12,149,325,3573.57,No,No,Build internally,NOT_APPLICABLE,2025-02-09,2025-02-25
OPP-0310261,2025-05-03,2025-08-26,,North America,Central,Mid-market,Technology,Outbound sales,Enterprise,Security Suite,Prospecting,Pipeline,0,55325.54,8.9,12,119,242,0,No,No,No competitor identified,NOT_APPLICABLE,2025-05-04,2025-05-18
OPP-0310262,2025-10-03,2025-11-30,,Europe,DACH,Enterprise,Retail,Outbound sales,Mid-market,Security Suite,Proposal,Best case,68,151753.42,15%,12,1119,89,103192.33,No,No,No competitor identified,NOT_APPLICABLE,2025-11-06,2025-11-23
OPP-0310263,2025-06-07,2025-07-05,,North America,Northeast,Mid-market,Technology,Partner referral,Enterprise,Data Integration,Proposal,Best case,57,38558.81,4.7,24,304,207,21978.52,No,No,Build internally,NOT_APPLICABLE,2025-06-07,2025-06-26
OPP-0310264,2024-10-10,2025-01-22,,Europe,Southern Europe,Enterprise,Technology,Renewal motion,Commercial,Analytics Platform,Proposal,Best case,50,88551.27,6.7,12,695,447,44275.64,No,No,No competitor identified,NOT_APPLICABLE,2025-01-19,2025-02-03
OPP-0310265,2025-08-16,2025-10-31,,Latin America,Latin America,Mid-market,Financial services,Product-led,Enterprise,Analytics Platform,Proposal,Best case,54,54315.36,1.1,12,216,137,29330.29,Yes,Yes,No competitor identified,NOT_APPLICABLE,2025-10-07,2025-10-20
OPP-0310266,2025-05-09,2025-07-27,,NA,Southeast,Small business,Financial services,Inbound web,Commercial,Analytics Platform,Negotiation,Commit,82,19448.81,6.9,24,25,236,15948.02,No,No,No competitor identified,NOT_APPLICABLE,2025-06-18,2025-06-30
OPP-0310267,2025-10-14,2026-01-30,,Europe,Southern Europe,Enterprise,Manufacturing,Outbound sales,Mid-market,Data Integration,Negotiation,Commit,84,98229.7,12.3,12,1246,78,82512.95,No,No,Northstar Systems,NOT_APPLICABLE,2025-11-10,2025-11-21
OPP-0310268,2025-09-28,2025-12-17,2025-12-17,Asia Pacific,ANZ,Mid-market,Manufacturing,Outbound sales,Mid-market,Analytics Platform,Closed Lost,Omitted,0,49694.76,14.2,24,145,80,0,Yes,No,Vertex Data,Price,2025-12-17,NOT_APPLICABLE
OPP-0310269,2025-08-19,2025-11-28,,North America,Central,Enterprise,Retail,Inbound web,Commercial,Security Suite,Qualification,Pipeline,10,99673.64,6.9,12,280,134,9967.36,Yes,Yes,Incumbent solution,NOT_APPLICABLE,2025-09-16,2025-10-03
OPP-0310270,2025-05-02,2025-07-14,,Asia Pacific,North Asia,Small business,Financial services,Product-led,Enterprise,Workflow Automation,Prospecting,Pipeline,7,20642.02,0,12,36,243,1444.94,No,No,Vertex Data,NOT_APPLICABLE,2025-05-04,2025-05-16
OPP-0310271,2024-11-12,2025-02-12,,North America,West,Enterprise,Professional services,Partner referral,Enterprise,Workflow Automation,Negotiation,Commit,99,83925.88,7.1,12,916,414,83086.62,No,No,Incumbent solution,NOT_APPLICABLE,2024-11-30,2024-12-09
OPP-0310272,2024-09-16,2024-12-21,,Europe,Southern Europe,Mid-market,Technology,Outbound sales,Commercial,Workflow Automation,Qualification,Pipeline,34,25338.3,9.4,12,213,471,8615.02,No,No,No competitor identified,NOT_APPLICABLE,2024-09-18,2024-09-30
OPP-0310273,2025-12-07,2026-03-15,,North America,Northeast,Mid-market,Professional services,Outbound sales,Mid-market,Data Integration,Prospecting,Pipeline,13,43116.28,12,12,272,24,5605.12,No,No,Northstar Systems,NOT_APPLICABLE,2025-12-07,2025-12-25
OPP-0310274,2024-12-27,2025-04-16,2025-03-26,Middle East and Africa,Middle East and Africa,Mid-market,Professional services,Outbound sales,Mid-market,Analytics Platform,Closed Won,Closed,100,43312.18,4.8,12,185,89,43312.18,No,No,Vertex Data,Partner influence,2025-03-26,NOT_APPLICABLE
OPP-0310275,2024-12-04,2025-02-21,,North America,Central,Small business,Technology,Inbound web,Commercial,Workflow Automation,Proposal,Best case,60,20620.38,0,24,38,392,12372.23,No,No,Northstar Systems,NOT_APPLICABLE,2025-01-30,2025-02-09
OPP-0310276,2024-10-01,2024-12-29,,Asia Pacific,Southeast Asia,Enterprise,Technology,Inbound web,Commercial,Analytics Platform,Discovery,Best case,52,80629.11,11.6,24,183,456,41927.14,No,No,Apex Cloud,NOT_APPLICABLE,2024-11-11,2024-11-20
OPP-0310277,2025-05-31,2025-10-02,,North America,Central,Enterprise,Manufacturing,Inbound web,Mid-market,Security Suite,Negotiation,Commit,81,100072.22,,12,732,214,81058.5,No,No,Vertex Data,NOT_APPLICABLE,2025-06-19,2025-07-02
OPP-0310278,2024-09-08,2024-12-30,,Asia Pacific,North Asia,Enterprise,Manufacturing,Outbound sales,Commercial,Security Suite,Proposal,Best case,57,109300.17,6.3,12,702,479,62301.1,No,No,Vertex Data,NOT_APPLICABLE,2024-11-29,2024-12-14
OPP-0310279,2025-06-25,2025-09-08,,Europe,DACH,Mid-market,Manufacturing,Outbound sales,Commercial,Analytics Platform,Negotiation,Commit,87,50511.96,11,24,165,189,43945.41,No,No,Apex Cloud,NOT_APPLICABLE,2025-07-29,2025-08-17
OPP-0310280,2025-04-27,2025-07-22,,North America,West,Enterprise,Technology,Outbound sales,Mid-market,Security Suite,Negotiation,Commit,88,108509.39,12.4,12,1052,248,95488.26,No,No,Northstar Systems,NOT_APPLICABLE,2025-05-25,2025-06-08
OPP-0310281,2024-12-18,2025-05-11,2025-05-11,Europe,Northern Europe,Enterprise,Professional services,Customer referral,Commercial,Workflow Automation,Closed Won,Closed,100,66726.66,20,12,700,144,66726.66,No,No,Incumbent solution,Commercial terms,2025-05-11,NOT_APPLICABLE
OPP-0310282,2025-08-31,2025-11-28,2025-11-28,Asia Pacific,North Asia,Small business,Retail,Inbound web,Enterprise,Security Suite,Closed Won,Closed,100,26163.51,10.2,36,9,89,26163.51,No,No,Build internally,Executive sponsorship,2025-11-28,NOT_APPLICABLE
OPP-0310283,2025-04-22,2025-08-13,,North America,Southeast,Mid-market,Retail,Outbound sales,Commercial,Workflow Automation,Qualification,Pipeline,15,36098.67,0,12,52,253,5414.8,No,No,Apex Cloud,NOT_APPLICABLE,2025-04-23,2025-05-04
OPP-0310284,2025-12-14,2026-04-18,2026-04-18,North America,Central,Strategic,Financial services,Inbound web,Mid-market,Professional Services,Closed Lost,Omitted,0,89235.47,18.8,12,1758,125,0,No,No,Build internally,Price,2026-04-18,NOT_APPLICABLE
OPP-0310285,2025-12-09,2026-02-01,,Asia Pacific,North Asia,Small business,Technology,Inbound web,Commercial,Workflow Automation,Prospecting,Pipeline,15,14180.6,0,24,25,22,2127.09,No,No,Vertex Data,NOT_APPLICABLE,2025-12-10,2025-12-19
OPP-0310286,2024-09-06,2024-11-30,,Asia Pacific,Southeast Asia,Enterprise,Healthcare,Inbound web,Mid-market,Professional Services,Negotiation,Commit,77,42997.47,16.9,12,881,481,33108.05,No,No,Vertex Data,NOT_APPLICABLE,2024-10-05,2024-10-22
OPP-0310287,2025-05-03,2025-07-19,,North America,Central,Mid-market,Manufacturing,Event,Strategic accounts,Workflow Automation,Qualification,Pipeline,29,26939.49,10.1,24,168,242,7812.45,No,No,No competitor identified,NOT_APPLICABLE,2025-05-06,2025-05-11
OPP-0310288,2025-08-03,2025-11-02,,Europe,DACH,Mid-market,Healthcare,,Commercial,Workflow Automation,Proposal,Best case,54,20992.37,9.5,12,94,150,11335.88,No,No,No competitor identified,NOT_APPLICABLE,2025-09-12,2025-09-24
OPP-0310289,2025-06-26,2025-10-03,,North America,Southeast,Mid-market,Healthcare,Outbound sales,Mid-market,Data Integration,Qualification,Pipeline,25,42896.6,2.2,12,281,188,10724.15,No,No,No competitor identified,NOT_APPLICABLE,2025-07-10,2025-07-13
OPP-0310290,2024-09-11,2024-09-30,2024-09-30,Asia Pacific,Southeast Asia,Mid-market,Manufacturing,Product-led,Mid-market,Analytics Platform,Closed Lost,Omitted,0,34408.49,16.4,12,141,19,0,No,No,Vertex Data,Competitor selected,2024-09-30,NOT_APPLICABLE
OPP-0310291,2025-08-23,2025-11-16,,North America,Northeast,Small business,Technology,Outbound sales,Commercial,Data Integration,Prospecting,Pipeline,9,24532.17,8.3,12,27,130,2207.9,No,No,Northstar Systems,NOT_APPLICABLE,2025-08-24,2025-09-13
OPP-0310292,2025-08-29,2025-10-19,,Europe,DACH,Mid-market,Healthcare,Inbound web,Strategic accounts,Workflow Automation,Prospecting,Pipeline,14,32700.2,0,36,138,124,4578.03,Yes,No,No competitor identified,NOT_APPLICABLE,2025-09-09,2025-09-26
OPP-0310293,2025-08-21,2025-11-21,2025-11-21,Europe,Northern Europe,Mid-market,Financial services,Event,Mid-market,Analytics Platform,Closed Won,Closed,100,44983.09,16.9,12,108,92,44983.09,No,No,Northstar Systems,Product fit,2025-11-21,NOT_APPLICABLE
OPP-0310294,2025-09-27,2025-11-28,,Middle East and Africa,Middle East and Africa,Mid-market,Public sector,Event,Commercial,Security Suite,Prospecting,Pipeline,9,46348.39,7.3,12,128,95,4171.36,No,No,Vertex Data,NOT_APPLICABLE,2025-09-29,2025-10-15
OPP-0310295,2025-02-12,2025-05-24,,Europe,Northern Europe,Mid-market,Technology,Inbound web,Enterprise,Professional Services,Negotiation,Commit,75,18614.74,,24,201,322,13961.06,No,No,No competitor identified,NOT_APPLICABLE,2025-04-07,2025-04-20
OPP-0310296,2024-11-28,2025-03-17,2025-01-28,Europe,DACH,Mid-market,Financial services,Inbound web,Commercial,Professional Services,Closed Lost,Omitted,0,23628.5,9.5,12,92,61,0,No,No,Vertex Data,Missing capability,2025-01-28,NOT_APPLICABLE
OPP-0310297,2024-09-29,2025-01-17,,Asia Pacific,ANZ,Mid-market,Manufacturing,Product-led,Mid-market,Analytics Platform,Qualification,Pipeline,31,40923.97,10.9,12,120,458,12686.43,No,No,Apex Cloud,NOT_APPLICABLE,2024-10-21,2024-10-27
OPP-0310298,2025-04-18,2025-06-26,,North America,Northeast,Mid-market,Professional services,Outbound sales,Commercial,Analytics Platform,Proposal,Best case,56,47565.36,4,36,91,257,26636.6,No,No,Northstar Systems,NOT_APPLICABLE,2025-05-14,2025-05-17
OPP-0310299,2025-11-15,2026-02-13,2026-01-17,Europe,DACH,Small business,Financial services,Inbound web,Enterprise,Workflow Automation,Closed Lost,Omitted,0,12482.4,13.6,12,32,63,0,No,No,Apex Cloud,No decision,2026-01-17,NOT_APPLICABLE
OPP-0310300,2025-02-26,2025-04-06,,Latin America,Latin America,Small business,Professional services,Inbound web,Commercial,Analytics Platform,Qualification,Pipeline,31,16186.37,13.5,12,27,308,5017.77,No,No,Apex Cloud,NOT_APPLICABLE,2025-02-27,2025-03-17
OPP-0310301,2025-11-24,2025-12-23,,Middle East and Africa,Middle East and Africa,Mid-market,Retail,Inbound web,Mid-market,Workflow Automation,Qualification,Pipeline,37,29865.34,12,24,170,37,11050.18,No,No,No competitor identified,NOT_APPLICABLE,2025-11-25,2025-11-28
OPP-0310302,2024-12-19,2025-02-18,,Europe,Southern Europe,Mid-market,Retail,Renewal motion,Mid-market,Analytics Platform,Prospecting,Pipeline,15,36501.37,11.4,36,114,377,5475.21,Yes,No,Build internally,NOT_APPLICABLE,2024-12-30,2025-01-06
OPP-0310303,2025-02-01,2025-04-12,,Latin America,Latin America,Small business,Retail,Event,Commercial,Analytics Platform,Qualification,Pipeline,17,18256.05,3.3,12,15,333,3103.53,Yes,Yes,Northstar Systems,NOT_APPLICABLE,2025-02-14,2025-02-25
OPP-0310304,09/20/2025,2025-12-17,,Europe,DACH,Mid-market,Healthcare,Customer referral,Mid-market,Data Integration,Proposal,Best case,45,42470.97,10,12,141,102,19111.94,No,No,,NOT_APPLICABLE,2025-09-24,2025-09-28
OPP-0310305,2025-06-07,2025-09-07,2025-09-07,North America,Northeast,Mid-market,Retail,Inbound web,Mid-market,Workflow Automation,Closed Won,Closed,100,27610.33,7.9,24,219,92,27610.33,No,No,Northstar Systems,Implementation plan,2025-09-07,NOT_APPLICABLE
OPP-0310306,2025-06-19,2025-09-12,,North America,West,Small business,Financial services,Inbound web,Mid-market,Security Suite,Discovery,Best case,41,32615.73,10,12,35,195,13372.45,No,No,No competitor identified,NOT_APPLICABLE,2025-06-19,2025-06-29
OPP-0310307,2024-11-08,2025-02-11,2025-02-11,North America,Central,Small business,Healthcare,Outbound sales,Strategic accounts,Workflow Automation,Closed Won,Closed,100,16669.3,16.9,24,31,95,16669.3,No,No,Apex Cloud,Implementation plan,2025-02-11,NOT_APPLICABLE
OPP-0310308,2025-01-12,2025-05-10,,Asia Pacific,Southeast Asia,Enterprise,Technology,Outbound sales,Commercial,Data Integration,Proposal,Best case,70,100294.88,0,12,752,353,70206.42,Yes,No,Incumbent solution,NOT_APPLICABLE,2025-01-16,2025-01-30
OPP-0310309,2024-11-05,2025-02-03,,Asia Pacific,North Asia,Strategic,Retail,Inbound web,Commercial,Analytics Platform,Qualification,Pipeline,29,,5.3,12,2783,421,63815.93,No,No,No competitor identified,NOT_APPLICABLE,2024-11-22,2024-12-02
OPP-0310310,2025-08-21,2025-11-22,,Europe,Northern Europe,Enterprise,Technology,Outbound sales,Strategic accounts,Security Suite,Discovery,Best case,41,109385.94,0,36,950,132,44848.24,No,No,No competitor identified,NOT_APPLICABLE,2025-08-26,2025-09-15
OPP-0310311,2025-10-21,2026-01-06,,North America,West,Mid-market,Financial services,Product-led,Commercial,Data Integration,Negotiation,Commit,89,32054.17,4.3,36,54,71,28528.21,Yes,No,Vertex Data,NOT_APPLICABLE,2025-11-14,2025-11-30
OPP-0310312,2024-12-13,2025-03-22,2025-03-22,Asia Pacific,North Asia,Mid-market,Professional services,Event,Enterprise,Workflow Automation,Closed Won,Closed,100,25819.38,6.9,12,205,99,25819.38,No,No,No competitor identified,Product fit,2025-03-22,NOT_APPLICABLE
OPP-0310313,2025-11-02,2026-03-03,2026-03-03,Europe,Southern Europe,Enterprise,Manufacturing,Outbound sales,Enterprise,Analytics Platform,Closed Won,Closed,100,120056.72,7.9,12,582,121,120056.72,No,No,Apex Cloud,Partner influence,2026-03-03,NOT_APPLICABLE
OPP-0310314,2025-07-19,2025-09-21,,North America,Southeast,Enterprise,Public sector,Event,Commercial,Security Suite,Discovery,Best case,47,135969.69,0,12,1214,165,63905.75,No,No,No competitor identified,NOT_APPLICABLE,2025-09-18,2025-10-02
OPP-0310315,2025-05-22,2025-08-20,,Europe,DACH,Small business,Financial services,Outbound sales,Commercial,Professional Services,Discovery,Best case,37,16042.39,0,24,25,223,5935.68,No,No,Vertex Data,NOT_APPLICABLE,2025-05-27,2025-05-30
OPP-0310316,2024-11-30,2025-02-18,,Europe,DACH,Mid-market,Healthcare,Outbound sales,Enterprise,Data Integration,Proposal,Best case,64,41667.66,2.7,24,218,396,26667.3,No,No,Incumbent solution,NOT_APPLICABLE,2024-12-19,2025-01-03
OPP-0310317,2025-04-09,2025-06-16,,North America,West,Small business,Manufacturing,Partner referral,Strategic accounts,Professional Services,Proposal,Best case,57,11825.57,6.9,24,48,266,6740.57,No,No,Northstar Systems,NOT_APPLICABLE,2025-05-08,2025-05-12
OPP-0310318,2025-02-25,2025-05-27,,North America,Southeast,Small business,Retail,Customer referral,Commercial,Data Integration,Discovery,Best case,34,16190.31,0.8,24,31,309,5504.71,No,No,No competitor identified,NOT_APPLICABLE,2025-04-28,2025-05-14
OPP-0310319,2024-12-22,2025-03-15,,Europe,Southern Europe,Enterprise,Technology,Outbound sales,Mid-market,Analytics Platform,Proposal,Best case,48,121292.21,10.8,12,853,374,58220.26,No,No,No competitor identified,NOT_APPLICABLE,2025-01-02,
OPP-0310320,2024-12-29,2025-03-12,,Europe,DACH,Mid-market,Public sector,Customer referral,Commercial,Data Integration,Qualification,Pipeline,26,39623.52,12.4,12,222,367,10302.12,No,No,No competitor identified,NOT_APPLICABLE,2025-01-09,2025-01-28
OPP-0310321,2024-11-10,2024-12-30,,Europe,Southern Europe,Small business,Technology,Outbound sales,Enterprise,Security Suite,Qualification,Pipeline,36,35141.92,3.3,12,22,416,12651.09,No,No,No competitor identified,NOT_APPLICABLE,2024-11-23,2024-11-26
OPP-0310322,2024-11-01,2024-12-21,,North America,Southeast,Mid-market,Retail,Inbound web,Mid-market,Professional Services,Qualification,Pipeline,31,23801.5,9,12,122,425,7378.47,No,No,Build internally,NOT_APPLICABLE,2024-11-08,2024-11-27
OPP-0310323,2025-06-06,2025-09-16,,North America,Northeast,Enterprise,Healthcare,Product-led,Enterprise,Workflow Automation,Negotiation,Commit,96,81678.06,,24,895,208,78410.94,No,No,No competitor identified,NOT_APPLICABLE,2025-06-07,2025-06-21
OPP-0310324,2025-05-04,2025-08-09,2025-08-09,Middle East and Africa,Middle East and Africa,Mid-market,Manufacturing,Event,Enterprise,Analytics,Closed Won,Closed,100,40588.49,12.2,12,135,97,40588.49,No,No,Northstar Systems,Product fit,2025-08-09,NOT_APPLICABLE
OPP-0310325,2025-08-13,2025-11-14,,Asia Pacific,Southeast Asia,Small business,Professional services,Inbound web,Mid-market,Workflow Automation,Discovery,Best case,43,19455.94,0.3,12,14,140,8366.05,No,No,Vertex Data,NOT_APPLICABLE,2025-08-16,2025-08-28
OPP-0310326,2025-01-24,2025-05-01,2025-05-01,Asia Pacific,ANZ,Strategic,Professional services,Event,Enterprise,Data Integration,Closed Lost,Omitted,0,136257.5,9.6,12,1669,97,0,No,No,Northstar Systems,Missing capability,2025-05-01,NOT_APPLICABLE
OPP-0310327,2025-10-06,2025-12-09,,Asia Pacific,Southeast Asia,Small business,Public sector,Product-led,Enterprise,Data Integration,Qualification,Pipeline,8,25340.8,4.8,12,35,86,2027.26,No,No,Incumbent solution,NOT_APPLICABLE,2025-10-06,2025-10-24
OPP-0310328,2024-11-30,2025-01-19,,Europe,Northern Europe,Mid-market,Professional services,Outbound sales,Mid-market,Analytics Platform,Discovery,Best case,0.7,46452.03,10,24,103,396,18116.29,No,No,Northstar Systems,NOT_APPLICABLE,2024-12-19,2024-12-28
OPP-0310329,2025-07-03,2025-10-07,,Middle East and Africa,Middle East and Africa,Mid-market,Professional services,Inbound web,Commercial,Workflow Automation,Prospecting,Pipeline,14,36579.39,10.3,12,40,181,5121.11,Yes,No,No competitor identified,NOT_APPLICABLE,2025-07-07,2025-07-10
OPP-0310330,2025-12-13,2025-12-31,,Asia Pacific,ANZ,Enterprise,Technology,Inbound web,Enterprise,Analytics Platform,Discovery,Best case,43,84751.05,12.7,12,861,18,36442.95,Yes,Yes,No competitor identified,NOT_APPLICABLE,2025-12-26,2025-12-29
OPP-0310331,2025-10-06,2025-12-21,,North America,Northeast,Enterprise,Retail,Inbound web,Enterprise,Workflow Automation,Prospecting,Pipeline,14,98892.98,5.2,12,786,86,13845.02,Yes,Yes,No competitor identified,NOT_APPLICABLE,2025-11-09,2025-11-14
OPP-0310332,2025-11-26,2026-02-20,,Europe,Northern Europe,Small business,Financial services,Partner referral,Commercial,Analytics Platform,Proposal,Best case,60,22508.01,11.1,12,17,35,13504.81,No,No,Northstar Systems,NOT_APPLICABLE,2025-12-21,2026-01-06
OPP-0310333,2025-05-03,2025-07-24,,North America,Southeast,Mid-market,Manufacturing,Event,Mid-market,Analytics Platform,Negotiation,Commit,84,55594.39,6.1,12,194,242,46699.29,No,No,Apex Cloud,NOT_APPLICABLE,2025-06-13,2025-06-26
OPP-0310334,2025-10-02,2025-12-02,,North America,Southeast,Small business,Healthcare,Outbound sales,Mid-market,Analytics Platform,Discovery,Best case,31,17550.41,5.2,12,4,90,5440.63,No,No,Incumbent solution,NOT_APPLICABLE,2025-10-04,2025-10-20
OPP-0310335,2025-08-26,2026-01-21,2026-01-21,North America,Southeast,Strategic,Technology,,Enterprise,Professional Services,Closed Won,Closed,100,112909.99,21.5,24,1678,148,112909.99,No,No,Incumbent solution,Partner influence,2026-01-21,NOT_APPLICABLE
OPP-0310336,2024-10-15,2024-12-12,,North America,Northeast,Small business,Technology,Event,Commercial,Workflow Automation,Qualification,Pipeline,27,14473.61,1.7,12,11,442,3907.87,Yes,Yes,Build internally,NOT_APPLICABLE,2024-10-17,2024-11-01
OPP-0310337,2024-12-08,2025-04-17,,North America,Southeast,Enterprise,Retail,Outbound sales,Commercial,Data Integration,Negotiation,Commit,82,78480.76,6.1,12,919,388,64354.22,No,No,No competitor identified,NOT_APPLICABLE,2025-02-25,2025-03-01
OPP-0310338,2025-11-01,2025-12-23,,Asia Pacific,North Asia,Mid-market,Public sector,Renewal motion,Commercial,Data Integration,Proposal,Best case,50,38702.23,4.6,12,93,60,19351.12,Yes,No,No competitor identified,NOT_APPLICABLE,2025-11-24,2025-12-14
OPP-0310339,2025-04-22,2025-07-24,,North America,Central,Mid-market,Healthcare,Partner referral,Strategic accounts,Workflow Automation,Discovery,Best case,40,21236.53,6.6,12,102,253,8494.61,No,No,Vertex Data,NOT_APPLICABLE,2025-06-12,2025-06-28
OPP-0310340,2025-11-11,2026-01-29,2026-01-18,Europe,DACH,Small business,Healthcare,Inbound web,Commercial,Workflow Automation,CL,Omitted,0,12476.3,9.7,12,62,68,0,Yes,Yes,Northstar Systems,Timing,2026-01-18,NOT_APPLICABLE
OPP-0310341,2025-07-27,2025-11-06,,Asia Pacific,North Asia,Enterprise,Healthcare,Inbound web,Commercial,Security Suite,Discovery,Best case,36,132505.86,0.4,12,1029,157,47702.11,No,No,Northstar Systems,NOT_APPLICABLE,2025-08-11,2025-08-31
OPP-0310342,2025-03-11,2025-05-10,,Asia Pacific,North Asia,Small business,Professional services,Outbound sales,Mid-market,Analytics Platform,Prospecting,Pipeline,0,22808.2,0,24,36,295,0,Yes,No,Northstar Systems,NOT_APPLICABLE,2025-03-12,2025-03-28
OPP-0310343,2025-05-15,2025-07-10,,Europe,DACH,Mid-market,Manufacturing,Partner referral,Enterprise,Analytics Platform,Qualification,Pipeline,20,37897.45,8.8,12,83,230,7579.49,Yes,Yes,Incumbent solution,NOT_APPLICABLE,2025-05-21,2025-05-25
OPP-0310344,2025-10-09,2026-01-08,,Asia Pacific,North Asia,Small business,Retail,Inbound web,Commercial,Analytics Platform,Negotiation,Commit,80,24624.94,11.4,12,11,83,19699.95,Yes,No,Vertex Data,NOT_APPLICABLE,2025-10-21,2025-11-03
OPP-0310345,2025-07-12,2025-09-04,,Asia Pacific,North Asia,Small business,Manufacturing,Inbound web,Commercial,Analytics Platform,Qualification,Pipeline,26,24551.93,0,12,14,172,6383.5,Yes,No,No competitor identified,NOT_APPLICABLE,2025-07-14,2025-07-25
OPP-0310346,2025-04-15,2025-07-07,,Latin America,Latin America,Enterprise,Public sector,Event,Mid-market,Workflow Automation,Discovery,Best case,45,52842.23,10.5,12,782,260,23779,No,No,Northstar Systems,NOT_APPLICABLE,2025-04-20,2025-04-24
OPP-0310347,2024-12-23,2025-03-18,,Asia Pacific,Southeast Asia,Small business,Healthcare,Outbound sales,Enterprise,Professional Services,Negotiation,Commit,72,9242.55,17,12,29,373,6654.64,No,No,Apex Cloud,NOT_APPLICABLE,2025-01-27,2025-02-10
OPP-0310348,2025-01-23,2025-05-25,2025-05-25,Latin America,Latin America,Enterprise,Retail,Inbound web,Mid-market,Analytics Platform,Closed Won,Closed,100,111595.31,6.4,12,799,122,111595.31,No,No,No competitor identified,Commercial terms,2025-05-25,NOT_APPLICABLE
OPP-0310349,2024-11-18,2025-01-08,,APAC,North Asia,Mid-market,Manufacturing,Product-led,Mid-market,Data Integration,Qualification,Pipeline,13,31636.33,22.1,12,224,408,4112.72,No,No,Northstar Systems,NOT_APPLICABLE,2024-12-10,2024-12-28
OPP-0310350,2025-12-11,2026-03-28,,Latin America,Latin America,Enterprise,Technology,Outbound sales,Enterprise,Data Integration,Discovery,Best case,46,95875.9,4.6,24,516,20,44102.91,No,No,No competitor identified,NOT_APPLICABLE,2025-12-12,2025-12-20
OPP-0310351,2024-09-20,2024-12-31,,North America,West,Mid-market,Retail,Renewal motion,Commercial,Workflow Automation,Proposal,Best case,54,31067.67,9,12,71,467,16776.54,Yes,No,No competitor identified,NOT_APPLICABLE,2024-10-13,2024-10-24
OPP-0310352,2025-10-19,2025-12-15,,Europe,Southern Europe,Enterprise,Retail,Partner referral,Mid-market,Data Integration,Prospecting,Pipeline,16,101597.33,9.3,12,1023,73,16255.57,No,No,No competitor identified,NOT_APPLICABLE,2025-10-28,2025-11-03
OPP-0310353,2024-11-21,2025-03-25,2025-03-25,Asia Pacific,ANZ,Mid-market,Manufacturing,Partner referral,Commercial,Data Integration,Closed Won,Closed,100,29948.13,20.6,36,251,124,29948.13,No,No,Incumbent solution,Commercial terms,2025-03-25,NOT_APPLICABLE
OPP-0310354,2025-10-26,2026-01-16,,North America,Southeast,Mid-market,Retail,Inbound web,Commercial,Analytics Platform,Qualification,Pipeline,36,45125.3,4.5,12,173,66,16245.11,No,No,Apex Cloud,NOT_APPLICABLE,2025-10-30,2025-11-07
OPP-0310355,2025-08-25,2025-11-29,,Middle East and Africa,Middle East and Africa,Small business,Manufacturing,Inbound web,Commercial,Professional Services,Discovery,Best case,43,11926.26,12,12,31,128,5128.29,No,No,Northstar Systems,NOT_APPLICABLE,2025-10-22,2025-11-07
OPP-0310356,2025-02-09,2025-07-26,2025-07-26,Middle East and Africa,Middle East and Africa,Strategic,Financial services,Outbound sales,Mid-market,Security Suite,Closed Won,Closed,100,338664.2,0,12,2837,167,338664.2,No,No,No competitor identified,Commercial terms,2025-07-26,NOT_APPLICABLE
OPP-0310357,2025-11-10,2026-02-24,,North America,Southeast,Enterprise,Retail,Inbound web,Enterprise,Analytics Platform,Negotiation,Commit,82,127873.31,13,12,517,51,104856.11,Yes,Yes,No competitor identified,NOT_APPLICABLE,2025-12-17,2026-01-05
OPP-0310358,2025-02-28,2025-06-04,,Europe,Southern Europe,Mid-market,Financial services,Partner referral,Mid-market,Workflow Automation,Discovery,Best case,40,33102.85,9,12,58,306,13241.14,No,No,No competitor identified,NOT_APPLICABLE,2025-03-19,2025-04-02
OPP-0310359,2025-02-09,2025-05-11,,North America,Southeast,Mid-market,Manufacturing,Product-led,Commercial,Analytics Platform,Prospecting,Pipeline,0,46961.56,9,12,223,325,0,No,No,Apex Cloud,NOT_APPLICABLE,2025-02-20,2025-02-28
OPP-0310360,2025-08-21,2025-10-12,,Europe,DACH,Enterprise,Retail,Renewal motion,Strategic accounts,Security Suite,Discovery,Best case,47,,4.2,36,914,132,76733.6,No,No,Vertex Data,NOT_APPLICABLE,2025-09-16,2025-09-22
OPP-0310361,2024-10-06,2024-11-10,,Europe,Northern Europe,Mid-market,Retail,Renewal motion,Strategic accounts,Professional Services,Qualification,Pipeline,28,31010.67,0.1,12,162,451,8682.99,No,No,Incumbent solution,NOT_APPLICABLE,2024-10-06,2024-10-23
OPP-0310362,2025-08-10,2025-10-09,,Asia Pacific,ANZ,Mid-market,Retail,Outbound sales,Mid-market,Workflow Automation,Discovery,Best case,30,34287.78,12.7,12,82,143,10286.33,No,No,Northstar Systems,NOT_APPLICABLE,2025-08-22,2025-09-10
OPP-0310363,2025-05-23,2025-08-08,,Middle East and Africa,Middle East and Africa,Enterprise,Technology,Inbound web,Strategic accounts,Data Integration,Qualification,Pipeline,24,97406.5,15.8,12,1267,222,23377.56,Yes,Yes,Vertex Data,NOT_APPLICABLE,2025-06-01,2025-06-14
OPP-0310364,2025-11-14,2026-01-06,,Europe,Northern Europe,Strategic,Financial services,Renewal motion,Enterprise,Security Suite,Prospecting,Pipeline,15,,1.3,12,1719,47,33457.05,No,No,No competitor identified,NOT_APPLICABLE,2025-11-29,2025-12-02
OPP-0310365,2025-11-30,2026-03-10,,North America,West,Mid-market,Financial services,Renewal motion,Mid-market,Analytics Platform,Negotiation,Commit,79,36077.47,8.6,12,88,31,28501.2,Yes,No,Northstar Systems,NOT_APPLICABLE,2026-01-19,2026-01-25
OPP-0310366,2024-12-06,2025-03-21,,North America,West,Enterprise,Retail,Partner referral,Mid-market,Analytics Platform,Proposal,Best case,70,120062.68,12,12,1117,390,84043.88,No,No,No competitor identified,NOT_APPLICABLE,2024-12-22,2025-01-08
OPP-0310366,2025-01-09,2025-04-16,2025-04-16,Middle East and Africa,Middle East and Africa,Enterprise,Financial services,Outbound sales,Strategic accounts,Security Suite,Closed Lost,Omitted,0,109675.35,4.4,36,868,97,0,No,No,Incumbent solution,Price,2025-04-16,NOT_APPLICABLE
OPP-0310368,2024-09-22,2024-11-01,,Europe,DACH,Enterprise,Healthcare,Customer referral,Commercial,Analytics Platform,Discovery,Best case,29,112234.02,18.6,12,452,465,32547.87,No,No,No competitor identified,NOT_APPLICABLE,2024-10-16,2024-10-21
OPP-0310369,2025-06-13,2025-09-15,,Europe,Northern Europe,Enterprise,Retail,Outbound sales,Mid-market,Data Integration,Proposal,Best case,68,114865.46,7.1,12,524,201,78108.51,No,No,Vertex Data,NOT_APPLICABLE,2025-06-23,2025-07-02
OPP-0310370,2025-12-09,2026-03-10,,North America,Central,Enterprise,Financial services,Renewal motion,Mid-market,Analytics Platform,Negotiation,Commit,82,119270.14,12.7,12,739,22,97801.51,No,No,Northstar Systems,NOT_APPLICABLE,2026-01-24,2026-02-09
OPP-0310371,2025-08-21,2025-10-26,,North America,Southeast,Mid-market,Financial services,Inbound web,Commercial,Analytics Platform,Negotiation,Commit,79,41471.11,13.6,12,144,132,32762.18,No,No,No competitor identified,NOT_APPLICABLE,2025-10-04,2025-10-14
OPP-0310372,2025-12-03,2026-02-10,,Europe,DACH,Mid-market,Technology,Partner referral,Enterprise,Data Integration,Prospecting,Pipeline,7,35778.5,7.5,12,136,28,2504.49,No,No,No competitor identified,NOT_APPLICABLE,2025-12-06,2025-12-13
OPP-0310373,2025-06-05,2025-08-21,,Europe,Southern Europe,Small business,Financial services,Partner referral,Mid-market,Data Integration,Discovery,Best case,43,25644.45,1.4,12,36,209,11027.11,No,No,Northstar Systems,NOT_APPLICABLE,2025-07-27,2025-08-14
OPP-0310374,2025-04-29,2025-07-21,,Middle East and Africa,Middle East and Africa,Enterprise,Retail,Customer referral,Enterprise,Data Integration,Negotiation,Commit,76,99945.74,12,24,837,246,75958.76,No,No,Apex Cloud,NOT_APPLICABLE,2025-05-09,2025-05-26
OPP-0310375,2024-12-27,2025-05-02,,North America,Southeast,Mid-market,Technology,Product-led,Mid-market,Workflow Automation,Prospecting,Pipeline,8,37823.74,0,12,124,369,3025.9,No,No,,NOT_APPLICABLE,2025-01-05,2025-01-08
OPP-0310376,2025-04-03,2025-07-13,2025-07-13,Asia Pacific,Southeast Asia,Enterprise,Professional services,Product-led,Mid-market,Workflow Automation,Closed Won,Closed,100,65308.1,9,12,766,101,65308.1,No,No,Northstar Systems,Commercial terms,2025-07-13,NOT_APPLICABLE
OPP-0310377,2025-10-06,2025-12-09,2025-11-30,North America,Northeast,Mid-market,Technology,Product-led,Enterprise,Workflow Automation,Closed Lost,Omitted,0,25494.43,13,12,90,55,0,No,No,Build internally,Competitor selected,2025-11-30,NOT_APPLICABLE
OPP-0310378,2025-11-24,2026-02-20,2026-02-20,Middle East and Africa,Middle East and Africa,Enterprise,Healthcare,Event,Mid-market,Professional Services,Closed Lost,Omitted,0,47110.56,24.4,24,427,88,0,Yes,Yes,No competitor identified,No decision,2026-02-20,NOT_APPLICABLE
OPP-0310379,2025-10-30,2026-01-26,,Europe,Southern Europe,Small business,Financial services,Outbound sales,Mid-market,Analytics Platform,Negotiation,Commit,73,30266.48,7.3,36,22,62,22094.53,Yes,No,Vertex Data,NOT_APPLICABLE,2026-01-22,2026-02-09
OPP-0310380,2025-08-31,2026-01-23,2026-01-23,Latin America,Latin America,Strategic,Technology,Partner referral,Enterprise,Analytics Platform,Closed Won,Closed,100,237953.31,17.1,24,921,145,237953.31,No,No,Vertex Data,Product fit,2026-01-23,NOT_APPLICABLE
OPP-0310381,2024-10-25,2025-01-19,,Europe,Southern Europe,Strategic,Technology,Partner referral,Commercial,Data Integration,Discovery,Best case,48,137172.77,5.4,12,1551,432,65842.93,No,No,Vertex Data,NOT_APPLICABLE,2024-11-17,2024-12-02
OPP-0310382,2025-01-10,2025-03-12,,Latin America,Latin America,Small business,Manufacturing,,Enterprise,Data Integration,Proposal,Best case,58,-32000,5,12,38,355,9028.65,No,No,Incumbent solution,NOT_APPLICABLE,2025-01-12,2025-01-24
OPP-0310383,2025-03-25,2025-06-07,,Asia Pacific,Southeast Asia,Small business,Healthcare,Product-led,Enterprise,Analytics Platform,Qualification,Pipeline,27,22420.15,7.6,24,11,281,6053.44,No,No,No competitor identified,NOT_APPLICABLE,2025-03-31,2025-04-09
OPP-0310384,2025-03-15,2025-07-11,,North America,Southeast,Enterprise,Healthcare,Customer referral,Strategic accounts,Data Integration,Qualification,Pipeline,37,79199.36,4,12,764,291,29303.76,No,No,No competitor identified,NOT_APPLICABLE,2025-03-25,2025-04-05
OPP-0310385,2025-09-07,2025-11-11,,Latin America,Latin America,Mid-market,Healthcare,Inbound web,Mid-market,Security Suite,Discovery,Best case,44,39966.9,8,12,117,115,17585.44,No,No,No competitor identified,NOT_APPLICABLE,2025-09-23,2025-09-28
OPP-0310386,2025-07-19,2025-10-20,,Europe,Southern Europe,Mid-market,Technology,Inbound web,Mid-market,Security Suite,Prospecting,Pipeline,16,54425.99,3.3,12,142,165,8708.16,No,No,No competitor identified,NOT_APPLICABLE,2025-07-28,2025-08-11
OPP-0310387,2025-02-20,2025-04-19,,Europe,Northern Europe,Enterprise,Healthcare,Outbound sales,Mid-market,Professional Services,Discovery,Best case,47,44859.18,8.3,24,710,314,21083.81,No,No,Vertex Data,NOT_APPLICABLE,2025-03-11,2025-03-16
OPP-0310388,2025-08-03,2025-09-20,,North America,Southeast,Mid-market,Retail,Inbound web,Commercial,Data Integration,Discovery,Best case,43,45080.64,7.4,12,106,150,19384.68,No,No,Vertex Data,NOT_APPLICABLE,2025-08-25,2025-09-08
OPP-0310389,2025-05-20,2025-08-30,,Europe,DACH,Enterprise,Healthcare,Inbound web,Commercial,Security Suite,Qualification,Pipeline,26,136937.49,0,12,1062,225,35603.75,No,No,No competitor identified,NOT_APPLICABLE,2025-06-01,2025-06-04
OPP-0310390,2025-01-15,2025-04-20,,Europe,Northern Europe,Mid-market,Manufacturing,Partner referral,Commercial,Analytics Platform,Qualification,Pipeline,23,46473.46,8.4,24,79,350,10688.9,No,No,Vertex Data,NOT_APPLICABLE,2025-02-15,2025-02-23
OPP-0310391,2025-05-11,2025-07-16,,Europe,Northern Europe,Small business,Technology,Outbound sales,Strategic accounts,Data Integration,Proposal,Best case,59,13515.79,14.4,24,44,234,7974.32,No,No,Vertex Data,NOT_APPLICABLE,2025-06-11,2025-06-27
OPP-0310392,2025-03-14,2025-05-27,,North America,West,Mid-market,Manufacturing,Outbound sales,Commercial,Workflow Automation,Negotiation,Commit,74,22861.23,5.1,24,56,292,16917.31,No,No,Apex Cloud,NOT_APPLICABLE,2025-05-23,2025-05-31
OPP-0310393,2024-10-09,2025-01-23,,North America,Central,Enterprise,Retail,Inbound web,Enterprise,Professional Services,Discovery,Best case,30,59061.37,0,36,833,448,17718.41,No,No,Apex Cloud,NOT_APPLICABLE,2024-10-18,2024-10-29
OPP-0310394,2025-01-27,2025-03-20,,North America,Central,Strategic,Technology,Outbound sales,Mid-market,Analytics Platform,Discovery,Best case,42,,2.6,12,2083,338,72128.09,No,No,Northstar Systems,NOT_APPLICABLE,2025-02-24,2025-03-12
OPP-0310395,2024-12-31,2025-03-08,,North America,Northeast,Enterprise,Technology,Outbound sales,Strategic accounts,Professional Services,Proposal,Best case,63,65346.13,2.3,12,810,365,41168.06,Yes,No,Vertex Data,NOT_APPLICABLE,2025-02-02,2025-02-12
OPP-0310396,2025-05-20,2025-08-30,2025-08-30,Europe,Northern Europe,Enterprise,Technology,Partner referral,Commercial,Data Integration,Closed Lost,Omitted,0,61014.34,14.8,12,650,102,0,No,No,Northstar Systems,Missing capability,2025-08-30,NOT_APPLICABLE
OPP-0310397,2025-02-07,2025-05-29,,Asia Pacific,North Asia,Mid-market,Manufacturing,Inbound web,Mid-market,Analytics Platform,Negotiation,Commit,72,53240.04,6.5,24,21,327,38332.83,No,No,Northstar Systems,NOT_APPLICABLE,2025-04-09,2025-04-25
OPP-0310398,2025-01-20,2025-04-22,,Europe,DACH,Enterprise,Healthcare,Inbound web,Commercial,Security Suite,Qualification,Pipeline,19,122020.12,2.8,24,789,345,23183.82,Yes,No,Apex Cloud,NOT_APPLICABLE,2025-02-22,2025-03-10
OPP-0310399,2025-04-12,2025-06-10,,Europe,Northern Europe,Mid-market,Technology,Outbound sales,Enterprise,Professional Services,Qualification,Pipeline,31,23313.63,0,12,163,263,7227.23,No,No,No competitor identified,NOT_APPLICABLE,2025-04-13,2025-05-01
OPP-0310400,2025-04-26,2025-07-30,,North America,West,Mid-market,Professional services,Renewal motion,Commercial,Analytics Platform,Negotiation,Commit,70,48124.62,11.8,12,132,249,33687.23,No,No,No competitor identified,NOT_APPLICABLE,2025-05-22,2025-05-27
OPP-0310401,11/16/2025,2026-03-13,,Latin America,Latin America,Mid-market,Retail,Customer referral,Strategic accounts,Security Suite,Negotiation,Commit,63,51540.17,17.1,12,87,45,32470.31,No,No,No competitor identified,NOT_APPLICABLE,2026-01-28,2026-02-17
OPP-0310402,2025-04-29,2025-07-11,,Europe,DACH,Enterprise,Financial services,Outbound sales,Enterprise,Security Suite,Discovery,Best case,37,,6,12,835,246,56619.65,No,No,Vertex Data,NOT_APPLICABLE,2025-06-02,2025-06-19
OPP-0310403,2025-05-14,2025-07-01,,Asia Pacific,Southeast Asia,Small business,Retail,Customer referral,Mid-market,Security Suite,Prospecting,Pipeline,6,32252.07,9.9,36,35,231,1935.12,No,No,Northstar Systems,NOT_APPLICABLE,2025-05-15,2025-05-24
OPP-0310404,2024-10-19,2025-01-18,2025-01-18,North America,Central,Enterprise,Financial services,Product-led,Enterprise,Analytics Platform,Closed Lost,Omitted,0,109055.1,13.3,12,956,91,0,No,No,No competitor identified,Timing,2025-01-18,NOT_APPLICABLE
OPP-0310405,2025-08-07,2025-10-21,2025-10-17,North America,West,Small business,Healthcare,Outbound sales,Mid-market,Workflow Automation,Closed Won,Closed,100,15378.64,5.2,12,12,71,15378.64,No,No,No competitor identified,Product fit,2025-10-17,NOT_APPLICABLE
OPP-0310406,2024-11-30,2025-03-02,,Europe,DACH,Enterprise,Healthcare,Partner referral,Commercial,Security Suite,Prospecting,Pipeline,15,137906.13,9.7,36,512,396,20685.92,Yes,Yes,Northstar Systems,NOT_APPLICABLE,2024-12-20,2025-01-06
OPP-0310407,2025-01-17,2025-04-20,,Europe,Southern Europe,Enterprise,Technology,Outbound sales,Commercial,Workflow Automation,Negotiation ,Commit,77,75823.69,10.1,12,923,348,58384.24,Yes,Yes,Northstar Systems,NOT_APPLICABLE,2025-03-12,2025-03-27
OPP-0310408,2024-12-13,2025-02-22,,North America,West,Small business,Technology,Customer referral,Commercial,Security Suite,Closed Lost,Commit,85,16989.89,,12,3,383,13761.81,No,No,Apex Cloud,NOT_APPLICABLE,2025-01-24,2025-02-12
OPP-0310409,2024-10-05,2024-12-26,,North America,West,Mid-market,Financial services,Inbound web,Mid-market,Analytics Platform,Proposal,Best case,57,39099.65,7.2,12,167,452,22286.8,Yes,No,No competitor identified,NOT_APPLICABLE,2024-10-19,2024-10-31
OPP-0310410,2025-04-11,2025-06-30,,North America,West,Enterprise,Healthcare,Inbound web,Mid-market,Security Suite,Proposal,Best case,56,96571.68,5.4,12,540,264,54080.14,No,No,Northstar Systems,NOT_APPLICABLE,2025-05-04,2025-05-13
OPP-0310411,2025-07-26,2025-10-03,,North America,West,Enterprise,Professional services,Partner referral,Enterprise,Data Integration,Qualification,Pipeline,30,71884.83,7.6,12,677,158,21565.45,No,No,No competitor identified,NOT_APPLICABLE,2025-08-06,2025-08-10
OPP-0310412,2025-02-18,2025-05-15,,North America,Southeast,Enterprise,Professional services,Outbound sales,Enterprise,Workflow Automation,Negotiation,Commit,74,73644.48,,12,736,316,54496.92,No,No,Incumbent solution,NOT_APPLICABLE,2025-04-16,2025-04-24
OPP-0310413,2024-11-07,2025-01-20,,Europe,DACH,Small business,Manufacturing,Event,Commercial,Professional Services,Proposal,Best case,70,13198.85,0.9,12,38,419,9239.19,Yes,No,No competitor identified,NOT_APPLICABLE,2024-11-08,2024-11-27
OPP-0310414,2024-09-10,2025-01-08,,North America,Southeast,Enterprise,Public sector,Outbound sales,Mid-market,Workflow Automation,Discovery,Best case,53,78492.84,6.4,12,793,477,41601.21,No,No,Vertex Data,NOT_APPLICABLE,2024-10-05,2024-10-08
OPP-0310415,2025-06-29,2025-10-06,,North America,Northeast,Enterprise,Financial services,Partner referral,Enterprise,Analytics Platform,Discovery,Best case,46,91966.04,4.2,12,975,185,42304.38,No,No,Vertex Data,NOT_APPLICABLE,2025-07-26,2025-07-29
OPP-0310416,2025-01-29,2025-03-25,,North America,West,Enterprise,Manufacturing,Partner referral,Commercial,Workflow Automation,Prospecting,Pipeline,11,92663.06,0,24,1225,336,10192.94,No,No,Northstar Systems,NOT_APPLICABLE,2025-02-14,2025-02-24
OPP-0310417,2024-10-20,2024-12-18,,North America,Southeast,Enterprise,Healthcare,Partner referral,Mid-market,Data Integration,Qualification,Pipeline,6,107052.87,14.7,12,831,437,6423.17,No,No,Vertex Data,NOT_APPLICABLE,2024-10-26,2024-11-04
OPP-0310418,2025-09-09,2025-11-03,,North America,Northeast,Small business,Professional services,Inbound web,Strategic accounts,Workflow Automation,Proposal,Best case,51,14079.27,4.5,12,29,113,7180.43,No,No,No competitor identified,NOT_APPLICABLE,2025-10-17,2025-10-20
OPP-0310419,2024-09-20,2024-12-30,,Latin America,Latin America,Strategic,Healthcare,Customer referral,Commercial,Data Integration,Negotiation,Commit,84,134320.21,10.4,24,1778,467,112828.98,No,No,Vertex Data,NOT_APPLICABLE,2024-11-23,2024-12-06
OPP-0310420,2025-07-22,2025-10-02,,Latin America,Latin America,Enterprise,Healthcare,Product-led,Enterprise,Security Suite,Prospecting,Pipeline,7,103317.89,0,12,796,162,7232.25,Yes,Yes,No competitor identified,NOT_APPLICABLE,2025-07-24,2025-08-03
OPP-0310421,2025-06-07,2025-07-11,,Europe,Northern Europe,Enterprise,Retail,Inbound web,Mid-market,Security Suite,Prospecting,Pipeline,10,137439.45,13.1,12,1042,207,13743.94,No,No,Vertex Data,NOT_APPLICABLE,2025-06-11,2025-06-20
OPP-0310422,2025-11-16,2026-02-10,,Europe,DACH,Mid-market,Professional services,Inbound web,Commercial,Workflow Automation,Qualification,Pipeline,27,36988.98,0,24,228,45,9987.02,No,No,Vertex Data,NOT_APPLICABLE,2025-11-17,2025-12-03
OPP-0310423,2025-02-28,2025-05-13,,North America,West,Mid-market,Financial services,Product-led,Commercial,Analytics Platform,Negotiation,Commit,62,40189.3,11.7,24,154,306,24917.37,No,No,Northstar Systems,NOT_APPLICABLE,2025-03-21,2025-03-25
OPP-0310424,2024-10-10,2024-12-15,2024-12-15,North America,Northeast,Small business,Retail,Inbound web,Commercial,Analytics Platform,Closed Lost,Omitted,0,23235.99,26.3,24,22,66,0,No,No,No competitor identified,Timing,2024-12-15,NOT_APPLICABLE
OPP-0310425,2025-08-02,2025-10-22,,North America,Southeast,Enterprise,Professional services,Product-led,Commercial,Analytics Platform,Prospecting,Pipeline,16,113038.07,7.7,12,348,151,18086.09,No,No,Vertex Data,NOT_APPLICABLE,2025-08-02,2025-08-17
OPP-0310426,2025-03-14,2025-06-08,,Europe,DACH,Enterprise,Healthcare,Partner referral,Commercial,Analytics Platform,Proposal,Best case,69,81819.66,9.9,12,1330,292,56455.57,No,No,Vertex Data,NOT_APPLICABLE,2025-03-18,2025-04-02
OPP-0310427,2025-03-18,2025-06-18,,North America,Central,Small business,Technology,Inbound web,Commercial,Workflow Automation,Qualification,Pipeline,35,20165.18,2,12,13,288,7057.81,Yes,Yes,No competitor identified,NOT_APPLICABLE,2025-03-25,2025-04-04
OPP-0310428,2024-11-28,2025-02-09,2025-01-23,North America,Southeast,Mid-market,Technology,Inbound web,Strategic accounts,Workflow Automation,Closed Lost,Omitted,0,31601.83,12.2,24,296,56,0,Yes,Yes,Vertex Data,No decision,2025-01-23,NOT_APPLICABLE
OPP-0310429,2025-02-23,2025-04-20,,Middle East and Africa,Middle East and Africa,Mid-market,Retail,,Mid-market,Workflow Automation,Qualification,Pipeline,34,31152.69,4.6,36,246,311,10591.91,No,No,Incumbent solution,NOT_APPLICABLE,2025-03-04,2025-03-11
OPP-0310430,2025-07-10,2025-10-03,2025-10-03,North America,Northeast,Enterprise,Retail,Outbound sales,Enterprise,Analytics Platform,Closed Lost,Omitted,0,132734.19,10.2,36,1128,85,0,No,No,Build internally,Competitor selected,2025-10-03,NOT_APPLICABLE
OPP-0310431,2024-10-21,2025-02-12,,North America,West,Enterprise,Retail,Customer referral,Commercial,Workflow Automation,Proposal,Best case,42,85798.66,2.1,12,359,436,36035.44,No,No,Northstar Systems,NOT_APPLICABLE,2024-11-27,2024-12-04
OPP-0310432,2025-03-11,2025-06-15,,NA,Central,Enterprise,Professional services,Inbound web,Commercial,Workflow Automation,Proposal,Best case,60,67899.97,8.8,12,961,295,40739.98,Yes,Yes,No competitor identified,NOT_APPLICABLE,2025-05-26,2025-06-15
OPP-0310433,2025-01-30,2025-05-16,,North America,Northeast,Small business,Manufacturing,Product-led,Strategic accounts,Professional Services,Negotiation,Commit,72,13775.04,11.2,12,38,335,9918.03,No,No,Apex Cloud,NOT_APPLICABLE,2025-03-02,2025-03-10
OPP-0310434,2024-09-15,2024-11-28,,Asia Pacific,Southeast Asia,Mid-market,Healthcare,Outbound sales,Commercial,Professional Services,Proposal,Best case,60,25299.7,5.3,12,226,472,15179.82,No,No,Northstar Systems,NOT_APPLICABLE,2024-10-19,2024-10-31
OPP-0310435,2025-10-04,2025-11-11,,Europe,DACH,Enterprise,Technology,Outbound sales,Mid-market,Analytics Platform,Discovery,Best case,30,133451.58,7.3,36,879,88,40035.47,No,No,Vertex Data,NOT_APPLICABLE,2025-10-04,2025-10-11
OPP-0310436,2025-05-13,2025-07-10,,North America,Central,Enterprise,Healthcare,Event,Commercial,Analytics Platform,Discovery,Best case,31,120992.53,9.5,24,513,232,37507.68,No,No,Apex Cloud,NOT_APPLICABLE,2025-06-22,2025-07-03
OPP-0310437,2025-11-11,2026-02-04,,North America,Northeast,Mid-market,Financial services,Event,Enterprise,Analytics Platform,Negotiation,Commit,69,38179.65,13.2,12,138,50,26343.96,No,No,Apex Cloud,NOT_APPLICABLE,2026-01-31,2026-02-14
OPP-0310438,2024-09-10,2024-11-25,,Latin America,Latin America,Mid-market,Healthcare,Outbound sales,Commercial,Workflow Automation,Discovery,Best case,48,36329.39,8.1,24,138,477,17438.11,Yes,No,Incumbent solution,NOT_APPLICABLE,2024-09-23,2024-09-30
OPP-0310439,2025-05-08,2025-07-31,,North America,Northeast,Small business,Financial services,Product-led,Mid-market,Workflow Automation,Qualification,Pipeline,23,12635.32,5.6,24,11,237,2906.12,No,No,Northstar Systems,NOT_APPLICABLE,2025-05-19,2025-05-26
OPP-0310440,2025-01-12,2025-04-19,,North America,Southeast,Mid-market,Financial services,Outbound sales,Commercial,Security Suite,Discovery,Best case,48,40379.17,3.2,36,90,353,19382,No,No,Northstar Systems,NOT_APPLICABLE,2025-01-17,2025-02-03
OPP-0310441,2025-01-02,2025-03-21,2025-03-19,Europe,Northern Europe,Enterprise,Financial services,Outbound sales,Commercial,Data Integration,Closed Lost,Omitted,0,86680.16,13.1,36,770,76,0,No,No,Incumbent solution,No decision,2025-03-19,NOT_APPLICABLE
OPP-0310442,2025-09-05,2025-11-28,2025-11-28,Latin America,Latin America,Mid-market,Retail,Outbound sales,Commercial,Data Integration,Closed Won,Closed,100,31184.49,12.3,24,293,84,31184.49,No,No,Vertex Data,Product fit,2025-11-28,NOT_APPLICABLE
OPP-0310443,2025-10-27,2026-01-16,,Asia Pacific,ANZ,Mid-market,Public sector,Outbound sales,Commercial,Security Suite,Proposal,Best case,69,35313.95,7.7,12,61,65,24366.63,No,No,Northstar Systems,NOT_APPLICABLE,2025-12-01,2025-12-11
OPP-0310444,2025-01-10,2025-04-19,2025-04-19,North America,West,Small business,Healthcare,Outbound sales,Strategic accounts,Security Suite,Closed Won,Closed,100,29717.75,7.9,36,4,99,29717.75,No,No,No competitor identified,Commercial terms,2025-04-19,NOT_APPLICABLE
OPP-0310445,2025-07-19,2025-09-18,,North America,Southeast,Small business,Manufacturing,Outbound sales,Commercial,Analytics Platform,Discovery,Best case,39,19239.74,4.9,12,46,165,7503.5,No,No,No competitor identified,NOT_APPLICABLE,2025-08-27,2025-09-02
OPP-0310446,2024-12-31,2025-03-10,2025-03-10,Asia Pacific,Southeast Asia,Mid-market,Retail,Outbound sales,Commercial,Data Integration,Closed Lost,Omitted,0,29857.85,6,12,147,69,0,No,No,,Missing capability,2025-03-10,NOT_APPLICABLE
OPP-0310447,2025-08-24,2025-11-16,2025-11-16,Europe,Northern Europe,Small business,Professional services,Renewal motion,Enterprise,Workflow Automation,Closed Won,Closed,100,12017.81,16.5,12,43,84,12017.81,No,No,Apex Cloud,Commercial terms,2025-11-16,NOT_APPLICABLE
OPP-0310448,2025-01-09,2025-03-23,,North America,West,Mid-market,Healthcare,Outbound,Enterprise,Workflow Automation,Qualification,Pipeline,18,26754.85,5.9,12,110,356,4815.87,No,No,No competitor identified,NOT_APPLICABLE,2025-01-12,2025-01-18
OPP-0310449,2024-12-29,2025-03-23,2025-03-13,Asia Pacific,Southeast Asia,Mid-market,Retail,Customer referral,Enterprise,Security Suite,Closed Won,Closed,100,57764.27,13.7,12,72,74,57764.27,No,No,Northstar Systems,Product fit,2025-03-13,NOT_APPLICABLE
OPP-0310450,2024-10-21,2025-02-09,2025-02-09,North America,Northeast,Enterprise,Healthcare,Partner referral,Enterprise,Security Suite,Closed Won,Closed,100,122524.33,13.6,12,945,111,122524.33,No,No,Northstar Systems,Product fit,2025-02-09,NOT_APPLICABLE
OPP-0310451,2024-09-10,2024-12-15,2024-12-07,Middle East and Africa,Middle East and Africa,Enterprise,Technology,Partner referral,Mid-market,Analytics Platform,Closed Won,Closed,100,112318.54,14.7,12,1396,88,112318.54,No,No,Northstar Systems,Partner influence,2024-12-07,NOT_APPLICABLE
OPP-0310452,2025-07-30,2025-11-08,,Asia Pacific,Southeast Asia,Small business,Healthcare,Renewal motion,Enterprise,Workflow Automation,Negotiation,Commit,83,21729.18,0.4,12,48,154,18035.22,No,No,Build internally,NOT_APPLICABLE,2025-08-30,2025-09-14
OPP-0310453,2024-09-25,2025-01-02,,Europe,DACH,Strategic,Professional services,Product-led,Commercial,Professional Services,Prospecting,Pipeline,21,113969.67,1.2,12,2701,462,23933.63,No,No,Incumbent solution,NOT_APPLICABLE,2024-10-04,2024-10-12
OPP-0310454,2025-05-31,2025-08-20,,Asia Pacific,Southeast Asia,Enterprise,Financial services,Outbound sales,Mid-market,Data Integration,Qualification,Pipeline,29,114032.05,6.7,12,1028,214,33069.29,Yes,No,No competitor identified,NOT_APPLICABLE,2025-07-07,2025-07-22
OPP-0310455,2025-01-29,2025-03-22,,North America,Central,Enterprise,Healthcare,Inbound web,Mid-market,Professional Services,Discovery,Best case,29,53335.4,13.8,36,769,336,15467.27,No,No,No competitor identified,NOT_APPLICABLE,2025-02-16,2025-03-04
OPP-0310456,2025-09-27,2025-12-23,,North America,Southeast,Small business,Retail,Event,Mid-market,Analytics Platform,Discovery,Best case,29,28825.04,5.6,12,31,95,8359.26,No,No,Apex Cloud,NOT_APPLICABLE,2025-10-10,2025-10-22
OPP-0310457,2025-01-22,2025-05-11,2025-05-11,North America,Central,Mid-market,Retail,Event,Mid-market,Security Suite,Closed Won,Closed,100,35940.91,14.1,12,202,109,35940.91,No,No,Build internally,Commercial terms,2025-05-11,NOT_APPLICABLE
OPP-0310458,2025-08-17,2025-10-24,2025-10-24,Asia Pacific,North Asia,Small business,Professional services,Product-led,Commercial,Analytics Platform,Closed Lost,Omitted,0,27963.74,13.3,12,29,68,0,No,No,Vertex Data,Timing,2025-10-24,NOT_APPLICABLE
OPP-0310459,2025-01-13,2025-03-07,,Asia Pacific,North Asia,Small business,Retail,Inbound web,Commercial,Professional Services,Discovery,Best case,48,9832.32,11.5,12,29,352,4719.51,No,No,No competitor identified,NOT_APPLICABLE,2025-01-17,2025-01-24
OPP-0310460,2025-05-20,2025-07-08,,North America,Northeast,Mid-market,Manufacturing,Outbound sales,Enterprise,Security Suite,Proposal,Best case,48,61952.95,3,24,145,225,29737.42,No,No,Apex Cloud,NOT_APPLICABLE,2025-06-16,2025-06-28
OPP-0310461,2025-02-19,2025-05-15,,Europe,Southern Europe,Small business,Technology,Inbound web,Mid-market,Analytics Platform,Negotiation,Commit,78,16749.12,15.5,12,30,315,13064.31,Yes,No,Incumbent solution,NOT_APPLICABLE,2025-04-02,2025-04-07
OPP-0310462,2024-09-27,2025-02-13,2024-11-25,Asia Pacific,ANZ,Small business,Professional services,Event,Enterprise,Analytics Platform,Closed Lost,Omitted,0,24099.96,21.7,24,43,59,0,No,No,No competitor identified,Price,2024-11-25,NOT_APPLICABLE
OPP-0310463,2025-09-30,2025-12-21,,Middle East and Africa,Middle East and Africa,Mid-market,Technology,Outbound sales,Strategic accounts,Workflow Automation,Qualification,Pipeline,17,30095.77,3.6,24,85,92,5116.28,No,No,Apex Cloud,NOT_APPLICABLE,2025-10-07,2025-10-21
OPP-0310464,2025-03-21,2025-05-27,,North America,West,Mid-market,Healthcare,Inbound web,Mid-market,Workflow Automation,Prospecting,Pipeline,3,34872.52,0,12,170,285,1046.18,No,No,Northstar Systems,NOT_APPLICABLE,2025-03-21,2025-04-03
OPP-0310465,2025-06-30,2025-09-10,,North America,West,Mid-market,Financial services,Outbound sales,Commercial,Security Suite,Proposal,Best case,65,36342.33,5.8,12,162,184,23622.51,Yes,No,Incumbent solution,NOT_APPLICABLE,2025-07-23,2025-07-30
OPP-0310466,2025-12-01,2026-03-12,,North America,West,Enterprise,Manufacturing,Product-led,Mid-market,Data Integration,Proposal,Best case,61,106835.54,5.8,12,1165,30,65169.68,No,No,Build internally,NOT_APPLICABLE,2026-01-08,2026-01-20
OPP-0310467,2025-07-09,2025-09-18,,Middle East and Africa,Middle East and Africa,Mid-market,Technology,Inbound web,Enterprise,Workflow Automation,Proposal,Best case,65,36967.9,8.2,24,74,175,24029.13,No,No,Northstar Systems,NOT_APPLICABLE,2025-08-17,2025-08-28
OPP-0310468,2025-10-17,2025-12-20,,Europe,Southern Europe,Mid-market,Retail,Outbound sales,Mid-market,Workflow Automation,Discovery,Best case,29,32795.63,10.1,24,142,75,9510.73,No,No,Apex Cloud,NOT_APPLICABLE,2025-11-18,2025-11-24
OPP-0310469,2025-08-16,2025-11-13,2025-11-13,North America,Southeast,Mid-market,Technology,Outbound sales,Mid-market,Data Integration,Closed Won,Closed,100,37174.16,13.4,12,90,89,37174.16,Yes,No,Incumbent solution,Implementation plan,2025-11-13,NOT_APPLICABLE
OPP-0310470,2025-12-09,2026-01-07,,North America,West,Strategic,Professional services,Outbound sales,Mid-market,Security Suite,Prospecting,Pipeline,1,,4.1,12,499,22,3184.22,No,No,No competitor identified,NOT_APPLICABLE,2025-12-22,2026-01-11
OPP-0310471,2025-09-22,2025-11-19,,Middle East and Africa,Middle East and Africa,Enterprise,Retail,Outbound sales,Mid-market,Professional Services,Qualification,Pipeline,23,73981.25,4.6,12,1144,100,17015.69,No,No,Northstar Systems,NOT_APPLICABLE,2025-09-23,2025-09-27
OPP-0310472,2024-11-08,2025-01-13,,Europe,Southern Europe,Small business,Healthcare,Event,Commercial,Analytics Platform,Proposal,Best case,69,26853.65,4.9,12,8,418,18529.02,No,No,Build internally,NOT_APPLICABLE,2024-12-23,2025-01-10
OPP-0310473,2025-05-20,2025-07-27,,Asia Pacific,ANZ,Enterprise,Healthcare,Inbound web,Mid-market,Analytics Platform,Discovery,Best case,56,89229.07,0,12,757,225,49968.28,No,No,Vertex Data,NOT_APPLICABLE,2025-06-27,2025-07-04
OPP-0310474,2024-11-23,2025-02-02,,Europe,Southern Europe,Mid-market,Professional services,Inbound web,Commercial,Professional Services,Discovery,Best case,39,21659.47,10,12,236,403,8447.19,Yes,Yes,No competitor identified,NOT_APPLICABLE,2024-12-03,2024-12-09
OPP-0310475,2025-03-25,2025-07-15,,North America,Central,Strategic,Healthcare,Product-led,Mid-market,Workflow Automation,Proposal,Best case,61,148553.96,7.3,12,1773,281,90617.92,No,No,Northstar Systems,NOT_APPLICABLE,2025-06-28,2025-07-01
OPP-0310476,2025-01-01,2025-03-21,,North America,Southeast,Mid-market,Healthcare,,Mid-market,Security Suite,Discovery,Best case,32,36685.46,9.4,12,100,364,11739.35,No,No,No competitor identified,NOT_APPLICABLE,2025-01-03,2025-01-21
OPP-0310477,2024-11-30,2025-02-19,,North America,West,Enterprise,Manufacturing,Partner referral,Enterprise,Workflow Automation,Proposal,Best case,64,80323.64,,12,707,396,51407.13,No,No,Apex Cloud,NOT_APPLICABLE,2025-02-06,2025-02-25
OPP-0310478,2025-07-04,2025-09-26,,Europe,Southern Europe,Mid-market,Retail,Product-led,Commercial,Workflow Automation,Prospecting,Pipeline,15,28783.15,5,12,133,180,4317.47,No,No,No competitor identified,NOT_APPLICABLE,2025-07-11,2025-07-14
OPP-0310479,2025-11-17,2026-03-03,2026-03-03,North America,Northeast,Small business,Technology,Outbound sales,Enterprise,Workflow Automation,Closed Won,Closed,100,10680.07,15.6,24,17,106,10680.07,Yes,Yes,Incumbent solution,Product fit,2026-03-03,NOT_APPLICABLE
OPP-0310480,2025-04-11,2025-08-21,,North America,Southeast,Enterprise,Technology,Event,Enterprise,Analytics Platform,Negotiation,Commit,79,84118.59,7.6,12,1411,264,66453.69,No,No,Incumbent solution,NOT_APPLICABLE,2025-08-16,2025-08-28
OPP-0310481,2024-12-18,2025-03-09,2025-03-09,North America,Southeast,Mid-market,Manufacturing,Customer referral,Strategic accounts,Workflow Automation,Closed Lost,Omitted,0,25293.05,10.3,12,125,81,0,No,No,No competitor identified,Price,2025-03-09,NOT_APPLICABLE
OPP-0310482,2025-12-02,2026-01-20,,Asia Pacific,ANZ,Mid-market,Retail,Inbound web,Mid-market,Workflow,Discovery,Best case,42,39366.44,1.5,24,140,29,16533.9,Yes,Yes,No competitor identified,NOT_APPLICABLE,2025-12-13,2025-12-24
OPP-0310483,2025-10-08,2025-12-22,,North America,Central,Enterprise,Financial services,Inbound web,Commercial,Security Suite,Negotiation,Commit,69,113919.92,11.5,12,791,84,78604.74,Yes,Yes,Incumbent solution,NOT_APPLICABLE,2025-10-21,2025-11-06
OPP-0310484,2025-11-28,2026-02-22,,Europe,Northern Europe,Small business,Manufacturing,Renewal motion,Commercial,Professional Services,Proposal,Best case,57,9661.29,0,12,39,33,5506.94,No,No,Build internally,NOT_APPLICABLE,2026-02-17,2026-02-20
OPP-0310485,2024-12-18,2025-02-22,,Europe,Northern Europe,Mid-market,Public sector,Customer referral,Mid-market,Workflow Automation,Qualification,Pipeline,17,26014.84,4.2,24,118,378,4422.52,No,No,No competitor identified,NOT_APPLICABLE,2024-12-21,2025-01-02
OPP-0310486,2025-03-02,2025-05-18,,North America,Northeast,Mid-market,Healthcare,Outbound sales,Enterprise,Professional Services,Qualification,Pipeline,25,20372.44,3.9,12,75,304,5093.11,No,No,No competitor identified,NOT_APPLICABLE,2025-03-03,2025-03-11
OPP-0310487,2025-02-13,2025-05-03,,Latin America,Latin America,Enterprise,Manufacturing,Event,Commercial,Professional Services,Qualification,Pipeline,12,61087.41,7.7,12,1016,321,7330.49,No,No,No competitor identified,NOT_APPLICABLE,2025-02-21,2025-03-12
OPP-0310488,2025-07-13,2025-09-27,,North America,Central,Small business,Technology,Event,Commercial,Analytics Platform,Prospecting,Pipeline,15,26778.05,5.3,24,15,171,4016.71,No,No,No competitor identified,NOT_APPLICABLE,2025-07-13,2025-07-17
OPP-0310489,2025-03-19,2025-04-30,,North America,Northeast,Enterprise,Financial services,Outbound sales,Enterprise,Workflow Automation,Discovery,Best case,54,64124.97,7.1,36,1020,287,34627.48,No,No,Northstar Systems,NOT_APPLICABLE,2025-03-20,2025-04-09
OPP-0310490,2025-08-01,2025-10-18,,North America,Northeast,Mid-market,Manufacturing,Inbound web,Commercial,Professional Services,Proposal,Best case,53,23364.57,2.9,12,175,152,12383.22,No,No,Incumbent solution,NOT_APPLICABLE,2025-08-13,2025-08-30
OPP-0310491,2024-11-29,2025-02-10,,Latin America,Latin America,Mid-market,Financial services,Outbound sales,Enterprise,Workflow Automation,Qualification,Pipeline,31,29710.4,0,24,181,397,9210.22,Yes,No,Vertex Data,NOT_APPLICABLE,2024-12-02,2024-12-20
OPP-0310492,2025-03-07,2025-05-16,2025-04-26,North America,Central,Mid-market,Healthcare,Partner referral,Enterprise,Analytics Platform,Closed Lost,Omitted,0,39130.33,13.5,12,171,50,0,No,No,Apex Cloud,Competitor selected,2025-04-26,NOT_APPLICABLE
OPP-0310493,2025-09-11,2026-02-01,2026-02-01,North America,Central,Strategic,Manufacturing,Inbound web,Enterprise,Data Integration,Closed Won,Closed,145,159109.17,15.7,12,1645,143,159109.17,No,No,Build internally,Partner influence,2026-02-01,NOT_APPLICABLE
OPP-0310494,2025-02-24,2025-05-16,2025-05-16,Europe,Northern Europe,Mid-market,Financial services,Inbound web,Mid-market,Professional Services,Closed Won,Closed,100,22696.5,14.9,12,138,81,22696.5,No,No,Build internally,Commercial terms,2025-05-16,NOT_APPLICABLE
OPP-0310495,2025-07-13,2025-08-25,,North America,Southeast,Small business,Professional services,Inbound web,Commercial,Data Integration,Discovery,Best case,26,15486.6,5.3,12,38,171,4026.52,No,No,Apex Cloud,NOT_APPLICABLE,2025-08-13,2025-08-22
OPP-0310496,2025-01-14,2025-05-16,,Asia Pacific,North Asia,Enterprise,Technology,Outbound sales,Enterprise,Analytics Platform,Negotiation,Commit,75,111596.46,,12,908,351,83697.35,No,No,Northstar Systems,NOT_APPLICABLE,2025-04-10,2025-04-30
OPP-0310497,2025-06-15,2025-09-02,,North America,Central,Enterprise,Professional services,Customer referral,Strategic accounts,Analytics Platform,Proposal,Best case,56,135045.45,7.9,12,709,199,75625.45,Yes,Yes,Incumbent solution,NOT_APPLICABLE,2025-08-29,2025-09-18
OPP-0310498,07/09/2025,2025-10-07,,North America,Central,Small business,Professional services,Inbound web,Commercial,Security Suite,Prospecting,Pipeline,20,30363.15,0,12,29,175,6072.63,No,No,Apex Cloud,NOT_APPLICABLE,2025-07-10,2025-07-21
OPP-0310499,2024-09-09,2024-10-18,,Latin America,Latin America,Small business,Manufacturing,Inbound web,Mid-market,Analytics Platform,Qualification,Pipeline,17,26283.79,11.6,36,57,478,4468.24,No,No,Vertex Data,NOT_APPLICABLE,2024-10-07,2024-10-20
OPP-0310500,2024-10-27,2025-01-13,2025-01-13,Asia Pacific,North Asia,Mid-market,Healthcare,Inbound web,Enterprise,Security Suite,Closed Won,Closed,100,49654.46,20,12,40,78,49654.46,No,No,Vertex Data,Product fit,2025-01-13,NOT_APPLICABLE
OPP-0310501,2025-07-15,2025-11-03,,Asia Pacific,Southeast Asia,Mid-market,Financial services,Product-led,Enterprise,Professional Services,Proposal,Best case,72,27963.38,5.8,12,182,169,20133.63,No,No,Apex Cloud,NOT_APPLICABLE,2025-08-23,2025-08-27
OPP-0310502,2025-05-06,2025-09-07,2025-09-07,North America,Central,Enterprise,Technology,Renewal motion,Commercial,Analytics Platform,Closed Won,Closed,100,88374.89,12.1,12,888,124,88374.89,No,No,No competitor identified,Executive sponsorship,2025-09-07,NOT_APPLICABLE
OPP-0310503,2025-12-01,2026-03-10,,Europe,DACH,Mid-market,Technology,Product-led,Strategic accounts,Security Suite,Proposal,Best case,57,40937.61,0,24,184,30,23334.44,Yes,No,Vertex Data,NOT_APPLICABLE,2025-12-15,2026-01-04
OPP-0310504,2025-06-02,2025-07-15,,Asia Pacific,Southeast Asia,Small business,Healthcare,Event,Enterprise,Analytics Platform,Prospecting,Pipeline,7,29604.23,0,24,19,212,2072.3,No,No,Apex Cloud,NOT_APPLICABLE,2025-06-04,2025-06-20
OPP-0310505,2025-08-12,2025-10-24,,North America,Central,Enterprise,Financial services,Inbound web,Strategic accounts,Professional Services,Proposal,Best case,61,55371.43,13.4,12,632,141,33776.57,No,No,Apex Cloud,NOT_APPLICABLE,2025-08-21,2025-08-28
OPP-0310506,2024-12-05,2025-01-29,,Asia Pacific,Southeast Asia,Mid-market,Healthcare,Event,Commercial,Data Integration,Proposal,Best case,52,36806.47,0,12,174,391,19139.36,No,No,Build internally,NOT_APPLICABLE,2024-12-28,2025-01-11
OPP-0310507,2025-07-18,2025-10-15,,Asia Pacific,Southeast Asia,Enterprise,Healthcare,Partner referral,Strategic accounts,Analytics Platform,Qualification,Pipeline,18,126375.19,3.6,12,207,166,22747.53,No,No,Vertex Data,NOT_APPLICABLE,2025-07-27,2025-08-13
OPP-0310508,2025-07-16,2025-10-19,,North America,Southeast,Mid-market,Financial services,Outbound sales,Strategic accounts,Data Integration,Discovery,Best case,30,41548.56,14,24,164,168,12464.57,No,No,Vertex Data,NOT_APPLICABLE,2025-07-20,2025-08-04
OPP-0310509,2025-08-12,2025-10-27,,North America,Southeast,Enterprise,Professional services,Outbound sales,Mid-market,Workflow Automation,Discovery,Best case,45,96472.23,4.7,12,779,141,43412.5,No,No,No competitor identified,NOT_APPLICABLE,2025-09-12,2025-09-16
OPP-0310510,2025-03-29,2025-06-18,,Europe,Northern Europe,Enterprise,Technology,Inbound web,Commercial,Analytics Platform,Negotiation,Commit,78,128482.8,15.3,12,486,277,100216.58,No,No,Build internally,NOT_APPLICABLE,2025-04-02,2025-04-12
OPP-0310511,2025-08-21,2025-11-06,,North America,Northeast,Enterprise,Technology,Event,Mid-market,Workflow Automation,Qualification,Pipeline,23,96083.66,9.7,24,708,132,22099.24,No,No,Northstar Systems,NOT_APPLICABLE,2025-08-23,2025-09-10
OPP-0310512,2025-10-30,2026-03-04,2026-03-04,Europe,Southern Europe,Mid-market,Manufacturing,Outbound sales,Enterprise,Data Integration,Closed Won,Closed,100,38556.45,12.5,12,162,125,38556.45,No,No,No competitor identified,Commercial terms,2026-03-04,NOT_APPLICABLE
OPP-0310513,2025-05-22,2025-08-04,,North America,Northeast,Enterprise,Healthcare,Outbound sales,Commercial,Security Suite,Discovery,Best case,41,133889.85,3.6,12,1095,223,54894.84,No,No,Incumbent solution,NOT_APPLICABLE,2025-05-27,2025-06-11
OPP-0310514,2024-09-24,2024-11-27,,Europe,DACH,Mid-market,Professional services,Customer referral,Commercial,Security Suite,Discovery,Best case,32,53896.39,16.4,12,128,463,17246.84,No,No,Vertex Data,NOT_APPLICABLE,2024-10-31,2024-11-14
OPP-0310515,2025-11-25,2026-02-10,2026-02-05,APAC,Southeast Asia,Mid-market,Healthcare,Inbound web,Enterprise,Workflow Automation,Closed Lost,Omitted,0,22849.32,3.8,36,164,72,0,No,No,Apex Cloud,Price,2026-02-05,NOT_APPLICABLE
OPP-0310516,2025-11-11,2026-01-26,,Asia Pacific,North Asia,Small business,Public sector,Inbound web,Mid-market,Data Integration,Qualification,Pipeline,21,22551.45,0,24,27,50,4735.8,No,No,No competitor identified,NOT_APPLICABLE,2025-12-17,2026-01-04
OPP-0310517,2024-10-11,2025-01-20,,Latin America,Latin America,Enterprise,Professional services,Outbound sales,Commercial,Data Integration,Qualification,Pipeline,26,113377.79,115,24,669,446,29478.23,No,No,,NOT_APPLICABLE,2024-10-22,2024-11-05
OPP-0310518,2025-03-11,2025-05-17,,Europe,Northern Europe,Mid-market,Manufacturing,Outbound sales,Commercial,Analytics Platform,Discovery,Best case,31,53611.43,0,12,168,295,16619.54,No,No,Vertex Data,NOT_APPLICABLE,2025-03-12,2025-03-25
OPP-0310519,2024-09-25,2024-12-03,,Europe,Northern Europe,Small business,Manufacturing,Inbound web,Mid-market,Data Integration,Proposal,Best case,60,25946.86,2.7,24,16,462,15568.12,No,No,Incumbent solution,NOT_APPLICABLE,2024-09-26,2024-10-01
OPP-0310520,2025-10-08,2026-03-11,2026-03-11,North America,West,Strategic,Healthcare,Outbound sales,Enterprise,Analytics Platform,Closed Won,Closed,100,187147.93,16.7,12,1046,154,187147.93,No,No,No competitor identified,Implementation plan,2026-03-11,NOT_APPLICABLE
OPP-0310521,2024-12-14,2025-04-11,2025-04-11,Asia Pacific,Southeast Asia,Enterprise,Manufacturing,Web inbound,Mid-market,Security Suite,Closed Lost,Omitted,0,87378.03,25.1,24,878,118,0,No,No,Vertex Data,Competitor selected,2025-04-11,NOT_APPLICABLE
OPP-0310522,2025-01-23,2025-05-13,,North America,Central,Mid-market,Healthcare,Customer referral,Strategic accounts,Data Integration,Negotiation,Commit,85,25579.18,11.3,12,218,342,21742.3,Yes,Yes,Apex Cloud,NOT_APPLICABLE,2025-03-30,2025-04-07
OPP-0310523,2025-03-29,2025-06-08,,Europe,Southern Europe,Mid-market,Healthcare,,Mid-market,Analytics Platform,Prospecting,Pipeline,13,33330.69,19.1,12,88,277,4332.99,No,No,Vertex Data,NOT_APPLICABLE,2025-03-30,2025-04-09
OPP-0310524,2024-12-02,2025-03-06,,Europe,DACH,Mid-market,Retail,Event,Mid-market,Security Suite,Qualification,Pipeline,23,55601.61,9.6,12,70,394,12788.37,Yes,Yes,No competitor identified,NOT_APPLICABLE,2024-12-21,2025-01-01
OPP-0310525,2025-03-01,2025-05-29,,North America,Southeast,Enterprise,Professional services,Inbound web,Enterprise,Workflow Automation,Prospecting,Pipeline,5,67395.03,0,24,1113,305,3369.75,Yes,Yes,No competitor identified,NOT_APPLICABLE,2025-03-04,2025-03-08
OPP-0310526,2025-02-07,2025-04-15,,North America,West,Mid-market,Technology,Partner referral,Commercial,Professional Services,Discovery,Best case,45,25170.36,12.1,36,69,327,11326.66,No,No,No competitor identified,NOT_APPLICABLE,2025-02-14,2025-02-18
OPP-0310527,2025-03-28,2025-05-07,,North America,Central,Small business,Retail,Inbound web,Mid-market,Workflow Automation,Proposal,Best case,57,17991,9,36,32,278,10254.87,No,No,No competitor identified,NOT_APPLICABLE,2025-04-22,2025-04-30
OPP-0310528,2025-11-25,2026-02-22,,Europe,Northern Europe,Small business,Healthcare,Product-led,Mid-market,Analytics Platform,Discovery,Best case,32,30878.88,0,24,26,36,9881.24,Yes,Yes,Northstar Systems,NOT_APPLICABLE,2025-12-21,2025-12-31
OPP-0310529,2025-06-05,2025-09-08,,Latin America,Latin America,Enterprise,Financial services,Outbound sales,Mid-market,Workflow Automation,Qualification,Pipeline,27,88381.57,0,12,1130,209,23863.02,No,No,Incumbent solution,NOT_APPLICABLE,2025-06-05,2025-06-14
OPP-0310530,2025-10-26,2025-11-12,,Latin America,Latin America,Mid-market,Technology,Outbound sales,Strategic accounts,Professional Services,Discovery,Best case,39,24660.91,7.9,12,162,66,9617.75,No,No,Vertex Data,NOT_APPLICABLE,2025-11-09,2025-11-15
OPP-0310531,2025-06-16,2025-09-15,,North America,West,Mid-market,Healthcare,Customer referral,Enterprise,Data Integration,Qualification,Pipeline,33,34716.96,0,12,112,198,11456.6,No,No,Northstar Systems,NOT_APPLICABLE,2025-06-21,2025-07-09
OPP-0310532,2025-08-17,2025-10-03,,North America,West,Small business,Manufacturing,Inbound web,Commercial,Analytics Platform,Qualification,Pipeline,33,20832.04,5.7,36,21,136,6874.57,Yes,No,Incumbent solution,NOT_APPLICABLE,2025-08-17,2025-08-27
OPP-0310533,2024-12-18,2025-03-27,,Middle East and Africa,Middle East and Africa,Small business,Public sector,Partner referral,Enterprise,Workflow Automation,Negotiation,Commit,75,17313.2,7,36,32,378,12984.9,Yes,No,Incumbent solution,NOT_APPLICABLE,2025-01-15,2025-01-30
OPP-0310534,2025-05-03,2025-06-13,,Europe,Southern Europe,Mid-market,Financial services,Partner referral,Mid-market,Analytics Platform,Qualification,Pipeline,22,40617.66,1,24,144,242,8935.89,No,No,No competitor identified,NOT_APPLICABLE,2025-05-06,2025-05-16
OPP-0310535,2025-02-14,2025-04-30,,Asia Pacific,ANZ,Mid-market,Retail,Product-led,Strategic accounts,Data Integration,Negotiation,Commit,79,30309.58,,12,240,320,23944.57,No,No,Vertex Data,NOT_APPLICABLE,2025-04-28,2025-05-04
OPP-0310536,2025-06-10,2025-10-21,2025-10-21,Europe,Southern Europe,Enterprise,Retail,Inbound web,Commercial,Security Suite,Closed Won,Closed,100,130725.48,12.1,24,1035,133,130725.48,No,No,No competitor identified,Partner influence,2025-10-21,NOT_APPLICABLE
OPP-0310537,2025-06-04,2025-09-02,,North America,West,Enterprise,Professional services,Partner referral,Commercial,Security Suite,Discovery,Best case,46,,0.7,36,637,210,75754.58,No,No,Vertex Data,NOT_APPLICABLE,2025-06-25,2025-07-03
OPP-0310538,2024-11-23,2025-01-02,,North America,Central,Mid-market,Financial services,Inbound web,Strategic accounts,Data Integration,Prospecting,Pipeline,1,45959.68,0,12,95,403,459.6,No,No,Northstar Systems,NOT_APPLICABLE,2024-11-24,2024-12-06
OPP-0310539,2025-03-13,2025-04-08,,North America,Northeast,Small business,Technology,Inbound web,Strategic accounts,Data Integration,Discovery,Best case,32,20799.86,8,12,26,293,6655.96,Yes,Yes,Apex Cloud,NOT_APPLICABLE,2025-03-26,2025-04-07
OPP-0310540,2024-11-11,2024-12-28,,North America,Northeast,Mid-market,Retail,Inbound web,Strategic accounts,Security Suite,Prospecting,Pipeline,16,56631.77,2,24,52,415,9061.08,No,No,Build internally,NOT_APPLICABLE,2024-11-18,2024-12-05
OPP-0310541,2024-12-17,2025-03-02,,Europe,Northern Europe,Mid-market,Manufacturing,Customer referral,Commercial,Security Suite,PROPOSAL,Best case,56,49194.41,0,36,49,379,27548.87,No,No,No competitor identified,NOT_APPLICABLE,2024-12-18,2025-01-04
OPP-0310542,2025-04-19,2025-08-31,,North America,Southeast,Mid-market,Public sector,Product-led,Enterprise,Workflow Automation,Qualification,Pipeline,33,27221.88,13.6,12,155,256,8983.22,Yes,Yes,Vertex Data,NOT_APPLICABLE,2025-04-20,2025-05-07
OPP-0310543,2025-03-04,2025-06-22,2025-06-22,Europe,Southern Europe,Enterprise,Public sector,Product-led,Enterprise,Data Integration,Closed Won,Closed,100,97678.69,0,12,1456,110,97678.69,No,No,Build internally,Product fit,2025-06-22,NOT_APPLICABLE
OPP-0310544,2024-10-19,2024-12-08,,North America,Northeast,Enterprise,Financial services,Inbound web,Enterprise,Workflow Automation,Discovery,Best case,33,68795.29,5.4,12,923,438,22702.45,No,No,No competitor identified,NOT_APPLICABLE,2024-10-28,2024-11-03
OPP-0310545,2025-07-09,2025-09-14,2025-06-27,Europe,DACH,Mid-market,Technology,Outbound sales,Commercial,Analytics Platform,Negotiation,Commit,77,43170.5,16.4,12,171,175,33241.29,No,No,Northstar Systems,NOT_APPLICABLE,2025-07-16,2025-07-28
OPP-0310546,2024-12-25,2025-03-31,,Europe,DACH,Enterprise,Retail,Outbound sales,Commercial,Analytics Platform,Negotiation,Commit,91,110013.94,11.5,12,31,371,100112.69,No,No,Incumbent solution,NOT_APPLICABLE,2024-12-27,2025-01-03
OPP-0310547,2025-10-31,2026-03-10,2026-03-10,North America,Central,Enterprise,Financial services,Event,Mid-market,Analytics Platform,Closed Won,Closed,100,87497.33,7,24,649,130,87497.33,No,No,No competitor identified,Implementation plan,2026-03-10,NOT_APPLICABLE
OPP-0310548,2025-06-02,2025-07-09,,Asia Pacific,Southeast Asia,Enterprise,Financial services,Partner referral,Commercial,Data Integration,Discovery,Best case,42,99063.34,6.6,36,687,212,41606.6,Yes,No,Northstar Systems,NOT_APPLICABLE,2025-06-28,2025-07-15
OPP-0310549,2025-03-14,2025-07-08,,North America,Southeast,Small business,Public sector,Renewal motion,Commercial,Security Suite,Negotiation,Commit,75,28178.13,9.1,36,29,292,21133.6,No,No,Northstar Systems,NOT_APPLICABLE,2025-04-12,2025-04-26
OPP-0310550,2025-10-02,2025-12-20,,Asia Pacific,Southeast Asia,Mid-market,Public sector,Customer referral,Commercial,Analytics Platform,Negotiation,Commit,85,29665.73,12.9,12,153,90,25215.87,No,No,Vertex Data,NOT_APPLICABLE,2025-11-18,2025-11-22
OPP-0310551,2025-04-21,2025-07-17,,North America,West,Enterprise,Professional services,Customer referral,Commercial,Analytics Platform,Proposal,Best case,62,99511.47,0.7,12,606,254,61697.11,No,No,Incumbent solution,NOT_APPLICABLE,2025-06-16,2025-06-19
OPP-0310552,2025-08-12,2025-12-05,2025-12-05,North America,Northeast,Enterprise,Manufacturing,Product-led,Mid-market,Security Suite,Closed Won,Closed,100,160335.52,7.9,12,529,115,160335.52,No,No,No competitor identified,Implementation plan,2025-12-05,NOT_APPLICABLE
OPP-0310553,2024-09-12,2025-01-11,2024-11-03,North America,Central,Mid-market,Technology,Product-led,Mid-market,Professional Services,Closed Lost,Omitted,0,24256.98,20.2,12,190,52,0,Yes,No,No competitor identified,Timing,2024-11-03,NOT_APPLICABLE
OPP-0310554,2025-08-16,2025-09-28,,North America,Southeast,Small business,Retail,Inbound web,Commercial,Workflow Automation,Qualification,Pipeline,14,18708.79,7.1,12,51,137,2619.23,No,No,Apex Cloud,NOT_APPLICABLE,2025-08-20,2025-08-25
OPP-0310555,2024-11-03,2025-02-11,2025-01-30,Europe,Northern Europe,Mid-market,Healthcare,Outbound sales,Enterprise,Analytics Platform,Closed Won,Closed,100,36409.41,15.9,12,147,88,36409.41,No,No,Build internally,Commercial terms,2025-01-30,NOT_APPLICABLE
OPP-0310556,2025-04-23,2025-06-23,,North America,Southeast,Mid-market,Healthcare,Partner referral,Commercial,Workflow Automation,Discovery,Best case,34,36861.84,0,12,3,252,12533.03,No,No,Apex Cloud,NOT_APPLICABLE,2025-04-27,2025-04-30
OPP-0310557,2024-10-07,2024-12-17,,North America,Southeast,Small business,Technology,Customer referral,Enterprise,Analytics Platform,Prospecting,Pipeline,11,22642,9.5,12,25,450,2490.62,No,No,Apex Cloud,NOT_APPLICABLE,2024-10-13,2024-10-17
OPP-0310558,2025-01-15,2025-06-02,,North America,Northeast,Mid-market,Financial services,Product-led,Commercial,Data Integration,Negotiation,Commit,81,39495.24,10,12,178,350,31991.14,No,No,No competitor identified,NOT_APPLICABLE,2025-01-22,2025-01-28
OPP-0310559,2024-12-31,2025-03-23,,North America,Southeast,Small business,Manufacturing,Partner referral,Commercial,Analytics Platform,Discovery,Best case,41,21157.1,5.8,12,10,365,8674.41,Yes,No,Vertex Data,NOT_APPLICABLE,2025-02-01,2025-02-09
OPP-0310560,2025-02-24,2025-05-29,,Asia Pacific,ANZ,Mid-market,Manufacturing,Outbound sales,Commercial,Analytics Platform,Proposal,Best case,60,56451.53,5.5,12,96,310,33870.92,Yes,No,No competitor identified,NOT_APPLICABLE,2025-04-02,2025-04-05
OPP-0310561,2025-01-18,2025-03-03,,North America,Central,Enterprise,Financial services,Event,Mid-market,Security Suite,Prospecting,Pipeline,10,112674.61,1.1,12,983,347,11267.46,No,No,No competitor identified,NOT_APPLICABLE,2025-01-19,2025-01-23
OPP-0310562,2025-09-02,2025-12-05,,North America,Southeast,Mid-market,Healthcare,Event,Enterprise,Workflow Automation,Discovery,Best case,33,22017.95,7.3,12,154,120,7265.92,No,No,Vertex Data,NOT_APPLICABLE,2025-09-09,2025-09-21
OPP-0310563,2025-08-12,2025-11-27,,North America,West,Enterprise,Financial services,Customer referral,Enterprise,Data Integration,Qualification,Pipeline,22,77686.59,1.2,36,673,141,17091.05,Yes,No,Apex Cloud,NOT_APPLICABLE,2025-08-14,
OPP-0310564,2025-03-25,2025-07-05,2025-07-05,Asia Pacific,ANZ,Enterprise,Manufacturing,Outbound sales,Enterprise,Analytics Platform,Closed Won,Closed,100,113615.2,13,24,1080,102,113615.2,No,No,Incumbent solution,Executive sponsorship,2025-07-05,NOT_APPLICABLE
OPP-0310565,2025-10-16,2026-01-12,2026-01-12,Asia Pacific,Southeast Asia,Mid-market,Retail,Customer referral,Enterprise,Workflow Automation,Closed Won,Closed,100,34600.7,9.6,12,143,88,34600.7,No,No,No competitor identified,Commercial terms,2026-01-12,NOT_APPLICABLE
OPP-0310566,2025-09-19,2026-01-24,2026-01-24,Asia Pacific,Southeast Asia,Strategic,Healthcare,Inbound web,Commercial,Professional Services,Closed Won,Closed,100,102263.65,16.4,12,2210,127,102263.65,Yes,No,Northstar Systems,Executive sponsorship,2026-01-24,NOT_APPLICABLE
OPP-0310567,2025-01-17,2025-05-11,,Europe,DACH,Small business,Professional services,Partner referral,Commercial,Data Integration,Negotiation,Commit,79,22906.86,12.9,24,30,348,18096.42,No,No,Northstar Systems,NOT_APPLICABLE,2025-02-10,2025-03-02
OPP-0310568,2024-11-28,2025-01-17,,North America,Southeast,Enterprise,Manufacturing,Product-led,Mid-market,Analytics Platform,Qualification,Pipeline,35,105406.61,11.1,12,365,398,36892.31,No,No,Apex Cloud,NOT_APPLICABLE,2024-12-31,2025-01-09
OPP-0310569,2024-10-16,2024-11-19,,Europe,DACH,Enterprise,Manufacturing,Event,Mid-market,Workflow Automation,Qualification,Pipeline,20,87585.75,3.2,36,856,441,17517.15,No,No,No competitor identified,NOT_APPLICABLE,2024-11-17,2024-12-05
OPP-0310570,2024-10-20,2025-01-23,,Latin America,Latin America,Enterprise,Healthcare,,Strategic accounts,Security Suite,Proposal,Best case,69,99935.9,11.5,12,918,437,68955.77,No,No,No competitor identified,NOT_APPLICABLE,2024-12-01,2024-12-11
OPP-0310571,2025-04-30,2025-07-13,2025-07-09,Latin America,Latin America,Enterprise,Retail,Customer referral,Enterprise,Workflow Automation,Closed Lost,Omitted,0,76022.18,15.7,36,919,70,0,No,No,Northstar Systems,Competitor selected,2025-07-09,NOT_APPLICABLE
OPP-0310572,2025-08-26,2025-10-23,,Europe,Northern Europe,Mid-market,Professional services,Outbound sales,Mid-market,Security Suite,Prospecting,Pipeline,6,42575.63,9,24,90,127,2554.54,No,No,No competitor identified,NOT_APPLICABLE,2025-09-05,2025-09-20
OPP-0310573,2025-08-10,2025-10-16,,Middle East and Africa,Middle East and Africa,Enterprise,Technology,Outbound sales,Strategic accounts,Workflow Automation,Discovery,Best case,44,87790.32,13,24,1292,143,38627.74,No,No,No competitor identified,NOT_APPLICABLE,2025-08-19,2025-09-08
OPP-0310574,2024-10-26,2025-01-01,,Europe,Northern Europe,Small business,Technology,Partner referral,Mid-market,Security Suite,Discovery,Best case,39,29165.61,8.2,12,37,431,11374.59,No,No,No competitor identified,NOT_APPLICABLE,2024-11-09,2024-11-17
OPP-0310575,2025-01-27,2025-05-11,,North America,West,Enterprise,Manufacturing,Partner referral,Enterprise,Workflow Automation,Discovery,Best case,37,78758.98,9.6,12,637,338,29140.82,No,No,Apex Cloud,NOT_APPLICABLE,2025-03-07,2025-03-25
OPP-0310576,2024-12-14,2025-02-19,,Middle East and Africa,Middle East and Africa,Mid-market,Professional services,Inbound web,Enterprise,Analytics Platform,Proposal,Best case,53,42514.09,0,24,141,382,22532.47,No,No,Apex Cloud,NOT_APPLICABLE,2025-01-30,2025-02-16
OPP-0310577,2025-02-28,2025-05-25,,North America,Northeast,Mid-market,Retail,Outbound sales,Mid-market,Data Integration,Proposal,Best case,58,33306.12,6.1,12,146,306,19317.55,Yes,No,Vertex Data,NOT_APPLICABLE,2025-03-18,2025-04-04
OPP-0310578,2024-09-27,2025-01-10,,Asia Pacific,North Asia,Mid-market,Professional services,Event,Strategic accounts,Security Suite,Proposal,Best case,72,38035.49,4.6,12,94,460,27385.55,No,No,Incumbent solution,NOT_APPLICABLE,2024-10-31,2024-11-13
OPP-0310579,2025-11-15,2026-02-01,,North America,Southeast,Small business,Technology,Partner referral,Commercial,Security Suite,Discovery,Best case,45,32867.29,3.1,12,45,46,14790.28,No,No,Northstar Systems,NOT_APPLICABLE,2026-01-05,2026-01-15
OPP-0310580,2025-11-13,2025-12-21,,North America,Northeast,Mid-market,Financial services,Inbound web,Enterprise,Data Integration,Discovery,Best case,32,31053.95,11.4,24,84,48,9937.26,No,No,No competitor identified,NOT_APPLICABLE,2025-11-21,2025-12-10
OPP-0310581,2025-05-17,2025-09-08,2025-09-08,North America,West,Enterprise,Financial services,Outbound sales,Commercial,Security Suite,Closed Lost,Omitted,0,124986.77,14.8,12,1457,114,0,No,No,Vertex Data,Competitor selected,2025-09-08,NOT_APPLICABLE
OPP-0310582,2025-01-06,2025-04-23,,Europe,Southern Europe,Mid-market,Healthcare,Outbound sales,Mid-market,Analytics Platform,Negotiation,Commit,77,31679.3,15.9,12,79,359,24393.06,No,No,Apex Cloud,NOT_APPLICABLE,2025-02-24,2025-03-10
OPP-0310583,2024-09-24,2024-11-25,,Middle East and Africa,Middle East and Africa,Enterprise,Healthcare,Customer referral,Enterprise,Data Integration,Prospecting,Pipeline,19,86349.63,8.8,12,648,463,16406.43,Yes,No,Vertex Data,NOT_APPLICABLE,2024-10-10,2024-10-21
OPP-0310584,2024-09-03,2024-12-02,,Europe,Southern Europe,Mid-market,Retail,Outbound sales,Commercial,Analytics Platform,Proposal,Best case,48,47808.62,0.6,12,215,484,22948.14,No,No,No competitor identified,NOT_APPLICABLE,2024-10-11,2024-10-23
OPP-0310585,2024-12-26,2025-03-03,,North America,Central,Mid-market,Financial services,Customer referral,Enterprise,Workflow Automation,Discovery,Best case,40,28261.53,10,12,185,370,11304.61,No,No,Northstar Systems,NOT_APPLICABLE,2025-01-04,2025-01-23
OPP-0310586,2025-07-08,2025-10-09,,North America,Northeast,Small business,Technology,Customer referral,Commercial,Security Suite,Negotiation,Commit,71,30476.97,9.7,24,29,176,21638.65,No,No,No competitor identified,NOT_APPLICABLE,2025-08-31,2025-09-14
OPP-0310587,2024-09-13,2024-12-02,,Asia Pacific,North Asia,Enterprise,Professional services,Outbound sales,Mid-market,Data Integration,Proposal,Best case,60,113417.2,5.1,36,530,474,68050.32,No,No,Vertex Data,NOT_APPLICABLE,2024-11-24,2024-12-03
OPP-0310588,2025-07-27,2025-10-10,,Europe,Northern Europe,Enterprise,Financial services,Partner referral,Mid-market,Analytics Platform,Discovery,Best case,35,144556.72,5.1,12,579,157,50594.85,No,No,,NOT_APPLICABLE,2025-09-05,2025-09-25
OPP-0310589,2025-02-18,2025-05-26,,North America,Central,Strategic,Technology,Product-led,Commercial,Workflow Automation,Negotiation,Commit,86,143295.32,14.8,12,2460,316,123233.98,No,No,Vertex Data,NOT_APPLICABLE,2025-03-23,2025-04-05
OPP-0310590,2025-06-08,2025-08-03,,Europe,DACH,Mid-market,Technology,Inbound web,Enterprise,Workflow Automation,Qualification,Pipeline,27,39790.77,0,24,83,206,10743.51,Yes,Yes,Incumbent solution,NOT_APPLICABLE,2025-06-13,2025-06-17
OPP-0310591,2025-07-13,2025-12-03,2025-12-03,Asia Pacific,North Asia,Enterprise,Professional services,Partner referral,Enterprise,Analytics Platform,Closed Won,Closed,100,88409.88,2.6,12,1087,143,88409.88,Yes,Yes,Apex Cloud,Product fit,2025-12-03,NOT_APPLICABLE
OPP-0310592,2025-05-04,2025-07-11,,North America,Central,Enterprise,Financial services,Outbound sales,Mid-market,Analytics Platform,Proposal,Best case,59,127355.36,14.2,24,631,241,75139.66,No,No,No competitor identified,NOT_APPLICABLE,2025-06-08,2025-06-22
OPP-0310593,2025-01-02,2025-03-20,,Middle East and Africa,Middle East and Africa,Small business,Public sector,Partner referral,Commercial,Security Suite,Negotiation,Commit,73,32109.66,12.3,12,19,363,23440.05,Yes,No,Northstar Systems,NOT_APPLICABLE,2025-01-18,2025-01-29
OPP-0310594,2025-01-03,2025-04-15,2025-04-15,North America,Central,Enterprise,Healthcare,Partner,Enterprise,Data Integration,Closed Won,Closed,100,106604.06,14.2,12,802,102,106604.06,No,No,No competitor identified,Commercial terms,2025-04-15,NOT_APPLICABLE
OPP-0310595,12/09/2025,2026-02-18,,North America,Central,Enterprise,Technology,Inbound web,Enterprise,Analytics Platform,Prospecting,Pipeline,5,90150.08,0,24,709,22,4507.5,No,No,Build internally,NOT_APPLICABLE,2025-12-10,2025-12-22
OPP-0310596,2024-10-20,2025-01-17,,Latin America,Latin America,Enterprise,Public sector,Customer referral,Mid-market,Security Suite,Discovery,Best case,50,140142.61,4.5,12,615,437,70071.3,No,No,Apex Cloud,NOT_APPLICABLE,2024-11-19,2024-12-03
OPP-0310597,2025-04-01,2025-07-03,2025-05-03,Asia Pacific,ANZ,Small business,Manufacturing,Customer referral,Strategic accounts,Data Integration,Closed Lost,Omitted,0,18605.95,13.9,36,31,32,0,No,No,Incumbent solution,Missing capability,2025-05-03,NOT_APPLICABLE
OPP-0310598,2025-08-20,2025-11-05,,NA,Central,Mid-market,Healthcare,Customer referral,Enterprise,Analytics Platform,Proposal,Best case,60,31791.89,9.9,12,133,133,19075.13,No,No,Apex Cloud,NOT_APPLICABLE,2025-09-20,2025-10-10
OPP-0310599,2025-03-31,2025-06-28,,Europe,Northern Europe,Mid-market,Financial services,Outbound sales,Commercial,Security Suite,Negotiation,Commit,72,39985.89,8.8,12,134,275,28789.84,Yes,Yes,No competitor identified,NOT_APPLICABLE,2025-06-24,2025-07-02
OPP-0310600,2024-09-02,2024-12-22,,Latin America,Latin America,Strategic,Technology,Renewal motion,Commercial,Security Suite,Negotiation,Commit,81,,,36,2268,485,166138.32,No,No,No competitor identified,NOT_APPLICABLE,2024-11-25,2024-12-01
OPP-0310601,2024-11-22,2025-01-31,,Europe,DACH,Small business,Healthcare,Partner referral,Commercial,Data Integration,Discovery,Best case,48,22233.99,0,12,34,404,10672.32,No,No,Apex Cloud,NOT_APPLICABLE,2024-11-28,2024-12-12
OPP-0310602,2025-03-28,2025-07-17,2025-07-17,Asia Pacific,North Asia,Small business,Healthcare,Renewal motion,Commercial,Analytics Platform,Closed Lost,Omitted,0,18220.08,11.4,24,19,111,0,No,No,Build internally,Price,2025-07-17,NOT_APPLICABLE
OPP-0310603,2024-09-05,2024-11-27,,Latin America,Latin America,Small business,Professional services,Outbound sales,Mid-market,Data Integration,Negotiation,Commit,77,16895.75,13.2,12,36,482,13009.73,No,No,Northstar Systems,NOT_APPLICABLE,2024-11-15,2024-12-01
OPP-0310604,2025-06-07,2025-09-30,2025-08-21,North America,Southeast,Small business,Retail,Inbound web,Enterprise,Workflow Automation,Closed Lost,Omitted,0,18827.26,12.7,12,26,75,0,No,No,No competitor identified,Price,2025-08-21,NOT_APPLICABLE
OPP-0310605,2025-07-26,2025-10-23,,North America,Southeast,Small business,Professional services,Outbound sales,Commercial,Security Suite,Discovery,Best case,44,29795.56,0,12,28,158,13110.05,Yes,Yes,Apex Cloud,NOT_APPLICABLE,2025-08-06,2025-08-22
OPP-0310606,2025-08-30,2025-11-27,2025-11-23,North America,West,Enterprise,Technology,Inbound web,Mid-market,Analytics Platform,Closed Lost,Omitted,0,103333.53,13.4,24,506,85,0,No,No,Build internally,Competitor selected,2025-11-23,NOT_APPLICABLE
OPP-0310607,2024-12-10,2025-03-08,,North America,West,Mid-market,Professional services,Event,Strategic accounts,Analytics Platform,Negotiation,Commit,81,36915.78,10.2,12,256,386,29901.78,Yes,No,No competitor identified,NOT_APPLICABLE,2024-12-18,2024-12-24
OPP-0310608,2025-06-12,2025-09-16,,Asia Pacific,ANZ,Mid-market,Technology,Inbound web,Mid-market,Workflow Automation,PROPOSAL,Best case,48,22260.11,5.2,12,174,202,10684.85,No,No,Incumbent solution,NOT_APPLICABLE,2025-07-04,2025-07-24
OPP-0310609,2024-11-21,2025-02-05,,Asia Pacific,North Asia,Enterprise,Financial services,Inbound web,Mid-market,Security Suite,Prospecting,Pipeline,0,105899.52,0,12,1433,405,0,No,No,Vertex Data,NOT_APPLICABLE,2024-11-24,2024-12-01
OPP-0310610,2025-08-30,2025-10-21,2025-10-21,North America,West,Mid-market,Healthcare,Partner referral,Commercial,Workflow Automation,Closed Lost,Omitted,0,27003.16,9.5,12,103,52,0,No,No,No competitor identified,Competitor selected,2025-10-21,NOT_APPLICABLE
OPP-0310611,2025-03-15,2025-05-04,,North America,Southeast,Enterprise,Technology,Product-led,Enterprise,Professional Services,Qualification,Pipeline,29,69600.79,8,12,550,291,20184.23,No,No,No competitor identified,NOT_APPLICABLE,2025-03-19,2025-03-24
OPP-0310612,2025-05-20,2025-07-30,,Europe,DACH,Small business,Financial services,Inbound web,Enterprise,Security Suite,Qualification,Pipeline,25,25673.96,1.3,36,12,225,6418.49,Yes,Yes,Incumbent solution,NOT_APPLICABLE,2025-05-20,2025-06-06
OPP-0310613,2024-09-13,2024-12-06,,Asia Pacific,North Asia,Small business,Technology,Outbound sales,Mid-market,Analytics Platform,Prospecting,Pipeline,13,21044.87,3.9,12,3,474,2735.83,No,No,Incumbent solution,NOT_APPLICABLE,2024-09-14,2024-10-04
OPP-0310614,2025-03-05,2025-06-22,,Europe,DACH,Mid-market,Financial services,Product-led,Mid-market,Workflow Automation,Proposal,Best case,53,39027.74,0.1,12,133,301,20684.7,No,No,Apex Cloud,NOT_APPLICABLE,2025-04-20,2025-05-08
OPP-0310615,2025-03-31,2025-07-14,,North America,Central,Enterprise,Technology,Outbound sales,Enterprise,Security Suite,Proposal,Best case,55,102560.99,5.1,12,819,275,56408.54,No,No,Incumbent solution,NOT_APPLICABLE,2025-05-11,2025-05-18
OPP-0310616,2025-10-05,2025-12-03,,Asia Pacific,Southeast Asia,Small business,Technology,Inbound web,Mid-market,Security Suite,Prospecting,Pipeline,8,34936.41,1.4,36,24,87,2794.91,Yes,No,No competitor identified,NOT_APPLICABLE,2025-10-05,2025-10-10
OPP-0310617,2025-07-10,2025-10-09,,North America,Northeast,Small business,Healthcare,,Commercial,Workflow Automation,Negotiation,Commit,83,21706.93,2.8,12,41,174,18016.75,No,No,Northstar Systems,NOT_APPLICABLE,2025-08-31,2025-09-03
OPP-0310618,2025-04-17,2025-06-24,2025-06-21,North America,Southeast,Mid-market,Technology,Event,Mid-market,Analytics Platform,Closed Lost,Omitted,0,46760.46,15.8,12,112,65,0,Yes,Yes,Vertex Data,Missing capability,2025-06-21,NOT_APPLICABLE
OPP-0310619,2025-03-17,2025-06-06,2025-06-06,North America,Northeast,Small business,Technology,Outbound sales,Commercial,Analytics Platform,Closed Lost,Omitted,0,21975.78,12.7,12,45,81,0,No,No,Apex Cloud,Competitor selected,2025-06-06,NOT_APPLICABLE
OPP-0310620,2025-03-02,2025-05-29,2025-05-15,North America,Central,Enterprise,Manufacturing,Outbound sales,Mid-market,Data Integration,Closed Lost,Omitted,0,64849.04,9.2,24,1100,74,0,No,No,No competitor identified,Price,2025-05-15,NOT_APPLICABLE
OPP-0310621,2025-04-11,2025-06-08,,Europe,Northern Europe,Small business,Public sector,Inbound web,Strategic accounts,Analytics Platform,Proposal,Best case,66,23648.03,8.1,12,16,264,15607.7,No,No,Vertex Data,NOT_APPLICABLE,2025-05-12,2025-05-25
OPP-0310622,2025-09-26,2026-01-27,2026-01-20,North America,Central,Mid-market,Financial services,Customer referral,Strategic accounts,Professional Services,Closed Won,Closed,100,26174.17,12.9,24,98,116,26174.17,No,No,No competitor identified,Partner influence,2026-01-20,NOT_APPLICABLE
OPP-0310623,2025-03-06,2025-05-24,,North America,West,Mid-market,Healthcare,Outbound sales,Enterprise,Analytics Platform,Discovery,Best case,36,46202.74,6.1,12,52,300,16632.99,Yes,No,No competitor identified,NOT_APPLICABLE,2025-03-08,2025-03-23
OPP-0310624,2025-02-16,2025-04-29,,Latin America,Latin America,Small business,Manufacturing,Product-led,Mid-market,Workflow Automation,Qualification,Pipeline,24,16268.18,8.7,12,13,318,3904.36,No,No,No competitor identified,NOT_APPLICABLE,2025-02-16,
OPP-0310625,2025-12-10,2026-02-22,,North America,Central,Small business,Technology,Renewal motion,Enterprise,Workflow Automation,Proposal,Best case,63,14056.09,-8,12,14,21,8855.34,No,No,Northstar Systems,NOT_APPLICABLE,2025-12-16,2025-12-25
OPP-0310626,2024-10-01,2024-11-26,,North America,Northeast,Mid-market,Retail,Inbound web,Enterprise,Security Suite,Qualification,Pipeline,18,44672.27,4.8,12,85,456,8041.01,No,No,No competitor identified,NOT_APPLICABLE,2024-11-09,2024-11-15
OPP-0310627,2024-11-13,2025-02-26,,North America,West,Small business,Manufacturing,Partner referral,Enterprise,Workflow Automation,Negotiation,Commit,77,18860.41,15.1,12,35,413,14522.52,No,No,Northstar Systems,NOT_APPLICABLE,2024-12-09,2024-12-26
OPP-0310628,2025-04-19,2025-08-20,,Europe,Northern Europe,Enterprise,Financial services,Event,Enterprise,Workflow Automation,Qualification,Pipeline,25,64000.09,4.1,12,792,256,16000.02,No,No,Build internally,NOT_APPLICABLE,2025-04-29,2025-05-19
OPP-0310629,2025-02-27,2025-03-30,,North America,Northeast,Enterprise,Healthcare,Outbound sales,Enterprise,Security Suite,Qualification,Pipeline,33,139286.73,6.1,12,662,307,45964.62,No,No,Apex Cloud,NOT_APPLICABLE,2025-02-28,2025-03-14
OPP-0310630,2025-05-19,2025-08-21,2025-07-28,Asia Pacific,North Asia,Small business,Financial services,Partner referral,Enterprise,Analytics Platform,Closed Lost,Omitted,0,24837.38,3.9,12,46,70,0,No,No,Build internally,No decision,2025-07-28,NOT_APPLICABLE
OPP-0310631,2025-11-22,2026-01-21,,North America,Northeast,Small business,Retail,Outbound sales,Mid-market,Professional Services,Discovery,Best case,33,10196.26,8.8,12,13,39,3364.77,Yes,No,Apex Cloud,NOT_APPLICABLE,2025-12-04,2025-12-19
OPP-0310632,2025-03-21,2025-06-23,,North America,West,Mid-market,Retail,Partner referral,Commercial,Professional Services,Qualification,Pipeline,23,21958.13,0,12,244,285,5050.37,No,No,Build internally,NOT_APPLICABLE,2025-03-22,2025-04-11
OPP-0310633,2024-12-21,2025-03-15,,North America,Southeast,Mid-market,Retail,Inbound web,Mid-market,Data Integration,Negotiation,Commit,78,26043.34,16.8,24,289,375,20313.81,No,No,Northstar Systems,NOT_APPLICABLE,2025-01-08,2025-01-18
OPP-0310634,2025-05-13,2025-08-06,,North America,Southeast,Strategic,Technology,Outbound sales,Mid-market,Analytics Platform,Discovery,Best case,30,,15.7,12,2244,232,75146.09,Yes,Yes,No competitor identified,NOT_APPLICABLE,2025-07-02,2025-07-20
OPP-0310635,2025-06-10,2025-09-11,2025-09-11,North America,Northeast,Mid-market,Financial services,Event,Mid-market,Analytics Platform,Closed Won,Closed,100,29107.34,14.3,12,219,93,29107.34,No,No,No competitor identified,Commercial terms,2025-09-11,NOT_APPLICABLE
OPP-0310636,2024-11-29,2025-02-09,,North America,Southeast,Small business,Professional services,Outbound sales,Strategic accounts,Analytics Platform,Prospecting,Pipeline,0,29468.09,1.7,36,15,397,0,No,No,Incumbent solution,NOT_APPLICABLE,2024-12-25,2025-01-12
OPP-0310637,2024-10-31,2025-01-01,,Asia Pacific,North Asia,Mid-market,Manufacturing,Inbound web,Commercial,Workflow Automation,Qualification,Pipeline,24,24502.44,7.4,12,172,426,5880.59,Yes,No,No competitor identified,NOT_APPLICABLE,2024-11-05,2024-11-13
OPP-0310638,2025-04-21,2025-08-02,,Asia Pacific,North Asia,Small business,Financial services,Inbound web,Commercial,Workflow Automation,Qualification,Pipeline,22,18886.71,10.6,12,28,254,4155.08,No,No,No competitor identified,NOT_APPLICABLE,2025-05-01,2025-05-07
OPP-0310639,2024-12-06,2025-04-13,,Europe,Northern Europe,Enterprise,Manufacturing,Inbound web,Enterprise,Data Integration,Negotiation,Commit,85,97125.36,14.2,12,1040,390,82556.56,No,No,No competitor identified,NOT_APPLICABLE,2025-04-04,2025-04-12
OPP-0310640,2024-10-28,2025-01-21,2025-01-21,North America,West,Mid-market,Manufacturing,Event,Commercial,Security Suite,Closed Won,Closed,100,33674.18,24.1,24,83,85,33674.18,No,No,Apex Cloud,Commercial terms,2025-01-21,NOT_APPLICABLE
OPP-0310641,2025-05-08,2025-07-23,,Asia Pacific,ANZ,Small business,Technology,Event,Enterprise,Workflow Automation,Qualification,Pipeline,25,13380.38,8,12,15,237,3345.09,Yes,No,Incumbent solution,NOT_APPLICABLE,2025-05-08,2025-05-18
OPP-0310642,2025-07-09,2025-10-25,,Latin America,Latin America,Small business,Technology,Event,Mid-market,Professional Services,Discovery,Best case,47,12358.43,0,12,20,175,5808.46,No,No,Apex Cloud,NOT_APPLICABLE,2025-08-09,2025-08-17
OPP-0310643,2024-09-16,2024-11-25,,Europe,DACH,Enterprise,Financial services,Inbound web,Enterprise,Workflow Automation,Proposal,Best case,60,75865.22,14.9,36,693,471,45519.13,No,No,No competitor identified,NOT_APPLICABLE,2024-10-08,2024-10-21
OPP-0310644,2024-09-04,2024-12-20,2024-12-20,North America,Central,Small business,Healthcare,Customer referral,Mid-market,Workflow Automation,Closed Won,Closed,100,19268.44,12.7,12,21,107,19268.44,No,No,Incumbent solution,Partner influence,2024-12-20,NOT_APPLICABLE
OPP-0310645,2024-11-20,2025-03-03,,North America,Central,Small business,Technology,Outbound sales,Mid-market,Data Integration,Prospecting,Pipeline,21,23683.95,8.9,12,50,406,4973.63,Yes,Yes,No competitor identified,NOT_APPLICABLE,2024-11-22,2024-11-27
OPP-0310646,2025-06-09,2025-09-02,,Latin America,Latin America,Mid-market,Financial services,Product-led,Enterprise,Workflow Automation,Discovery,Best case,39,31802.16,3,12,114,5,12402.84,No,No,No competitor identified,NOT_APPLICABLE,2025-06-24,2025-07-13
OPP-0310647,2025-04-17,2025-06-07,,North America,Southeast,Mid-market,Financial services,Inbound web,Mid-market,Workflow Automation,Prospecting,Pipeline,8,20903.59,11.4,24,135,258,1672.29,No,No,Build internally,NOT_APPLICABLE,2025-04-19,2025-04-25
OPP-0310648,2024-11-29,2025-02-18,2025-02-18,Asia Pacific,North Asia,Small business,Manufacturing,Outbound sales,Commercial,Data Integration,Closed Lost,Omitted,0,22966.43,14.9,12,21,81,0,No,No,Northstar Systems,Competitor selected,2025-02-18,NOT_APPLICABLE
OPP-0310649,2025-10-15,2025-12-29,,North America,West,Mid-market,Technology,Customer referral,Mid-market,Security Suite,Negotiation,Commit,83,53699.36,7.4,24,154,77,44570.47,Yes,Yes,No competitor identified,NOT_APPLICABLE,2025-11-10,2025-11-28
OPP-0310650,2025-06-22,2025-09-13,,North America,Southeast,Mid-market,Healthcare,Customer referral,Strategic accounts,Analytics Platform,Proposal,Best case,58,34004.39,0,12,101,192,19722.55,No,No,Northstar Systems,NOT_APPLICABLE,2025-08-02,2025-08-07
OPP-0310651,2025-05-17,2025-08-02,,Middle East and Africa,Middle East and Africa,Enterprise,Technology,Product-led,Enterprise,Workflow Automation,Prospecting,Pipeline,20,100826.72,0.3,36,649,228,20165.34,No,No,Northstar Systems,NOT_APPLICABLE,2025-05-18,2025-05-28
OPP-0310652,2025-08-02,2025-10-28,2025-10-28,North America,Southeast,Enterprise,Manufacturing,Inbound web,Commercial,Analytics Platform,Closed Lost,Omitted,0,128028.23,13.1,12,459,87,0,No,No,Build internally,No decision,2025-10-28,NOT_APPLICABLE
OPP-0310653,2025-11-04,2026-01-13,,Europe,Northern Europe,Enterprise,Professional services,Product-led,Enterprise,Data Integration,Discovery,Best case,35,117209.17,3.3,12,776,57,41023.21,Yes,No,Incumbent solution,NOT_APPLICABLE,2025-11-08,2025-11-11
OPP-0310654,2025-01-12,2025-06-17,2025-06-17,Europe,Southern Europe,Strategic,Professional services,Outbound sales,Strategic accounts,Professional Services,Closed Won,Closed,100,105813.9,17.3,12,3266,156,105813.9,No,No,Build internally,Product fit,2025-06-17,NOT_APPLICABLE
OPP-0310655,2025-07-30,2025-09-26,,North America,Southeast,Mid-market,Technology,Inbound web,Commercial,Data Integration,Discovery,Best case,38,41639.86,0,12,218,154,15823.15,No,No,Northstar Systems,NOT_APPLICABLE,2025-08-06,2025-08-16
OPP-0310656,2025-09-05,2025-12-06,,North America,Northeast,Enterprise,Healthcare,Partner referral,Mid-market,Security Suite,Prospecting,Pipeline,0,94472.31,11.1,24,516,117,0,No,No,No competitor identified,NOT_APPLICABLE,2025-10-06,2025-10-09
OPP-0310657,2025-06-03,2025-09-13,2025-09-13,North America,West,Small business,Technology,Event,Mid-market,Security Suite,Closed Won,Closed,100,22840.86,24.7,12,27,102,22840.86,Yes,Yes,Incumbent solution,Implementation plan,2025-09-13,NOT_APPLICABLE
OPP-0310658,2025-02-04,2025-04-10,,Europe,DACH,Enterprise,Healthcare,Event,Enterprise,Analytics Platform,Prospecting,Pipeline,11,92137.49,5.3,12,661,330,10135.12,No,No,No competitor identified,NOT_APPLICABLE,2025-02-04,2025-02-09
OPP-0310659,2025-01-20,2025-05-02,,North America,Central,Small business,Manufacturing,Customer referral,Mid-market,Workflow Automation,Proposal,Best case,60,20391.34,5.5,24,5,345,12234.8,No,No,,NOT_APPLICABLE,2025-02-02,2025-02-10
OPP-0310660,2025-05-02,2025-08-18,2025-08-18,Europe,DACH,Enterprise,Financial services,Customer referral,Commercial,Security Suite,Closed Lost,Omitted,0,132082.47,10.2,12,1109,108,0,Yes,Yes,Vertex Data,Timing,2025-08-18,NOT_APPLICABLE
OPP-0310661,2025-03-21,2025-06-27,,North America,Southeast,Enterprise,Healthcare,Outbound sales,Mid-market,Professional Services,Negotiation,Commit,83,44414.75,11.1,12,733,285,36864.24,No,No,No competitor identified,NOT_APPLICABLE,2025-05-03,2025-05-18
OPP-0310662,2025-08-20,2025-11-28,,Asia Pacific,ANZ,Mid-market,Professional services,Outbound sales,Commercial,Workflow Automation,Discovery,Best case,36,29437.01,7.8,12,155,133,10597.32,No,No,Apex Cloud,NOT_APPLICABLE,2025-09-29,2025-10-06
OPP-0310663,2025-08-23,2025-12-23,,North America,West,Small business,Healthcare,Event,Commercial,Analytics Platform,Negotiation,Commit,63,25052.94,,12,41,130,15783.35,No,No,Incumbent solution,NOT_APPLICABLE,2025-11-11,2025-11-24
OPP-0310664,2025-10-27,2026-01-11,2026-01-11,Europe,DACH,Mid-market,Healthcare,,Mid-market,Analytics Platform,Closed Lost,Omitted,0,47659.89,7.1,12,132,76,0,Yes,Yes,Apex Cloud,Competitor selected,2026-01-11,NOT_APPLICABLE
OPP-0310665,2025-08-15,2025-09-25,,Europe,Northern Europe,Enterprise,Professional services,Product-led,Enterprise,Professional Services,Prospecting,Pipeline,6,72502.09,5.6,24,809,138,4350.13,No,No,Northstar Systems,NOT_APPLICABLE,2025-08-20,2025-08-25
OPP-0310666,2025-09-05,2025-11-22,2025-11-22,North America,Northeast,Small business,Technology,Event,Commercial,Workflow Automation,Closed Lost,Omitted,0,18288.57,11.7,12,44,78,0,No,No,Vertex Data,Timing,2025-11-22,NOT_APPLICABLE
OPP-0310667,2024-12-23,2025-02-13,2025-02-13,North America,Northeast,Mid-market,Healthcare,Web inbound,Commercial,Analytics Platform,Closed Lost,Omitted,0,47009.19,20.9,12,134,52,0,No,No,Apex Cloud,Missing capability,2025-02-13,NOT_APPLICABLE
OPP-0310668,2024-09-28,2024-11-26,,North America,Central,Small business,Financial services,Customer referral,Enterprise,Analytics Platform,Qualification,Pipeline,18,25651.33,7,36,32,459,4617.24,No,No,No competitor identified,NOT_APPLICABLE,2024-10-01,2024-10-16
OPP-0310669,2025-03-19,2025-07-01,,Europe,Southern Europe,Small business,Financial services,Outbound sales,Mid-market,Data Integration,Proposal,Best case,71,15167.38,12.2,12,16,287,10768.84,No,No,Apex Cloud,NOT_APPLICABLE,2025-03-28,2025-04-12
OPP-0310670,2024-12-15,2025-03-15,,North America,Northeast,Mid-market,Manufacturing,Customer referral,Commercial,Workflow Automation,Qualification,Pipeline,28,36300.3,6.7,12,151,381,10164.08,No,No,Apex Cloud,NOT_APPLICABLE,2024-12-31,2025-01-15
OPP-0310671,2025-03-25,2025-06-08,,Europe,Southern Europe,Mid-market,Technology,Outbound sales,Enterprise,Security Suite,Discovery,Best case,41,48734.62,3.7,24,169,281,19981.19,No,No,Northstar Systems,NOT_APPLICABLE,2025-04-15,2025-04-28
OPP-0310672,2025-10-15,2026-01-29,,North America,Central,Enterprise,Professional services,Partner referral,Commercial,Security Suite,Negotiation,Commit,80,93283.12,11.8,24,1133,77,74626.5,No,No,Apex Cloud,NOT_APPLICABLE,2025-12-17,2026-01-01
OPP-0310673,2024-11-02,2025-03-13,,Latin America,Latin America,Enterprise,Financial services,Inbound web,Commercial,Workflow Automation,Negotiation,Commit,88,60194.46,12.7,12,891,424,52971.12,No,No,Apex Cloud,NOT_APPLICABLE,2025-02-08,2025-02-13
OPP-0310674,2025-08-30,2025-10-20,,Asia Pacific,ANZ,Small business,Manufacturing,Outbound sales,Mid-market,Workflow Automation,Qualification,Pipeline,14,13832.99,10.5,12,28,123,1936.62,No,No,No competitor identified,NOT_APPLICABLE,2025-09-14,2025-09-26
OPP-0310675,2025-03-14,2025-07-04,,Asia Pacific,ANZ,Enterprise,Financial services,Product-led,Mid-market,Security Suite,Negotiation ,Commit,86,112291.66,14.8,12,807,292,96570.83,No,No,Apex Cloud,NOT_APPLICABLE,2025-05-02,2025-05-06
OPP-0310676,2025-09-03,2025-12-06,2025-11-22,Europe,Southern Europe,Mid-market,Healthcare,Outbound sales,Enterprise,Analytics Platform,Closed Won,Closed,100,46708.66,5.1,36,42,80,46708.66,Yes,No,Apex Cloud,Commercial terms,2025-11-22,NOT_APPLICABLE
OPP-0310677,2025-05-15,2025-07-24,,Europe,Northern Europe,Mid-market,Technology,Event,Commercial,Data Integration,Prospecting,Pipeline,23,34613.22,11.7,24,216,230,7961.04,No,No,No competitor identified,NOT_APPLICABLE,2025-05-21,2025-05-29
OPP-0310678,2025-11-15,2026-03-04,,Asia Pacific,North Asia,Mid-market,Technology,Inbound web,Mid-market,Data Integration,Prospecting,Pipeline,1,39741.11,0,12,198,46,397.41,No,No,No competitor identified,NOT_APPLICABLE,2025-11-30,2025-12-15
OPP-0310679,2025-01-24,2025-05-02,2025-05-02,North America,Northeast,Mid-market,Professional services,Inbound web,Mid-market,Analytics Platform,Closed Won,Closed,100,51933.25,1.3,12,223,98,51933.25,No,No,No competitor identified,Product fit,2025-05-02,NOT_APPLICABLE
OPP-0310680,2025-06-11,2025-08-14,,Asia Pacific,North Asia,Mid-market,Healthcare,Customer referral,Mid-market,Analytics Platform,Proposal,Best case,67,37455.18,11.7,12,58,203,25094.97,No,No,Incumbent solution,NOT_APPLICABLE,2025-06-13,2025-06-19
OPP-0310681,2025-04-15,2025-08-03,2025-08-03,Middle East and Africa,Middle East and Africa,Enterprise,Healthcare,Partner referral,Enterprise,Analytics Platform,Closed Lost,Omitted,0,114591.59,13.7,12,865,110,0,No,No,Northstar Systems,Competitor selected,2025-08-03,NOT_APPLICABLE
OPP-0310682,2025-06-27,2025-10-11,,Europe,Northern Europe,Small business,Financial services,Inbound web,Commercial,Security Suite,Proposal,Best case,56,28977.79,0,24,12,187,16227.56,Yes,No,Incumbent solution,NOT_APPLICABLE,2025-07-22,2025-08-04
OPP-0310683,2025-12-14,2026-03-18,,Asia Pacific,North Asia,Small business,Manufacturing,Outbound sales,Strategic accounts,Data Integration,Qualification,Pipeline,35,21416.73,16.6,12,36,17,7495.86,Yes,Yes,Northstar Systems,NOT_APPLICABLE,2025-12-14,2026-01-02
OPP-0310684,2025-01-26,2025-04-18,,Asia Pacific,North Asia,Mid-market,Manufacturing,Partner referral,Enterprise,Professional Services,Qualification,Pipeline,29,29492.37,0,12,125,339,8552.79,No,No,Incumbent solution,NOT_APPLICABLE,2025-02-10,2025-02-14
OPP-0310685,2025-09-08,2025-11-15,,Europe,Northern Europe,Mid-market,Retail,Event,Enterprise,Analytics Platform,Prospecting,Pipeline,16,54466.83,6.4,36,133,114,8714.69,No,No,Build internally,NOT_APPLICABLE,2025-09-08,
OPP-0310686,2025-06-09,2025-09-10,,North America,Northeast,Small business,Financial services,Partner referral,Mid-market,Workflow Automation,Prospecting,Pipeline,3,13314.88,10.2,12,39,205,399.45,No,No,Incumbent solution,NOT_APPLICABLE,2025-06-10,2025-06-18
OPP-0310687,2024-09-21,2024-12-21,,North America,Central,Enterprise,Technology,Outbound sales,Strategic accounts,Professional Services,Negotiation,Commit,83,67218.39,10.1,12,1049,466,55791.26,No,No,Northstar Systems,NOT_APPLICABLE,2024-09-22,2024-10-04
OPP-0310688,2025-05-04,2025-07-09,,North America,Central,Mid-market,Financial services,Partner referral,Commercial,Analytics Platform,Negotiation,Commit,83,46275.59,,12,103,241,38408.74,No,No,No competitor identified,NOT_APPLICABLE,2025-06-08,2025-06-15
OPP-0310688,2025-05-04,2025-07-30,,North America,West,Enterprise,Manufacturing,Event,Commercial,Security Suite,Qualification,Pipeline,33,126221.16,5.5,12,819,241,41652.98,Yes,No,Vertex Data,NOT_APPLICABLE,2025-05-05,2025-05-22
OPP-0310690,2025-09-09,2025-11-03,,North America,Central,Small business,Manufacturing,Outbound sales,Enterprise,Workflow Automation,Discovery,Best case,37,20170.67,6.5,12,26,113,7463.15,No,No,No competitor identified,NOT_APPLICABLE,2025-10-04,2025-10-15
OPP-0310691,2025-11-29,2026-02-06,,North America,Northeast,Small business,Public sector,Customer referral,Commercial,Data Integration,Proposal,Best case,61,22367.07,3.8,24,17,32,13643.91,No,No,Incumbent solution,NOT_APPLICABLE,2025-12-26,2026-01-08
OPP-0310692,10/27/2024,2025-01-12,,North America,Central,Mid-market,Healthcare,Renewal motion,Enterprise,Data Integration,Proposal,Best case,61,31168.32,3.1,12,113,430,19012.68,Yes,Yes,Northstar Systems,NOT_APPLICABLE,2024-10-27,2024-11-10
OPP-0310693,2025-06-27,2025-09-07,2025-08-19,Latin America,Latin America,Mid-market,Technology,Partner referral,Strategic accounts,Security Suite,Closed Lost,Omitted,0,37438.56,12.3,36,148,53,0,No,No,No competitor identified,Missing capability,2025-08-19,NOT_APPLICABLE
OPP-0310694,2025-09-01,2025-10-24,,North America,Central,Enterprise,Technology,Renewal motion,Mid-market,Workflow Automation,Qualification,Pipeline,26,68583.82,2.5,12,216,121,17831.79,No,No,Apex Cloud,NOT_APPLICABLE,2025-09-06,2025-09-25
OPP-0310695,2024-10-24,2025-01-17,,Europe,Southern Europe,Enterprise,Retail,Customer referral,Commercial,Analytics Platform,Negotiation,Commit,78,88212.26,15.9,12,607,433,68805.56,No,No,No competitor identified,NOT_APPLICABLE,2025-01-16,2025-01-31
OPP-0310696,2024-11-26,2025-02-20,,North America,Central,Enterprise,Technology,Inbound web,Enterprise,Security Suite,Discovery,Best case,35,106313.88,5.8,12,671,400,37209.86,No,No,Apex Cloud,NOT_APPLICABLE,2025-01-22,2025-02-05
OPP-0310697,2025-07-11,2025-10-24,,Middle East and Africa,Middle East and Africa,Small business,Healthcare,Renewal motion,Mid-market,Professional Services,Discovery,Best case,29,15032.88,6,12,33,173,4359.54,No,No,Vertex Data,NOT_APPLICABLE,2025-08-07,2025-08-12
OPP-0310698,2025-07-26,2025-09-24,,Asia Pacific,Southeast Asia,Small business,Financial services,Outbound sales,Commercial,Data Integration,Proposal,Best case,59,18540.57,11.1,12,47,158,10938.94,No,No,Incumbent solution,NOT_APPLICABLE,2025-08-16,2025-08-23
OPP-0310699,2025-09-02,2025-10-22,,North America,West,Enterprise,Healthcare,Customer referral,Mid-market,Analytics Platform,Discovery,Best case,-10,136427.26,5.9,36,922,120,55935.18,Yes,No,Northstar Systems,NOT_APPLICABLE,2025-09-30,2025-10-07
OPP-0310700,2025-07-18,2025-10-15,2025-10-15,Europe,DACH,Enterprise,Technology,Event,Strategic accounts,Workflow Automation,Closed Lost,Omitted,0,77174.6,8,12,744,89,0,Yes,No,No competitor identified,Price,2025-10-15,NOT_APPLICABLE
OPP-0310701,2024-12-10,2025-04-07,,North America,West,Mid-market,Professional services,Inbound web,Commercial,Workflow Automation,Prospecting,Pipeline,4,23417.38,5.8,24,80,386,936.7,Yes,No,Northstar Systems,NOT_APPLICABLE,2024-12-14,2024-12-20
OPP-0310702,2025-05-20,2025-08-13,,North America,Central,Strategic,Technology,Outbound sales,Commercial,Professional Services,Qualification,Pipeline,19,85893.08,7,12,2361,225,16319.69,No,No,No competitor identified,NOT_APPLICABLE,2025-05-22,2025-06-10
OPP-0310703,2025-06-25,2025-10-24,,Asia Pacific,ANZ,Enterprise,Manufacturing,Outbound sales,Mid-market,Analytics Platform,Negotiation,Commit,79,115320.23,13.5,12,849,189,91102.98,No,No,Apex Cloud,NOT_APPLICABLE,2025-08-08,2025-08-19
OPP-0310704,2025-10-19,2025-12-31,,Europe,Northern Europe,Small business,Financial services,Customer referral,Mid-market,Security Suite,Proposal,Best case,57,23299.31,0,12,19,73,13280.61,No,No,Northstar Systems,NOT_APPLICABLE,2025-11-22,2025-12-08
OPP-0310705,2025-01-02,2025-03-20,,Europe,Southern Europe,Enterprise,Retail,Product-led,Mid-market,Analytics Platform,Discovery,Best case,37,117577.04,0,12,604,363,43503.5,No,No,Vertex Data,NOT_APPLICABLE,2025-01-18,2025-02-02
OPP-0310706,2025-10-11,2025-12-26,,Middle East and Africa,Middle East and Africa,Enterprise,Financial services,Event,Commercial,Analytics Platform,Qualification,Pipeline,24,115896.64,12.6,12,711,81,27815.19,No,No,Apex Cloud,NOT_APPLICABLE,2025-10-11,2025-10-30
OPP-0310707,2025-09-07,2025-12-11,,North America,Southeast,Enterprise,Public sector,Event,Strategic accounts,Workflow Automation,Negotiation,Commit,91,67406.82,9.5,12,327,115,61340.21,No,No,Build internally,NOT_APPLICABLE,2025-10-09,2025-10-13
OPP-0310708,2025-03-05,2025-05-31,,North America,Southeast,Enterprise,Manufacturing,Customer referral,Mid-market,Professional Services,Negotiation,Commit,81,38966.38,,12,838,301,31562.77,No,No,Apex Cloud,NOT_APPLICABLE,2025-03-07,2025-03-10
OPP-0310709,2025-03-18,2025-04-22,2025-04-22,North America,Central,Mid-market,Financial services,Customer referral,Enterprise,Analytics Platform,Closed Lost,Omitted,0,44175.84,24.3,12,78,35,0,Yes,Yes,No competitor identified,Timing,2025-04-22,NOT_APPLICABLE
OPP-0310710,2025-01-28,2025-05-18,,North America,Southeast,Mid-market,Manufacturing,Product-led,Commercial,Professional Services,Discovery,Best case,41,12500000,6.5,24,90,337,8664.77,No,No,Incumbent solution,NOT_APPLICABLE,2025-02-12,2025-03-03
OPP-0310711,2025-01-31,2025-04-07,2025-03-30,Asia Pacific,Southeast Asia,Mid-market,Professional services,,Mid-market,Data Integration,Closed Lost,Omitted,0,25851.97,15.9,12,202,58,0,No,No,Build internally,Price,2025-03-30,NOT_APPLICABLE
OPP-0310712,2025-02-27,2025-06-28,,Europe,Southern Europe,Mid-market,Technology,Inbound web,Strategic accounts,Analytics Platform,Discovery,Best case,44,42393.79,7.5,12,186,307,18653.27,No,No,Northstar Systems,NOT_APPLICABLE,2025-02-28,2025-03-06
OPP-0310713,2024-09-30,2024-12-02,,Asia Pacific,Southeast Asia,Enterprise,Financial services,Customer referral,Mid-market,Security Suite,Discovery,Best case,45,,3.7,12,1258,457,74378.01,Yes,Yes,Apex Cloud,NOT_APPLICABLE,2024-10-17,2024-10-21
OPP-0310714,2024-12-19,2025-04-06,,North America,Southeast,Mid-market,Manufacturing,Partner referral,Mid-market,Security Suite,Proposal,Best case,62,41956.01,4.5,12,158,377,26012.73,No,No,No competitor identified,NOT_APPLICABLE,2025-01-26,2025-01-31
OPP-0310715,2025-10-30,2025-12-17,,Europe,Southern Europe,Small business,Healthcare,Partner referral,Commercial,Workflow Automation,Qualification,Pipeline,39,18183.5,6.5,12,34,62,7091.56,No,No,Incumbent solution,NOT_APPLICABLE,2025-11-13,2025-11-17
OPP-0310716,2025-09-30,2025-11-16,,North America,Southeast,Mid-market,Healthcare,Partner referral,Mid-market,Workflow Automation,Qualification,Pipeline,34,31339.57,7.5,12,34,92,10655.45,No,No,Vertex Data,NOT_APPLICABLE,2025-10-08,2025-10-19
OPP-0310717,2025-03-31,2025-07-06,,North America,Northeast,Enterprise,Healthcare,Event,Enterprise,Security Suite,Negotiation,Commit,89,111705.95,7.6,36,1117,275,99418.3,Yes,No,Apex Cloud,NOT_APPLICABLE,2025-06-04,2025-06-24
OPP-0310718,2025-04-13,2025-04-29,,Europe,Southern Europe,Mid-market,Healthcare,Customer referral,Strategic accounts,Security Suite,Discovery,Best case,36,39512.91,15.7,12,87,262,14224.65,No,No,Incumbent solution,NOT_APPLICABLE,2025-04-17,2025-04-29
OPP-0310719,2024-11-01,2024-12-19,,Asia Pacific,North Asia,Enterprise,Financial services,Partner referral,Commercial,Security Suite,Proposal,Best case,47,120240.47,0,12,572,425,56513.02,No,No,No competitor identified,NOT_APPLICABLE,2024-11-17,2024-12-01
OPP-0310720,2025-02-07,2025-05-15,2025-05-15,Europe,DACH,Mid-market,Financial services,Renewal motion,Mid-market,Data Integration,Closed Lost,Omitted,0,24819.09,12.2,24,186,97,0,Yes,Yes,Build internally,Price,2025-05-15,NOT_APPLICABLE
OPP-0310721,2025-11-20,2026-01-22,,North America,West,Mid-market,Professional services,Outbound sales,Mid-market,Data Integration,Proposal,Best case,53,35513.37,7.2,12,180,41,18822.09,Yes,No,No competitor identified,NOT_APPLICABLE,2025-12-07,2025-12-11
OPP-0310722,2025-10-13,2026-02-18,2026-02-18,North America,Northeast,Mid-market,Retail,Outbound sales,Mid-market,Workflow Automation,Closed Won,Closed,100,21982.57,17.9,24,126,128,21982.57,No,No,Northstar Systems,Executive sponsorship,2026-02-18,NOT_APPLICABLE
OPP-0310723,2025-01-27,2025-04-25,2025-04-25,North America,Southeast,Mid-market,Healthcare,Outbound sales,Mid-market,Data Integration,Closed Won,Closed,100,33682.6,18.1,24,165,88,33682.6,No,No,Apex Cloud,Partner influence,2025-04-25,NOT_APPLICABLE
OPP-0310724,2024-10-30,2025-02-01,,Asia Pacific,Southeast Asia,Mid-market,Manufacturing,Partner referral,Mid-market,Professional Services,Negotiation,Commit,83,20525.81,13.8,12,155,427,17036.42,No,No,No competitor identified,NOT_APPLICABLE,2024-12-12,2024-12-19
OPP-0310725,2025-07-23,2025-08-13,,North America,Southeast,Mid-market,Manufacturing,Outbound sales,Commercial,Analytics Platform,Qualification,Pipeline,29,41800,8.5,12,95,161,12122,Yes,No,Vertex Data,NOT_APPLICABLE,2025-07-31,2025-08-19
OPP-0310726,2025-08-21,2025-11-08,,Asia Pacific,North Asia,Strategic,Professional services,Inbound web,Commercial,Analytics Platform,Proposal,Best case,58,,14.9,12,1658,132,105885.17,No,No,Incumbent solution,NOT_APPLICABLE,2025-09-30,2025-10-13
OPP-0310727,2025-07-29,2025-11-08,,Europe,Southern Europe,Small business,Public sector,Outbound sales,Commercial,Workflow Automation,Negotiation,Commit,85,13893.35,16.9,12,29,155,11809.35,No,No,Northstar Systems,NOT_APPLICABLE,2025-08-29,2025-09-17
OPP-0310728,2025-07-12,2025-11-20,2025-11-20,Asia Pacific,North Asia,Enterprise,Retail,Outbound sales,Mid-market,Workflow Automation,Closed Won,Closed,100,77608.05,16.6,12,586,131,77608.05,No,No,No competitor identified,Executive sponsorship,2025-11-20,NOT_APPLICABLE
OPP-0310729,2025-08-14,2025-10-24,2025-10-24,North America,Southeast,Mid-market,Financial services,Outbound sales,Mid-market,Workflow Automation,Closed Lost,Omitted,0,30143.51,7.3,36,140,71,0,No,No,No competitor identified,No decision,2025-10-24,NOT_APPLICABLE
OPP-0310730,2025-05-25,2025-09-12,,North America,West,Mid-market,Professional services,Partner referral,Commercial,Professional Services,Negotiation,Commit,80,17343.63,11.4,12,193,220,13874.9,No,No,,NOT_APPLICABLE,2025-05-29,2025-06-14
OPP-0310731,2025-02-16,2025-06-15,,Europe,Southern Europe,Enterprise,Public sector,Event,Mid-market,Security Suite,Prospecting,Pipeline,14,144966.29,0,12,1404,318,20295.28,No,No,No competitor identified,NOT_APPLICABLE,2025-02-25,2025-03-04
OPP-0310732,2025-06-16,2025-08-24,,North America,West,Enterprise,Professional services,Partner referral,Mid-market,Analytics Platform,Prospecting,Pipeline,9,148857.45,0,24,1220,198,13397.17,No,No,Apex Cloud,NOT_APPLICABLE,2025-06-18,2025-07-04
OPP-0310733,2025-03-29,2025-06-21,2025-06-21,North America,Southeast,Small business,Technology,Partner referral,Enterprise,Workflow Automation,Closed Won,Closed,100,18996.47,14.8,12,7,84,18996.47,No,No,Incumbent solution,Product fit,2025-06-21,NOT_APPLICABLE
OPP-0310734,2025-01-31,2025-03-05,,North America,West,Enterprise,Technology,Event,Commercial,Data Integration,Discovery,Best case,39,98638.13,5.8,12,1060,334,38468.87,No,No,Apex Cloud,NOT_APPLICABLE,2025-02-05,2025-02-13
OPP-0310735,2025-12-07,2026-03-17,,North America,Northeast,Mid-market,Technology,Partner referral,Enterprise,Analytics Platform,Discovery,Best case,35,38781.43,8.4,240,14,24,13573.5,No,No,No competitor identified,NOT_APPLICABLE,2025-12-08,2025-12-12
OPP-0310736,2025-04-02,2025-06-19,,North America,Central,Enterprise,Manufacturing,Renewal motion,Mid-market,Data Integration,Proposal,Best case,65,113201.03,2.9,12,753,273,73580.67,Yes,Yes,No competitor identified,NOT_APPLICABLE,2025-05-08,2025-05-19
OPP-0310737,2025-01-07,2025-03-25,,Middle East and Africa,Middle East and Africa,Mid-market,Retail,Product-led,Commercial,Professional Services,Prospecting,Pipeline,14,30566.96,1.9,24,231,358,4279.37,No,No,Northstar Systems,NOT_APPLICABLE,2025-01-14,2025-01-19
OPP-0310738,2024-12-09,2025-01-27,,North America,West,Strategic,Public sector,Inbound web,Strategic accounts,Data Integration,Prospecting,Pipeline,7,,5.9,12,1810,387,16918.71,No,No,Northstar Systems,NOT_APPLICABLE,2024-12-20,2024-12-28
OPP-0310739,2025-05-06,2025-07-30,,North America,Northeast,Enterprise,Healthcare,Outbound sales,Commercial,Analytics Platform,Discovery,Best case,30,148708.05,4,12,880,239,44612.42,No,No,No competitor identified,NOT_APPLICABLE,2025-05-24,2025-06-07
OPP-0310740,2024-10-06,2024-12-26,,North America,West,Mid-market,Technology,Renewal motion,Commercial,Security Suite,Discovery,Best case,42,55543.34,5.9,12,134,451,23328.2,No,No,Northstar Systems,NOT_APPLICABLE,2024-11-06,2024-11-13
OPP-0310741,2025-05-30,2025-09-04,,Asia Pacific,North Asia,Small business,Manufacturing,Customer referral,Commercial,Data Integration,Discovery,Best case,43,19357.61,10.4,12,47,215,8323.77,No,No,No competitor identified,NOT_APPLICABLE,2025-06-18,2025-06-27
OPP-0310742,2024-11-10,2025-01-10,,North America,Northeast,Small business,Retail,Partner referral,Commercial,Analytics Platform,Discovery,Best case,33,28856.72,3.9,12,29,416,9522.72,Yes,Yes,Incumbent solution,NOT_APPLICABLE,2024-12-10,2024-12-24
OPP-0310743,2024-11-23,2025-02-04,,Europe,Northern Europe,Mid-market,Technology,Outbound sales,Mid-market,Analytics Platform,Proposal,Best case,54,49545.04,9.3,36,101,403,26754.32,No,No,Northstar Systems,NOT_APPLICABLE,2025-01-13,2025-01-18
OPP-0310744,2024-10-10,2024-10-25,,North America,Northeast,Small business,Technology,Inbound web,Mid-market,Analytics Platform,Qualification,Pipeline,20,27485.21,0,12,32,447,5497.04,No,No,No competitor identified,NOT_APPLICABLE,2024-10-13,2024-10-31
OPP-0310745,2025-05-13,2025-07-10,,North America,Central,Mid-market,Technology,Outbound sales,Mid-market,Workflow Automation,Discovery,Best case,46,32197.81,18.5,12,217,232,14810.99,No,No,Northstar Systems,NOT_APPLICABLE,2025-05-29,2025-06-09
OPP-0310746,2025-04-23,2025-07-18,,North America,Central,Mid-market,Financial services,Outbound sales,Enterprise,Analytics Platform,Negotiation,Commit,82,46582.62,,12,181,252,38197.75,No,No,Vertex Data,NOT_APPLICABLE,2025-05-11,
OPP-0310747,2025-06-08,2025-09-12,,Europe,Northern Europe,Mid-market,Manufacturing,Outbound sales,Mid-market,Analytics Platform,Negotiation,Commit,94,32752.52,,24,158,206,30787.37,No,No,No competitor identified,NOT_APPLICABLE,2025-09-04,2025-09-23
OPP-0310748,2024-12-07,2025-03-26,2025-03-26,North America,Northeast,Enterprise,Manufacturing,Partner referral,Mid-market,Analytics Platform,Closed Won,Closed,100,102974.98,12.7,12,1307,109,102974.98,No,No,Apex Cloud,Product fit,2025-03-26,NOT_APPLICABLE
OPP-0310749,2025-11-30,2026-03-24,,Europe,Northern Europe,Small business,Financial services,Event,Commercial,Security Suite,Negotiation,Commit,80,28467.84,9,12,45,31,22774.27,No,No,No competitor identified,NOT_APPLICABLE,2026-01-28,2026-02-11
OPP-0310750,2025-04-16,2025-07-14,,Asia Pacific,North Asia,Mid-market,Public sector,Partner referral,Commercial,Analytics Platform,Negotiation,Commit,91,54206.74,9,12,214,259,49328.13,No,No,Northstar Systems,NOT_APPLICABLE,2025-05-14,2025-05-27
OPP-0310751,2024-10-01,2024-12-20,,North America,West,Mid-market,Professional services,Outbound sales,Strategic accounts,Security Suite,Negotiation,Commit,76,38798.14,12.9,24,132,456,29486.59,Yes,Yes,Vertex Data,NOT_APPLICABLE,2024-10-03,2024-10-11
OPP-0310752,2025-07-16,2025-09-11,,Europe,DACH,Mid-market,Manufacturing,Customer referral,Commercial,Security Suite,Qualification,Pipeline,29,49636.46,9.1,12,209,168,14394.57,No,No,Apex Cloud,NOT_APPLICABLE,2025-08-09,2025-08-24
OPP-0310753,2025-04-15,2025-06-08,,Asia Pacific,Southeast Asia,Mid-market,Healthcare,Partner referral,Mid-market,Workflow Automation,Negotiation,Commit,68,29490.7,11.5,24,78,260,20053.68,No,No,Vertex Data,NOT_APPLICABLE,2025-05-05,2025-05-10
OPP-0310754,2025-03-12,2025-06-11,,Europe,DACH,Mid-market,Manufacturing,Customer referral,Mid-market,Security Suite,Proposal,Best case,58,54192.6,3,12,243,294,31431.71,No,No,Northstar Systems,NOT_APPLICABLE,2025-05-01,2025-05-14
OPP-0310755,2025-10-28,2026-01-08,2025-12-30,North America,West,Mid-market,Manufacturing,Customer referral,Mid-market,Data Integration,Closed Lost,Omitted,0,44182.35,9.5,24,134,63,0,Yes,No,Apex Cloud,Missing capability,2025-12-30,NOT_APPLICABLE
OPP-0310756,2025-04-13,2025-07-13,,Latin America,Latin America,Mid-market,Professional services,Outbound sales,Mid-market,Data Integration,Negotiation,Commit,85,26376.3,,12,152,262,25057.48,No,No,Northstar Systems,NOT_APPLICABLE,2025-06-02,2025-06-18
OPP-0310757,2025-08-15,2025-11-13,2025-11-06,North America,West,Enterprise,Financial services,Partner referral,Enterprise,Professional Services,Closed Lost,Omitted,0,63041.73,13,12,590,83,0,No,No,Apex Cloud,Competitor selected,2025-11-06,NOT_APPLICABLE
OPP-0310758,2025-01-03,2025-03-15,,North America,Central,Enterprise,Healthcare,,Mid-market,Workflow Automation,Proposal,Best case,54,63894.52,3.1,12,830,362,34503.04,Yes,Yes,No competitor identified,NOT_APPLICABLE,2025-02-06,2025-02-13
OPP-0310759,2025-06-30,2025-08-17,,North America,West,Small business,Financial services,Inbound web,Strategic accounts,Analytics Platform,Qualification,Pipeline,27,27297.62,8.2,24,13,184,7370.36,No,No,No competitor identified,NOT_APPLICABLE,2025-06-30,2025-07-18
OPP-0310760,2025-10-23,2026-01-22,,Europe,Southern Europe,Mid-market,Retail,Partner referral,Commercial,Workflow Automation,Prospecting,Pipeline,5,26842.79,2.3,24,189,69,1342.14,No,No,Northstar Systems,NOT_APPLICABLE,2025-10-24,2025-11-03
OPP-0310761,2025-06-30,2025-09-12,2025-09-12,Europe,Northern Europe,Small business,Manufacturing,Partner referral,Enterprise,Analytics Platform,Closed Lost,Omitted,0,25546.62,15.9,12,27,74,0,No,No,No competitor identified,Missing capability,2025-09-12,NOT_APPLICABLE
OPP-0310762,2025-07-26,2025-11-07,2025-11-02,Asia Pacific,ANZ,Mid-market,Retail,Partner referral,Mid-market,Analytics Platform,Closed Won,Closed,100,38699.55,8.5,24,51,99,38699.55,Yes,Yes,Northstar Systems,Commercial terms,2025-11-02,NOT_APPLICABLE
OPP-0310763,2025-08-17,2025-11-17,,Europe,DACH,Small business,Financial services,Product-led,Enterprise,Security Suite,Qualification,Pipeline,23,26320.08,7.1,24,22,136,6053.62,No,No,Apex Cloud,NOT_APPLICABLE,2025-08-18,2025-08-25
OPP-0310764,2025-06-28,2025-09-10,,APAC,North Asia,Enterprise,Healthcare,Inbound web,Commercial,Security Suite,Discovery,Best case,39,116484.06,11.1,12,898,186,45428.78,No,No,Northstar Systems,NOT_APPLICABLE,2025-07-18,2025-07-23
OPP-0310765,2025-01-01,2025-04-27,2025-04-27,Europe,DACH,Small business,Retail,Partner referral,Mid-market,Data Integration,Closed Won,Closed,100,13941.28,20.6,24,31,116,13941.28,No,No,Build internally,Implementation plan,2025-04-27,NOT_APPLICABLE
OPP-0310766,2024-12-14,2025-03-07,2025-03-07,North America,Central,Mid-market,Professional services,Event,Enterprise,Professional Services,Closed Won,Closed,100,17414.59,11.6,24,35,83,17414.59,No,No,Northstar Systems,Product fit,2025-03-07,NOT_APPLICABLE
OPP-0310767,2024-10-25,2025-02-04,2025-02-04,North America,Southeast,Enterprise,Financial services,Outbound sales,Commercial,Analytics Platform,Closed Lost,Omitted,0,103669.65,14.8,12,675,102,0,No,No,Apex Cloud,Missing capability,2025-02-04,NOT_APPLICABLE
OPP-0310768,2025-01-03,2025-04-29,2025-04-29,North America,Central,Enterprise,Professional services,Outbound sales,Commercial,Analytics Platform,Closed Lost,Omitted,0,97408.41,12,12,710,116,0,No,No,Northstar Systems,Competitor selected,2025-04-29,NOT_APPLICABLE
OPP-0310769,2024-09-01,2024-12-12,,Asia Pacific,ANZ,Small business,Manufacturing,Partner referral,Mid-market,Analytics Platform,Negotiation,Commit,84,19324.24,,12,33,486,16232.36,No,No,No competitor identified,NOT_APPLICABLE,2024-09-23,2024-09-30
OPP-0310770,2024-10-01,2025-02-25,2025-02-25,North America,Northeast,Enterprise,Manufacturing,Event,Commercial,Analytics Platform,Closed Won,Closed,100,81396.98,23.1,12,135,147,81396.98,No,No,Apex Cloud,Product fit,2025-02-25,NOT_APPLICABLE
OPP-0310771,2025-10-23,2026-01-09,2026-01-09,Asia Pacific,Southeast Asia,Mid-market,Technology,Outbound sales,Mid-market,Data Integration,Closed Won,Closed,100,40649.88,7,12,100,78,40649.88,No,No,Apex Cloud,Implementation plan,2026-01-09,NOT_APPLICABLE
OPP-0310772,2024-11-24,2025-01-29,,North America,Southeast,Small business,Technology,Inbound web,Commercial,Professional Services,Prospecting,Pipeline,9,14805.35,8.3,12,32,402,1332.48,No,No,Apex Cloud,NOT_APPLICABLE,2024-12-06,2024-12-14
OPP-0310773,2025-02-15,2025-05-06,,Europe,DACH,Enterprise,Retail,Renewal motion,Enterprise,Analytics Platform,Proposal,Best case,56,120350.45,3,12,297,319,67396.25,No,No,Build internally,NOT_APPLICABLE,2025-02-23,2025-02-28
OPP-0310774,2025-03-23,2025-07-11,,North America,West,Mid-market,Healthcare,Outbound sales,Enterprise,Security Suite,Negotiation,Commit,64,32252.86,15.4,12,91,283,20641.83,No,No,No competitor identified,NOT_APPLICABLE,2025-05-26,2025-05-29
OPP-0310775,2024-12-21,2025-03-20,,North America,West,Enterprise,Financial services,Product-led,Mid-market,Analytics Platform,Discovery,Best case,44,84331.71,3.2,12,769,375,37105.95,No,No,Vertex Data,NOT_APPLICABLE,2024-12-26,2025-01-11
OPP-0310776,2025-06-22,2025-10-05,,North America,Northeast,Enterprise,Retail,Partner referral,Mid-market,Workflow Automation,Proposal,Best case,62,68071.96,13.1,12,437,192,42204.62,No,No,No competitor identified,NOT_APPLICABLE,2025-07-10,2025-07-17
OPP-0310777,2025-05-13,2025-09-01,,Asia Pacific,ANZ,Mid-market,Healthcare,Inbound web,Commercial,Workflow Automation,Discovery,Best case,40,27258.68,6.5,12,112,232,10903.47,No,No,No competitor identified,NOT_APPLICABLE,2025-06-05,2025-06-16
OPP-0310778,2025-01-05,2025-04-06,2025-04-06,North America,Northeast,Enterprise,Financial services,Event,Enterprise,Analytics Platform,Closed Lost,Omitted,0,109891.32,7.3,12,308,91,0,No,No,Vertex Data,Missing capability,2025-04-06,NOT_APPLICABLE
OPP-0310779,2025-04-01,2025-07-04,,North America,Central,Enterprise,Manufacturing,Customer referral,Mid-market,Data Integration,Qualification,Pipeline,13,113990.91,3.4,12,713,274,14818.82,Yes,Yes,Vertex Data,NOT_APPLICABLE,2025-05-10,2025-05-26
OPP-0310780,2024-12-30,2025-04-14,2025-04-14,Europe,Southern Europe,Strategic,Technology,Customer referral,Strategic accounts,Security Suite,Closed Lost,Omitted,0,196082.45,16.6,24,1949,105,0,No,No,Incumbent solution,No decision,2025-04-14,NOT_APPLICABLE
OPP-0310781,2025-03-19,2025-07-08,,North America,West,Small business,Manufacturing,Outbound sales,Mid-market,Workflow Automation,Proposal,Best case,56,16853.13,6.3,12,24,287,9437.75,No,No,Build internally,NOT_APPLICABLE,2025-03-20,2025-03-28
OPP-0310782,2024-09-05,2024-12-11,,North America,West,Small business,Manufacturing,Product-led,Enterprise,Workflow Automation,Prospecting,Pipeline,10,12342.78,1.2,36,29,482,1234.28,Yes,No,No competitor identified,NOT_APPLICABLE,2024-09-06,2024-09-21
OPP-0310783,2025-06-30,2025-10-21,,Latin America,Latin America,Mid-market,Technology,Partner referral,Commercial,Workflow Automation,Negotiation,Commit,74,27543.44,5.3,12,225,184,20382.15,No,No,Northstar Systems,NOT_APPLICABLE,2025-07-31,2025-08-15
OPP-0310784,2025-07-01,2025-09-04,,Europe,Northern Europe,Mid-market,Financial services,Partner referral,Mid-market,Analytics Platform,Discovery,Best case,34,34465.35,11.5,12,119,183,11718.22,No,No,Incumbent solution,NOT_APPLICABLE,2025-08-06,2025-08-10
OPP-0310785,2025-03-18,2025-05-13,,Middle East and Africa,Middle East and Africa,Small business,Professional services,Renewal motion,Mid-market,Security Suite,Qualification,Pipeline,14,26199.06,7.6,12,45,288,3667.87,Yes,No,Apex Cloud,NOT_APPLICABLE,2025-03-18,2025-03-28
OPP-0310786,2024-12-30,2025-04-05,,North America,Southeast,Enterprise,Retail,Event,Commercial,Data Integration,Discovery,Best case,32,88784.21,5.2,24,714,366,28410.95,No,No,Apex Cloud,NOT_APPLICABLE,2025-01-17,2025-01-27
OPP-0310787,2025-10-15,2025-12-07,,North America,West,Enterprise,Public sector,Partner referral,Mid-market,Data Integration,Discovery,Best case,38,96860.15,5,12,371,77,36806.86,No,No,Vertex Data,NOT_APPLICABLE,2025-11-22,2025-12-09
OPP-0310788,2025-08-23,2025-11-19,,North America,West,Enterprise,Healthcare,Inbound web,Enterprise,Workflow Automation,Negotiation,Commit,88,85899.57,11.6,12,739,130,75591.62,No,No,Vertex Data,NOT_APPLICABLE,2025-11-08,2025-11-26
OPP-0310789,02/21/2025,2025-04-12,,Asia Pacific,North Asia,Small business,Manufacturing,Inbound web,Mid-market,Workflow Automation,Prospecting,Pipeline,11,12476.21,15,12,22,313,1372.38,Yes,No,Apex Cloud,NOT_APPLICABLE,2025-02-21,2025-03-06
OPP-0310790,2025-01-21,2025-05-02,,Asia Pacific,North Asia,Mid-market,Technology,Outbound sales,Enterprise,Workflow Automation,Proposal,Best case,52,23209.71,0,12,180,344,12069.05,No,No,Apex Cloud,NOT_APPLICABLE,2025-03-02,2025-03-08
OPP-0310791,2025-06-09,2025-10-07,,Europe,DACH,Enterprise,Manufacturing,Customer referral,Mid-market,Analytics Platform,Proposal,Best case,60,92265.76,8.9,12,256,205,55359.46,No,No,Northstar Systems,NOT_APPLICABLE,2025-07-08,2025-07-20
OPP-0310792,2024-11-16,2024-12-22,,Europe,Southern Europe,Enterprise,Technology,Event,Enterprise,Workflow Automation,Qualification,Pipeline,35,61307.22,9.1,12,239,410,21457.53,No,No,Apex Cloud,NOT_APPLICABLE,2024-12-06,2024-12-17
OPP-0310793,2024-10-05,2024-12-02,2024-12-02,North America,Central,Small business,Manufacturing,Partner referral,Strategic accounts,Workflow Automation,Closed Lost,Omitted,0,16018.66,18.4,12,27,58,0,No,No,Northstar Systems,Price,2024-12-02,NOT_APPLICABLE
OPP-0310794,2025-04-23,2025-08-29,,North America,Southeast,Strategic,Professional services,Outbound sales,Commercial,Analytics Platform,Negotiation,Commit,93,,,24,1505,252,204383.08,No,No,No competitor identified,NOT_APPLICABLE,2025-05-06,2025-05-22
OPP-0310795,2025-06-16,2025-09-22,,North America,Central,Small business,Financial services,Customer referral,Enterprise,Workflow Automation,Qualification,Pipeline,16,17168.74,8.8,24,35,198,2747,No,No,Northstar Systems,NOT_APPLICABLE,2025-06-20,2025-07-03
OPP-0310796,2024-11-03,2025-01-01,,Asia Pacific,ANZ,Mid-market,Retail,Renewal motion,Enterprise,Analytics Platform,Discovery,Best case,45,38769.22,0,12,122,423,17446.15,Yes,Yes,Apex Cloud,NOT_APPLICABLE,2024-11-13,2024-12-02
OPP-0310797,2025-03-29,2025-06-26,,Middle East and Africa,Middle East and Africa,Mid-market,Healthcare,Event,Strategic accounts,Analytics Platform,Negotiation,Commit,76,35667.42,,12,179,277,27107.24,Yes,No,Northstar Systems,NOT_APPLICABLE,2025-05-10,2025-05-30
OPP-0310798,2024-12-09,2025-01-13,,North America,Southeast,Mid-market,Technology,Customer referral,Commercial,Analytics,Prospecting,Pipeline,8,51704.01,12.9,24,182,387,4136.32,No,No,No competitor identified,NOT_APPLICABLE,2024-12-10,2024-12-23
OPP-0310799,2025-12-04,2026-03-11,2026-02-14,North America,Southeast,Small business,Manufacturing,Inbound web,Enterprise,Data Integration,Closed Lost,Omitted,0,18841.8,18.6,12,6,72,0,No,No,Build internally,No decision,2026-02-14,NOT_APPLICABLE
OPP-0310800,2025-12-11,2026-03-03,2026-03-03,Europe,DACH,Mid-market,Professional services,Outbound sales,Enterprise,Analytics Platform,Closed Won,Closed,100,48349.83,6.6,12,115,82,48349.83,Yes,No,Apex Cloud,Product fit,2026-03-03,NOT_APPLICABLE
OPP-0310801,2025-05-16,2025-08-26,2025-08-26,Asia Pacific,North Asia,Enterprise,Financial services,Event,Commercial,Workflow Automation,Closed Lost,Omitted,0,65167.11,7.8,24,778,102,0,Yes,Yes,,Timing,2025-08-26,NOT_APPLICABLE
OPP-0310802,2025-02-01,2025-03-30,,North America,West,Enterprise,Public sector,Customer referral,Enterprise,Workflow Automation,Discovery,Best case,48,59026.11,8.3,12,175000,333,28332.53,No,No,Build internally,NOT_APPLICABLE,2025-03-27,2025-04-12
OPP-0310803,2025-04-05,2025-06-13,,Middle East and Africa,Middle East and Africa,Mid-market,Healthcare,Inbound web,Strategic accounts,Analytics Platform,Proposal,Best case,50,48735.16,4.4,24,102,270,24367.58,No,No,Apex Cloud,NOT_APPLICABLE,2025-05-07,2025-05-26
OPP-0310804,2025-03-22,2025-07-29,2025-07-29,Middle East and Africa,Middle East and Africa,Strategic,Financial services,Customer referral,Commercial,Analytics Platform,Closed Won,Closed,100,235504.1,14.6,12,2575,129,235504.1,Yes,No,Vertex Data,Commercial terms,2025-07-29,NOT_APPLICABLE
OPP-0310805,2025-03-09,2025-05-13,,Europe,Northern Europe,Mid-market,Retail,,Enterprise,Workflow Automation,Discovery,Best case,28,23974.16,3.7,24,41,297,6712.76,No,No,Vertex Data,NOT_APPLICABLE,2025-03-17,2025-03-24
OPP-0310806,2025-01-10,2025-04-05,,Latin America,Latin America,Mid-market,Healthcare,Partner referral,Mid-market,Workflow Automation,Negotiation,Commit,76,21148.11,11.2,12,161,355,16072.56,No,No,No competitor identified,NOT_APPLICABLE,2025-01-25,2025-01-28
OPP-0310807,2024-11-05,2025-01-11,,North America,West,Mid-market,Retail,Partner referral,Commercial,Security Suite,Proposal,Best case,67,52011.07,6.8,12,126,421,34847.42,No,No,Apex Cloud,NOT_APPLICABLE,2024-11-05,
OPP-0310808,2025-02-16,2025-04-25,,North America,West,Enterprise,Manufacturing,Event,Commercial,Workflow Automation,Proposal,Best case,68,59369.79,9.3,24,839,318,40371.46,No,No,Northstar Systems,NOT_APPLICABLE,2025-03-15,2025-04-02
OPP-0310809,2025-07-20,2025-10-07,,Europe,Northern Europe,Small business,Technology,Outbound sales,Enterprise,Analytics Platform,Discovery,Best case,35,26555.94,11.2,36,4,164,9294.58,No,No,No competitor identified,NOT_APPLICABLE,2025-07-26,2025-07-30
OPP-0310810,2025-08-09,2025-11-03,2025-10-01,North America,West,Mid-market,Technology,Inbound web,Enterprise,Data Integration,Closed Lost,Omitted,0,25126.38,12.9,12,207,53,0,Yes,Yes,Incumbent solution,Price,2025-10-01,NOT_APPLICABLE
OPP-0310811,2024-10-08,2025-01-15,,North America,Northeast,Enterprise,Financial services,Inbound web,Enterprise,Analytics Platform,Negotiation,Commit,81,136444.26,8.7,12,905,449,110519.85,No,No,Vertex Data,NOT_APPLICABLE,2024-12-10,2024-12-17
OPP-0310812,2025-02-17,2025-06-18,,Asia Pacific,Southeast Asia,Strategic,Retail,Outbound sales,Enterprise,Workflow Automation,Negotiation,Commit,84,150247.73,,12,1788,317,126208.09,Yes,No,Incumbent solution,NOT_APPLICABLE,2025-04-16,2025-04-20
OPP-0310813,2025-09-11,2025-12-06,,North America,Southeast,Mid-market,Public sector,Referral,Mid-market,Analytics Platform,Negotiation,Commit,79,44060.58,,36,205,111,34807.86,No,No,Build internally,NOT_APPLICABLE,2025-09-28,2025-10-15
OPP-0310814,2025-03-22,2025-06-04,,North America,Central,Enterprise,Retail,Inbound web,Mid-market,Security Suite,Prospecting,Pipeline,9,98749.05,7.7,12,752,284,8887.41,No,No,Apex Cloud,NOT_APPLICABLE,2025-03-22,2025-03-31
OPP-0310815,2025-11-08,2025-12-25,,North America,West,Mid-market,Manufacturing,Partner referral,Enterprise,Analytics Platform,Qualification,Pipeline,22,41678.66,10.8,12,131,53,9169.31,Yes,Yes,Apex Cloud,NOT_APPLICABLE,2025-11-16,2025-12-04
OPP-0310816,2024-11-13,2025-02-12,,Latin America,Latin America,Mid-market,Technology,Inbound web,Mid-market,Data Integration,Qualification,Pipeline,27,29076.27,2.9,12,172,413,7850.59,No,No,Northstar Systems,NOT_APPLICABLE,2024-11-15,2024-11-22
OPP-0310817,2024-09-07,2024-12-27,2024-11-20,Asia Pacific,Southeast Asia,Enterprise,Healthcare,Product-led,Mid-market,Analytics Platform,Closed Lost,Omitted,0,93549.75,22.2,36,152,74,0,No,No,Vertex Data,Price,2024-11-20,NOT_APPLICABLE
OPP-0310818,2025-02-14,2025-05-20,2025-05-20,North America,Central,Small business,Technology,Inbound web,Mid-market,Analytics Platform,Closed Lost,Omitted,0,25416.76,22.1,24,18,95,0,Yes,No,Northstar Systems,No decision,2025-05-20,NOT_APPLICABLE
OPP-0310819,2025-10-01,2025-12-30,,North America,Northeast,Enterprise,Healthcare,Inbound web,Commercial,Workflow Automation,Prospecting,Pipeline,15,66248.13,6.4,24,221,91,9937.22,No,No,No competitor identified,NOT_APPLICABLE,2025-10-02,2025-10-20
OPP-0310820,2025-09-13,2025-12-30,,North America,Southeast,Small business,Healthcare,Partner referral,Strategic accounts,Data Integration,Prospecting,Pipeline,20,20133.88,4.4,12,29,109,4026.78,Yes,Yes,Apex Cloud,NOT_APPLICABLE,2025-09-23,2025-10-09
OPP-0310821,2024-11-21,2025-03-03,,North America,Southeast,Mid-market,Public sector,Inbound web,Commercial,Professional Services,Qualification,Pipeline,34,16848.57,12,36,204,405,5728.51,No,No,No competitor identified,NOT_APPLICABLE,2024-11-22,2024-11-25
OPP-0310822,2025-02-20,2025-07-06,2025-07-06,North America,Southeast,Enterprise,Financial services,Inbound web,Mid-market,Security Suite,Closed Won,Closed,100,89584.47,14.1,12,746,136,89584.47,No,No,No competitor identified,Product fit,2025-07-06,NOT_APPLICABLE
OPP-0310823,2024-10-16,2025-01-30,2025-01-30,Asia Pacific,Southeast Asia,Small business,Professional services,Product-led,Strategic accounts,Workflow Automation,Closed Won,Closed,100,12384.25,5.6,12,25,106,12384.25,Yes,No,Build internally,Commercial terms,2025-01-30,NOT_APPLICABLE
OPP-0310824,2024-12-04,2025-02-28,,North America,Southeast,Mid-market,Technology,Product-led,Mid-market,Data Integration,Negotiation,Commit,86,28577.02,10.3,12,28,392,24576.24,No,No,Build internally,NOT_APPLICABLE,2024-12-20,2025-01-09
OPP-0310825,2025-08-07,2025-09-25,,North America,West,Small business,Manufacturing,Customer referral,Enterprise,Workflow Automation,Discovery,Best case,48,13392.58,7.3,24,25,146,6428.44,No,No,Build internally,NOT_APPLICABLE,2025-08-28,2025-09-10
OPP-0310826,2024-12-21,2025-03-29,2025-03-29,North America,Southeast,Mid-market,Healthcare,Partner referral,Enterprise,Analytics Platform,Closed Lost,Omitted,0,41330.09,19.9,12,136,98,0,Yes,Yes,Build internally,No decision,2025-03-29,NOT_APPLICABLE
OPP-0310827,2025-04-05,2025-06-05,,North America,Central,Small business,Healthcare,Outbound sales,Enterprise,Security Suite,Negotiation,Commit,79,25689.14,15.6,24,37,270,20294.42,No,No,Northstar Systems,NOT_APPLICABLE,2025-05-16,2025-06-02
OPP-0310828,2025-03-17,2025-07-04,,Europe,DACH,Small business,Financial services,Outbound sales,Enterprise,Data Integration,Proposal,Best case,54,17746.49,11.6,12,54,289,9583.1,No,No,Apex Cloud,NOT_APPLICABLE,2025-04-01,2025-04-08
OPP-0310829,2024-10-21,2025-02-14,,Europe,DACH,Mid-market,Retail,Inbound web,Mid-market,Analytics Platform,Proposal,Best case,64,35566.81,7.6,12,205,436,22762.76,No,No,No competitor identified,NOT_APPLICABLE,2024-10-21,2024-10-24
OPP-0310830,2025-08-21,2025-10-01,,Asia Pacific,Southeast Asia,Small business,Manufacturing,Partner referral,Enterprise,Security Suite,Discovery,Best case,37,29676.38,5.4,12,29,132,10980.26,No,No,No competitor identified,NOT_APPLICABLE,2025-09-13,2025-09-21
OPP-0310831,2025-01-24,2025-04-07,,North America,Northeast,Small business,Healthcare,Event,Mid-market,Security Suite,Discovery,Best case,31,32863.5,9.6,12,40,341,10187.68,No,No,Build internally,NOT_APPLICABLE,2025-03-06,2025-03-15
OPP-0310832,2025-10-28,2025-12-07,,North America,Northeast,Mid-market,Healthcare,Inbound web,Strategic accounts,Security Suite,Qualification,Pipeline,32,58060.84,2.6,36,145,64,18579.47,No,No,Apex Cloud,NOT_APPLICABLE,2025-11-06,2025-11-13
OPP-0310833,2025-09-25,2025-12-12,2025-12-08,North America,Northeast,Enterprise,Financial services,Customer referral,Enterprise,Analytics Platform,Closed Lost,Omitted,0,76576.82,20.4,24,787,74,0,No,No,Northstar Systems,Competitor selected,2025-12-08,NOT_APPLICABLE
OPP-0310834,2025-08-13,2025-12-02,,Europe,DACH,Mid-market,Healthcare,Inbound web,Enterprise,Security Suite,Negotiation,Commit,77,44194.97,9.9,24,128,140,34030.13,No,No,Vertex Data,NOT_APPLICABLE,2025-09-20,2025-09-27
OPP-0310835,2024-10-28,2025-02-08,,North America,Northeast,Enterprise,Professional services,Event,Commercial,Security Suite,Negotiation,Commit,87,121684.61,13.2,12,1042,429,105865.61,No,No,No competitor identified,NOT_APPLICABLE,2025-01-13,2025-01-21
OPP-0310836,2025-12-09,2026-02-17,,Europe,DACH,Enterprise,Healthcare,Customer referral,Mid-market,Workflow Automation,Negotiation,Commit,78,61955.08,,12,571,22,48324.96,Yes,No,Incumbent solution,NOT_APPLICABLE,2025-12-31,2026-01-20
OPP-0310837,2025-04-12,2025-07-13,,North America,Northeast,Mid-market,Retail,Product-led,Commercial,Professional Services,Negotiation,Commit,82,23775.9,9.6,12,234,263,19496.24,No,No,Vertex Data,NOT_APPLICABLE,2025-06-08,2025-06-11
OPP-0310838,2025-09-17,2026-01-29,2026-01-29,Latin America,Latin America,Enterprise,Retail,Inbound web,Enterprise,Analytics Platform,Closed Won,Closed,100,133364.84,12.3,12,713,134,133364.84,No,No,Incumbent solution,Product fit,2026-01-29,NOT_APPLICABLE
OPP-0310839,2025-07-30,2025-12-10,2025-12-10,North America,Northeast,Strategic,Healthcare,Inbound web,Enterprise,Security Suite,Closed Won,Closed,100,316751.45,9.7,12,1267,133,316751.45,No,No,Vertex Data,Implementation plan,2025-12-10,NOT_APPLICABLE
OPP-0310840,2025-05-10,2025-08-04,2025-07-26,Europe,Northern Europe,Mid-market,Technology,Inbound web,Mid-market,Analytics Platform,Closed Won,Closed,100,39305.67,10.6,24,172,77,39305.67,No,No,No competitor identified,Commercial terms,2025-07-26,NOT_APPLICABLE
OPP-0310841,2024-10-30,2025-01-20,,North America,Central,Mid-market,Healthcare,Customer referral,Enterprise,Workflow Automation,Discovery,Best case,48,28606.53,5,36,114,427,13731.13,No,No,No competitor identified,NOT_APPLICABLE,2024-11-04,2024-11-19
OPP-0310842,2024-10-23,2024-12-03,,North America,Central,Mid-market,Financial services,Outbound sales,Commercial,Analytics Platform,Discovery,Best case,41,41680.23,5.5,12,191,434,17088.89,No,No,Northstar Systems,NOT_APPLICABLE,2024-10-24,2024-10-28
OPP-0310843,2025-05-28,2025-08-16,,North America,Southeast,Mid-market,Manufacturing,Inbound web,Strategic accounts,Professional Services,Discovery,Best case,36,23848.42,3.4,12,113,217,8585.43,No,No,No competitor identified,NOT_APPLICABLE,2025-06-02,2025-06-16
OPP-0310844,2025-03-01,2025-05-15,,North America,Southeast,Mid-market,Public sector,Outbound sales,Enterprise,Analytics Platform,Proposal,Best case,61,33979.68,2.5,12,145,305,20727.6,Yes,No,Build internally,NOT_APPLICABLE,2025-03-17,2025-04-04
OPP-0310845,2025-10-07,2025-12-25,,Europe,Southern Europe,Small business,Technology,Outbound sales,Strategic accounts,Professional Services,Proposal,Best case,58,12892.39,2.7,12,29,85,7477.59,No,No,No competitor identified,NOT_APPLICABLE,2025-11-18,2025-12-07
OPP-0310846,2024-12-29,2025-02-22,,North America,Central,Enterprise,Healthcare,Inbound web,Commercial,Data Integration,Discovery,Best case,44,91558.62,10.5,24,1220,367,40285.79,Yes,No,Vertex Data,NOT_APPLICABLE,2025-01-01,2025-01-18
OPP-0310847,2025-11-18,2026-01-15,,NA,Central,Mid-market,Retail,Inbound web,Commercial,Workflow Automation,Qualification,Pipeline,27,32050.56,5.8,36,229,43,8653.65,No,No,Vertex Data,NOT_APPLICABLE,2025-11-19,2025-11-26
OPP-0310848,2024-12-18,2025-01-23,,Middle East and Africa,Middle East and Africa,Mid-market,Professional services,Event,Commercial,Professional Services,Proposal,Best case,74,24045.2,3.6,12,326,378,17793.45,No,No,No competitor identified,NOT_APPLICABLE,2025-01-03,2025-01-14
OPP-0310849,2025-12-06,2026-02-25,,North America,Northeast,Strategic,Technology,Partner referral,Commercial,Data Integration,Proposal,Best case,73,,15.7,24,1447,25,118919.79,No,No,No competitor identified,NOT_APPLICABLE,2026-02-03,2026-02-14
OPP-0310850,2024-11-09,2025-02-12,,North America,Northeast,Small business,Manufacturing,Customer referral,Mid-market,Security Suite,Negotiation,Commit,81,24967.19,11,12,42,417,20223.42,No,No,Northstar Systems,NOT_APPLICABLE,2025-01-04,2025-01-13
OPP-0310851,2024-12-13,2025-03-18,,North America,Southeast,Small business,Manufacturing,Partner referral,Commercial,Data Integration,Qualification,Pipeline,21,18257.24,5.1,12,14,383,3834.02,No,No,Northstar Systems,NOT_APPLICABLE,2024-12-24,2025-01-02
OPP-0310852,2025-11-03,2026-02-15,,Latin America,Latin America,Small business,Financial services,,Enterprise,Analytics Platform,Proposal,Best case,56,25576.02,4.1,24,41,58,14322.57,No,No,Vertex Data,NOT_APPLICABLE,2026-01-01,2026-01-17
OPP-0310853,2025-01-07,2025-05-29,,Asia Pacific,North Asia,Mid-market,Manufacturing,Inbound web,Mid-market,Workflow Automation,Discovery,Best case,45,38597.87,5.3,24,82,358,17369.04,No,No,Vertex Data,NOT_APPLICABLE,2025-02-04,2025-02-08
OPP-0310854,2025-06-16,2025-08-13,,Asia Pacific,North Asia,Enterprise,Professional services,Inbound web,Enterprise,Data Integration,Proposal,Best case,61,115606.22,0,24,1122,198,70519.79,No,No,No competitor identified,NOT_APPLICABLE,2025-07-21,2025-08-10
OPP-0310855,2025-04-24,2025-08-22,2025-08-22,Middle East and Africa,Middle East and Africa,Small business,Retail,Customer referral,Enterprise,Workflow Automation,Closed Won,Closed,100,16024.25,9.6,24,27,120,16024.25,No,No,Incumbent solution,Product fit,2025-08-22,NOT_APPLICABLE
OPP-0310856,2025-07-17,2025-10-30,,Asia Pacific,ANZ,Enterprise,Healthcare,Inbound web,Mid-market,Analytics Platform,Proposal,Best case,63,143800.22,3.6,12,509,167,90594.14,No,No,Build internally,NOT_APPLICABLE,2025-08-07,2025-08-18
OPP-0310857,2025-03-09,2025-05-12,,Middle East and Africa,Middle East and Africa,Mid-market,Manufacturing,Outbound sales,Strategic accounts,Analytics Platform,Proposal,Best case,46,56885.11,1,12,78,297,26167.15,No,No,Build internally,NOT_APPLICABLE,2025-04-03,2025-04-13
OPP-0310858,2025-02-02,2025-05-12,,North America,Central,Mid-market,Manufacturing,Event,Mid-market,Analytics Platform,Qualification,Pipeline,28,58722.77,0,24,184,332,16442.38,No,No,Apex Cloud,NOT_APPLICABLE,2025-02-04,2025-02-13
OPP-0310859,2025-10-20,2025-12-16,,Europe,DACH,Mid-market,Financial services,Product-led,Enterprise,Professional Services,Prospecting,Pipeline,8,28071.97,9.4,12,171,72,2245.76,No,No,No competitor identified,NOT_APPLICABLE,2025-10-24,2025-11-04
OPP-0310860,2025-11-18,2026-02-18,,Asia Pacific,North Asia,Mid-market,Financial services,Inbound web,Mid-market,Security Suite,Negotiation,Commit,83,36309.14,17.1,12,197,43,30136.59,No,No,Northstar Systems,NOT_APPLICABLE,2025-11-25,2025-12-04
OPP-0310861,2025-09-19,2026-01-23,2026-01-23,North America,West,Enterprise,Technology,Inbound web,Mid-market,Professional Services,Closed Won,Closed,100,63137.46,19.7,24,811,126,63137.46,No,No,No competitor identified,Product fit,2026-01-23,NOT_APPLICABLE
OPP-0310862,2025-10-17,2026-02-21,,Latin America,Latin America,Enterprise,Technology,Customer referral,Mid-market,Professional Services,Negotiation,Commit,89,57765.74,10.2,36,749,75,51411.51,No,No,Incumbent solution,NOT_APPLICABLE,2025-10-22,2025-11-01
OPP-0310863,2025-07-14,2025-11-03,,Latin America,Latin America,Enterprise,Manufacturing,Product-led,Mid-market,Security Suite,Discovery,Best case,24,133550.12,3.9,12,762,170,32052.03,No,No,Northstar Systems,NOT_APPLICABLE,2025-07-24,2025-08-11
OPP-0310864,2025-09-06,2025-12-11,,Europe,Northern Europe,Mid-market,Manufacturing,Partner referral,Mid-market,Professional Services,Qualification,Pipeline,24,26735.93,7.4,12,184,116,6416.62,Yes,No,No competitor identified,NOT_APPLICABLE,2025-09-18,2025-09-22
OPP-0310865,2024-09-04,2024-12-16,,Asia Pacific,ANZ,Enterprise,Public sector,Customer referral,Commercial,Professional Services,Negotiation,Commit,79,46769.77,11,36,977,483,36948.12,No,No,Vertex Data,NOT_APPLICABLE,2024-09-18,2024-10-07
OPP-0310866,2025-09-29,2025-11-19,,Asia Pacific,Southeast Asia,Mid-market,Healthcare,Inbound web,Commercial,Analytics Platform,Discovery,Best case,32,41804.08,7.7,12,290,93,13377.31,Yes,Yes,Northstar Systems,NOT_APPLICABLE,2025-10-12,2025-10-15
OPP-0310867,2025-05-27,2025-07-27,,Europe,DACH,Small business,Professional services,Renewal motion,Enterprise,Analytics Platform,Qualification,Pipeline,33,18043.77,14.3,12,41,218,5954.44,No,Yes,Incumbent solution,NOT_APPLICABLE,2025-06-16,2025-06-26
OPP-0310868,2024-11-18,2025-01-13,,North America,Northeast,Enterprise,Technology,Event,Commercial,Workflow Automation,Discovery,Best case,33,96362.53,8.1,12,580,408,31799.63,Yes,Yes,Apex Cloud,NOT_APPLICABLE,2025-01-10,
OPP-0310869,2025-07-31,2025-11-15,2025-10-14,Latin America,Latin America,Mid-market,Retail,Product-led,Strategic accounts,Data Integration,Closed Won,Closed,100,33228.96,2.4,12,133,75,33228.96,No,No,No competitor identified,Implementation plan,2025-10-14,NOT_APPLICABLE
OPP-0310870,2025-10-24,2026-02-10,,North America,Northeast,Small business,Public sector,Product-led,Strategic accounts,Analytics Platform,Proposal,Best case,65,26846.42,10.7,24,47,68,17450.17,Yes,Yes,Apex Cloud,NOT_APPLICABLE,2025-11-06,2025-11-16
OPP-0310871,2025-03-29,2025-06-30,2025-06-30,Asia Pacific,ANZ,Mid-market,Technology,Event,Commercial,Analytics Platform,Closed Lost,Omitted,0,44021.93,11.2,12,132,93,0,No,No,No competitor identified,Competitor selected,2025-06-30,NOT_APPLICABLE
OPP-0310872,2025-09-14,2025-11-26,,North America,Central,Strategic,Financial services,Inbound web,Mid-market,Professional Services,Prospecting,Pipeline,21,140025.5,11.1,12,2477,108,29405.35,No,No,,NOT_APPLICABLE,2025-09-27,2025-09-30
OPP-0310873,2025-10-25,2026-01-10,,North America,Central,Mid-market,Technology,Partner referral,Mid-market,Workflow Automation,Qualification,Pipeline,24,37377.78,3.4,24,116,67,8970.67,Yes,No,Apex Cloud,NOT_APPLICABLE,2025-11-22,2025-11-29
OPP-0310874,2025-11-25,2026-03-16,,Latin America,Latin America,Small business,Retail,Outbound sales,Commercial,Data Integration,Proposal,Best case,66,17729.07,16.1,12,3,36,11701.19,No,No,Northstar Systems,NOT_APPLICABLE,2025-11-27,2025-12-17
OPP-0310875,2025-04-18,2025-07-13,,North America,West,Strategic,Healthcare,Event,Commercial,Data Integration,Discovery,Best case,37,,3.7,24,3487,257,82372.3,Yes,Yes,No competitor identified,NOT_APPLICABLE,2025-06-26,2025-07-15
OPP-0310876,2025-04-14,2025-07-24,,Europe,Northern Europe,Small business,Financial services,Product-led,Mid-market,Workflow Automation,PROPOSAL,Best case,63,16521.71,,12,42,261,10408.68,No,No,No competitor identified,NOT_APPLICABLE,2025-05-14,2025-05-28
OPP-0310877,2025-04-15,2025-07-14,,Europe,DACH,Strategic,Financial services,Renewal motion,Commercial,Pro Services,Proposal,Best case,54,114794.25,8,24,2156,260,61988.89,No,No,No competitor identified,NOT_APPLICABLE,2025-05-10,2025-05-16
OPP-0310878,2025-07-09,2025-09-18,2025-09-11,Europe,Southern Europe,Enterprise,Retail,Customer referral,Commercial,Analytics Platform,Closed Lost,Omitted,0,90986.67,11.5,12,983,64,0,No,No,Apex Cloud,No decision,2025-09-11,NOT_APPLICABLE
OPP-0310879,2025-05-26,2025-07-31,,Middle East and Africa,Middle East and Africa,Mid-market,Professional services,Product-led,Enterprise,Professional Services,Negotiation,Commit,87,16304.13,11.1,12,69,219,14184.59,No,No,Apex Cloud,NOT_APPLICABLE,2025-07-20,2025-08-03
OPP-0310880,2025-04-20,2025-08-09,2025-07-29,Europe,Northern Europe,Enterprise,Manufacturing,Customer referral,Mid-market,Professional Services,Closed Won,Closed,100,60574.87,9.4,12,530,100,60574.87,No,No,Build internally,Executive sponsorship,2025-07-29,NOT_APPLICABLE
OPP-0310881,2025-07-09,2025-09-25,,North America,Northeast,Small business,Healthcare,Inbound web,Mid-market,Data Integration,Discovery,Best case,48,20883.84,14.1,12,33,175,10024.24,Yes,No,Build internally,NOT_APPLICABLE,2025-07-27,2025-07-31
OPP-0310882,2025-08-26,2025-11-20,,Europe,Southern Europe,Mid-market,Technology,Event,Enterprise,Data Integration,Prospecting,Pipeline,10,39873.91,3.5,24,72,127,3987.39,No,No,Apex Cloud,NOT_APPLICABLE,2025-09-09,2025-09-17
OPP-0310883,2025-06-17,2025-08-10,,North America,Northeast,Mid-market,Retail,Partner referral,Strategic accounts,Professional Services,Prospecting,Pipeline,18,17577.39,2.4,12,138,197,3163.93,No,No,No competitor identified,NOT_APPLICABLE,2025-06-17,2025-06-29
OPP-0310884,2024-11-24,2025-01-31,,Europe,Southern Europe,Mid-market,Manufacturing,Outbound sales,Enterprise,Data Integration,Proposal,Best case,54,37637.78,10.2,36,139,402,20324.4,No,No,Apex Cloud,NOT_APPLICABLE,2024-12-20,2025-01-06
OPP-0310885,2024-09-12,2025-01-07,,North America,Northeast,Mid-market,Professional services,Inbound web,Mid-market,Workflow Automation,Negotiation,Commit,81,30721.62,12.2,24,3,475,24884.51,No,No,Northstar Systems,NOT_APPLICABLE,2024-10-04,2024-10-16
OPP-0310886,12/12/2024,2025-02-09,,Middle East and Africa,Middle East and Africa,Enterprise,Professional services,Web inbound,Enterprise,Data Integration,Qualification,Pipeline,20,95868.98,7.9,12,909,384,19173.8,No,No,Apex Cloud,NOT_APPLICABLE,2024-12-12,2024-12-29
OPP-0310887,2025-10-07,2025-12-04,,North America,Central,Small business,Manufacturing,Renewal motion,Commercial,Workflow Automation,Proposal,Best case,61,14751.04,2.3,12,41,85,8998.13,No,No,No competitor identified,NOT_APPLICABLE,2025-10-29,2025-11-05
OPP-0310888,2025-07-29,2025-11-07,,North America,Central,Mid-market,Financial services,Outbound sales,Mid-market,Analytics Platform,Proposal,Best case,57,37833.3,6.6,12,126,155,21564.98,No,No,Vertex Data,NOT_APPLICABLE,2025-08-23,2025-08-26
OPP-0310889,2024-10-11,2024-12-15,,Europe,Southern Europe,Mid-market,Healthcare,Product-led,Commercial,Data Integration,Discovery,Best case,48,38588.4,12.6,12,231,446,18522.43,No,No,No competitor identified,NOT_APPLICABLE,2024-12-07,2024-12-18
OPP-0310890,2025-10-22,2026-03-17,2026-03-17,North America,Northeast,Enterprise,Healthcare,Product-led,Mid-market,Professional Services,Closed Won,Closed,100,58112.43,3.5,12,716,146,58112.43,No,No,Apex Cloud,Commercial terms,2026-03-17,NOT_APPLICABLE
OPP-0310891,2024-09-02,2024-12-28,,North America,West,Mid-market,Retail,Event,Enterprise,Security Suite,Discovery,Best case,42,37462.87,11.2,12,49,485,15734.41,Yes,Yes,Apex Cloud,NOT_APPLICABLE,2024-09-03,2024-09-20
OPP-0310892,2024-11-09,2025-02-23,,Europe,DACH,Mid-market,Financial services,Customer referral,Strategic accounts,Security Suite,Negotiation,Commit,81,42139.02,11.8,12,198,417,34132.61,No,No,Incumbent solution,NOT_APPLICABLE,2024-12-21,2024-12-24
OPP-0310893,2025-09-14,2025-12-24,2025-12-24,North America,West,Mid-market,Financial services,Inbound web,Commercial,Analytics Platform,Closed Lost,Omitted,0,32965.28,11.9,12,141,101,0,No,No,Northstar Systems,No decision,2025-12-24,NOT_APPLICABLE
OPP-0310894,2025-09-22,2025-12-12,2025-12-08,Asia Pacific,ANZ,Mid-market,Manufacturing,Customer referral,Commercial,Analytics Platform,Closed Lost,Omitted,0,28953.48,17.6,12,155,77,0,No,No,No competitor identified,Price,2025-12-08,NOT_APPLICABLE
OPP-0310895,2025-05-30,2025-07-21,,Latin America,Latin America,Strategic,Healthcare,Outbound sales,Strategic accounts,Workflow Automation,Prospecting,Pipeline,12,141850.07,1.3,12,583,215,17022.01,No,No,Incumbent solution,NOT_APPLICABLE,2025-06-04,2025-06-10
OPP-0310896,2025-06-08,2025-09-15,,Asia Pacific,ANZ,Mid-market,Technology,Partner referral,Commercial,Professional Services,Negotiation,Commit,86,24490.88,,12,198,206,21062.16,No,No,No competitor identified,NOT_APPLICABLE,2025-07-20,2025-07-24
OPP-0310897,2025-03-30,2025-08-01,2025-06-18,North America,Northeast,Small business,Technology,Outbound sales,Enterprise,Workflow Automation,Closed Won,Closed,100,16264.07,10.8,12,23,80,16264.07,No,No,Apex Cloud,Executive sponsorship,2025-06-18,NOT_APPLICABLE
OPP-0310898,2024-09-27,2024-12-29,,North America,Central,Mid-market,Healthcare,Partner referral,Enterprise,Data Integration,Negotiation,Commit,80,34106.86,12.8,12,52,460,27285.49,Yes,Yes,Apex Cloud,NOT_APPLICABLE,2024-11-09,2024-11-12
OPP-0310899,2025-01-10,2025-04-20,,Asia Pacific,North Asia,Mid-market,Financial services,,Commercial,Workflow Automation,Discovery,Best case,39,23316.23,3,12,196,355,9093.33,Yes,Yes,Northstar Systems,NOT_APPLICABLE,2025-01-19,2025-02-08
OPP-0310900,2024-11-04,2025-02-03,2025-02-03,Latin America,Latin America,Mid-market,Healthcare,Product-led,Enterprise,Data Integration,Closed Won,Closed,100,21905.27,22.8,24,97,91,21905.27,Yes,Yes,Northstar Systems,Implementation plan,2025-02-03,NOT_APPLICABLE
OPP-0310901,2024-12-02,2025-02-15,,North America,Northeast,Small business,Healthcare,Partner referral,Enterprise,Professional Services,Discovery,Best case,36,13503.14,0,12,27,394,4861.13,Yes,No,No competitor identified,NOT_APPLICABLE,2024-12-07,2024-12-18
OPP-0310902,2025-12-11,2026-02-18,,Europe,DACH,Enterprise,Financial services,Outbound sales,Commercial,Analytics Platform,Qualification,Pipeline,26,132084.54,7.4,12,357,20,34341.98,No,No,Vertex Data,NOT_APPLICABLE,2026-01-09,2026-01-27
OPP-0310903,2025-11-03,2026-01-05,,North America,Central,Small business,Healthcare,Partner referral,Enterprise,Analytics Platform,Proposal,Best case,65,28471.68,0.8,12,20,58,18506.59,No,No,Northstar Systems,NOT_APPLICABLE,2025-12-12,2025-12-25
OPP-0310904,2024-11-12,2025-02-23,,North America,Central,Enterprise,Manufacturing,Customer referral,Commercial,Analytics Platform,Proposal,Best case,58,136717.44,2.2,12,876,414,79296.12,No,No,Apex Cloud,NOT_APPLICABLE,2024-12-19,2024-12-23
OPP-0310905,2025-06-30,2025-09-13,2025-09-13,North America,Southeast,Small business,Technology,Event,Mid-market,Analytics Platform,Closed Won,Closed,100,27153.91,13.4,12,11,75,27153.91,No,No,Vertex Data,Executive sponsorship,2025-09-13,NOT_APPLICABLE
OPP-0310906,2025-09-08,2025-11-01,,Europe,Southern Europe,Mid-market,Technology,Product-led,Strategic accounts,Workflow Automation,Proposal,Best case,53,36637.62,0,36,29,114,19417.94,No,No,No competitor identified,NOT_APPLICABLE,2025-09-25,2025-10-12
OPP-0310907,2024-10-09,2025-01-01,,Asia Pacific,ANZ,Small business,Retail,Outbound sales,Mid-market,Data Integration,Negotiation,Commit,88,15477.94,15.9,12,37,448,13620.59,No,No,Northstar Systems,NOT_APPLICABLE,2024-11-16,2024-12-06
OPP-0310908,2025-02-08,2025-05-21,,Europe,Northern Europe,Enterprise,Healthcare,Event,Enterprise,Data Integration,Negotiation,Commit,78,107179.36,4.8,12,783,326,83599.9,No,No,Apex Cloud,NOT_APPLICABLE,2025-05-02,2025-05-22
OPP-0310909,2025-05-18,2025-07-03,,Asia Pacific,Southeast Asia,Enterprise,Healthcare,Outbound sales,Mid-market,Data Integration,Qualification,Pipeline,23,110112.58,0.5,12,999,227,25325.89,Yes,Yes,Incumbent solution,NOT_APPLICABLE,2025-05-31,2025-06-08
OPP-0310910,2025-08-03,2025-09-29,,Asia Pacific,ANZ,Enterprise,Healthcare,Outbound sales,Enterprise,Workflow Automation,Prospecting,Pipeline,7,59304.62,5.3,12,991,150,4151.32,Yes,No,No competitor identified,NOT_APPLICABLE,2025-08-13,2025-08-30
OPP-0310911,2025-09-21,2025-11-22,,Asia Pacific,ANZ,Mid-market,Manufacturing,Product-led,Mid-market,Professional Services,Proposal,Best case,53,21866.18,0.6,12,95,101,11589.08,Yes,No,No competitor identified,NOT_APPLICABLE,2025-11-07,2025-11-18
OPP-0310912,2025-11-13,2026-01-31,,North America,West,Small business,Professional services,Outbound sales,Commercial,Security Suite,Negotiation,Commit,77,30597.28,10.7,12,42,48,23559.91,No,No,Apex Cloud,NOT_APPLICABLE,2025-12-29,2026-01-16
OPP-0310912,2025-12-02,2026-03-13,,Europe,DACH,Small business,Healthcare,Product-led,Enterprise,Workflow Automation,Qualification,Pipeline,18,15783.82,1.9,12,33,29,2841.09,Yes,No,Apex Cloud,NOT_APPLICABLE,2025-12-14,2025-12-17
OPP-0310914,2025-06-12,2025-08-09,,Middle East and Africa,Middle East and Africa,Mid-market,Professional services,Customer referral,Strategic accounts,Security Suite,Proposal,Best case,66,57520.4,0.7,12,168,202,37963.46,No,No,No competitor identified,NOT_APPLICABLE,2025-06-22,2025-06-28
OPP-0310915,2025-01-17,2025-04-13,2025-04-11,Asia Pacific,ANZ,Mid-market,Retail,Event,Commercial,Data Integration,Closed Won,Closed,100,23669.8,14,12,139,84,23669.8,No,No,Build internally,Executive sponsorship,2025-04-11,NOT_APPLICABLE
OPP-0310916,2024-10-08,2024-12-14,,Asia Pacific,ANZ,Mid-market,Professional services,Renewal motion,Enterprise,Professional Services,Qualification,Pipeline,39,26870.84,2.7,12,212,449,10479.63,No,No,Incumbent solution,NOT_APPLICABLE,2024-10-17,2024-11-01
OPP-0310917,2025-05-23,2025-08-10,,North America,West,Enterprise,Financial services,Renewal motion,Enterprise,Workflow Automation,Discovery,Best case,37,90591.89,10.1,12,909,222,33519,No,No,Vertex Data,NOT_APPLICABLE,2025-06-17,2025-06-23
OPP-0310918,2025-02-20,2025-05-23,,North America,Central,Mid-market,Healthcare,Event,Mid-market,Data Integration,Negotiation,Commit,63,25081.55,,12,245,314,15801.38,No,No,Apex Cloud,NOT_APPLICABLE,2025-04-16,2025-04-23
OPP-0310919,2024-09-13,2025-01-02,2024-12-25,Asia Pacific,ANZ,Enterprise,Retail,Inbound web,Strategic accounts,Workflow Automation,Closed Lost,Omitted,0,56274.77,22.7,36,752,103,0,No,No,No competitor identified,No decision,2024-12-25,NOT_APPLICABLE
OPP-0310920,2025-09-15,2025-12-12,,Europe,Southern Europe,Mid-market,Technology,Product-led,Enterprise,Data Integration,Proposal,Best case,58,42636.4,9.2,12,192,107,24729.11,No,No,No competitor identified,NOT_APPLICABLE,2025-10-07,2025-10-20
OPP-0310921,2024-11-22,2025-02-18,,Europe,Northern Europe,Mid-market,Technology,Inbound web,Enterprise,Analytics Platform,Proposal,Best case,57,54374.76,7.5,12,154,404,30993.61,No,No,No competitor identified,NOT_APPLICABLE,2024-11-24,2024-12-02
OPP-0310922,2025-06-30,2025-09-17,,North America,Northeast,Enterprise,Technology,Inbound web,Strategic accounts,Data Integration,Discovery,Best case,33,90301.37,3.2,24,456,184,29799.45,No,No,Vertex Data,NOT_APPLICABLE,2025-07-11,2024-01-15
OPP-0310923,2025-03-10,2025-05-31,,Latin America,Latin America,Small business,Financial services,Outbound sales,Commercial,Security Suite,Discovery,Best case,26,22117.52,4.8,12,35,296,5750.56,No,No,Apex Cloud,NOT_APPLICABLE,2025-04-16,2025-05-03
OPP-0310924,2024-09-18,2025-02-15,,North America,West,Small business,Public sector,Inbound web,Enterprise,Professional Services,Negotiation,Commit,85,10952.57,13,12,35,469,9309.68,No,No,Incumbent solution,NOT_APPLICABLE,2024-10-10,2024-10-22
OPP-0310925,2025-02-10,2025-04-28,,Latin America,Latin America,Mid-market,Healthcare,Product-led,Mid-market,Analytics Platform,Qualification,Pipeline,26,55641.03,5.5,24,3,324,14466.67,Yes,No,Apex Cloud,NOT_APPLICABLE,2025-02-19,2025-03-07
OPP-0310926,2025-09-17,2025-12-03,,Asia Pacific,Southeast Asia,Enterprise,Technology,Outbound sales,Mid-market,Analytics Platform,Qualification,Pipeline,23,121390.05,9.4,12,591,105,27919.71,No,No,Apex Cloud,NOT_APPLICABLE,2025-10-06,2025-10-20
OPP-0310927,2025-12-11,2026-02-17,,Asia Pacific,North Asia,Enterprise,Healthcare,Product-led,Mid-market,Workflow Automation,Discovery,Best case,48,65736.21,8.1,24,727,20,31553.38,No,No,Northstar Systems,NOT_APPLICABLE,2025-12-27,2026-01-07
OPP-0310928,2025-12-09,2026-02-16,,North America,Southeast,Mid-market,Technology,Partner referral,Enterprise,Workflow Automation,Qualification,Pipeline,29,25257.24,2.2,12,212,22,7324.6,Yes,No,No competitor identified,NOT_APPLICABLE,2025-12-26,2026-01-02
OPP-0310929,2025-04-22,2025-08-19,,North America,Northeast,Strategic,Healthcare,Inbound web,Commercial,Workflow Automation,Proposal,Best case,70,140333.22,8,24,2826,253,98233.25,No,No,Incumbent solution,NOT_APPLICABLE,2025-06-14,
OPP-0310930,2025-06-01,2025-08-15,,EMEA,Southern Europe,Small business,Professional services,Inbound web,Enterprise,Data Integration,Proposal,Best case,64,18394.89,9.9,12,25,213,11772.73,No,No,Apex Cloud,NOT_APPLICABLE,2025-07-15,2025-07-28
OPP-0310931,2025-10-28,2025-12-11,,Europe,DACH,Mid-market,Healthcare,Outbound sales,Enterprise,Security Suite,Negotiation,Commit,92,37035.27,13.3,12,45,64,34072.45,No,No,No competitor identified,NOT_APPLICABLE,2025-11-08,2025-11-25
OPP-0310932,2024-09-07,2025-01-08,,Asia Pacific,ANZ,Enterprise,Healthcare,Outbound sales,Mid-market,Security Suite,Negotiation,Commit,84,135648.04,,12,670,480,113944.35,Yes,No,Vertex Data,NOT_APPLICABLE,2024-12-16,2024-12-29
OPP-0310933,2025-01-15,2025-04-27,,Europe,Northern Europe,Enterprise,Retail,Outbound sales,Commercial,Workflow Automation,Proposal,Best case,70,77684.45,0.1,12,1811,350,54379.11,No,No,Build internally,NOT_APPLICABLE,2025-02-23,2025-03-10
OPP-0310934,2025-06-28,2025-08-17,,Latin America,Latin America,Enterprise,Financial services,Inbound web,Commercial,Workflow Automation,Qualification,Pipeline,38,71595.3,6.2,24,708,186,27206.21,No,No,Apex Cloud,NOT_APPLICABLE,2025-06-28,2025-07-09
OPP-0310935,2025-11-19,2026-01-31,,North America,Northeast,Enterprise,Manufacturing,Outbound sales,Commercial,Analytics Platform,Proposal,Best case,53,123883.81,1.6,12,474,42,65658.42,No,No,No competitor identified,NOT_APPLICABLE,2025-11-22,2025-12-12
OPP-0310936,2025-12-02,2026-02-11,,North America,Northeast,Enterprise,Financial services,Inbound web,Enterprise,Professional Services,Prospecting,Pipeline,15,72283.93,1.7,36,717,29,10842.59,No,No,No competitor identified,NOT_APPLICABLE,2025-12-03,2025-12-08
OPP-0310937,2025-03-01,2025-06-03,,Europe,DACH,Mid-market,Retail,Product-led,Mid-market,Professional Services,Qualification,Pipeline,23,17402.77,4.2,24,213,305,4002.64,No,No,Northstar Systems,NOT_APPLICABLE,2025-03-08,2025-03-17
OPP-0310938,2025-01-06,2025-04-22,,Europe,Southern Europe,Mid-market,Technology,Partner referral,Commercial,Data Integration,Negotiation,Commit,82,27329.37,14.7,12,3,359,22410.08,No,No,Apex Cloud,NOT_APPLICABLE,2025-01-15,2025-01-25
OPP-0310939,2024-09-19,2024-12-30,2024-12-30,North America,Central,Enterprise,Technology,Outbound sales,Mid-market,Workflow Automation,Closed Won,Closed,100,53776.62,13.1,12,472,102,53776.62,Yes,Yes,Vertex Data,Product fit,2024-12-30,NOT_APPLICABLE
OPP-0310940,2024-12-06,2025-02-14,,Latin America,Latin America,Enterprise,Financial services,Event,Mid-market,Data Integration,Qualification,Pipeline,19,109345.11,5.5,36,447,390,20775.57,No,No,Build internally,NOT_APPLICABLE,2024-12-07,2024-12-16
OPP-0310941,2025-02-06,2025-04-26,2025-04-26,North America,Central,Small business,Healthcare,Product-led,Commercial,Analytics Platform,Closed Won,Closed,100,26482.81,14.4,12,16,79,26482.81,No,No,No competitor identified,Product fit,2025-04-26,NOT_APPLICABLE
OPP-0310942,2024-12-19,2025-03-15,2025-03-15,Latin America,Latin America,Mid-market,Financial services,Inbound web,Enterprise,Security Suite,Closed Won,Closed,100,37066.07,22.5,24,133,86,37066.07,No,No,Apex Cloud,Executive sponsorship,2025-03-15,NOT_APPLICABLE
OPP-0310943,2024-10-26,2025-01-09,,Europe,Northern Europe,Mid-market,Professional services,Outbound sales,Enterprise,Security Suite,PROPOSAL,Best case,63,44598.55,2.8,12,191,431,28097.09,Yes,No,,NOT_APPLICABLE,2024-11-23,2024-11-27
OPP-0310944,2024-11-27,2025-02-10,,Europe,Southern Europe,Mid-market,Manufacturing,Partner referral,Mid-market,Workflow Automation,Negotiation,Commit,83,28960.64,9.3,12,241,399,24037.33,No,No,Apex Cloud,NOT_APPLICABLE,2025-01-29,2025-02-03
OPP-0310945,2025-11-18,2026-02-17,,North America,Northeast,Enterprise,Professional services,Outbound sales,Commercial,Data Integration,Negotiation,Commit,61,76581.48,14.1,12,963,43,46714.7,No,No,Incumbent solution,NOT_APPLICABLE,2026-01-20,2026-02-07
OPP-0310946,2024-11-01,2025-03-17,2025-03-17,North America,West,Enterprise,Manufacturing,,Mid-market,Security Suite,Closed Won,Closed,100,83158.35,14.9,24,1166,136,83158.35,No,No,Incumbent solution,Commercial terms,2025-03-17,NOT_APPLICABLE
OPP-0310947,2025-03-08,2025-05-09,,Europe,Northern Europe,Mid-market,Healthcare,Event,Enterprise,Workflow Automation,Proposal,Best case,54,35324.25,2.3,12,188,298,19075.1,Yes,No,Northstar Systems,NOT_APPLICABLE,2025-04-02,2025-04-09
OPP-0310948,2025-10-12,2026-01-02,,Asia Pacific,ANZ,Small business,Manufacturing,Customer referral,Enterprise,Workflow Automation,Proposal,Best case,60,15344.92,16.2,12,18,80,9206.95,No,No,Northstar Systems,NOT_APPLICABLE,2025-11-01,2025-11-08
OPP-0310949,2025-05-21,2025-07-07,,North America,Southeast,Mid-market,Manufacturing,Inbound web,Strategic accounts,Workflow Automation,Qualification,Pipeline,31,23192.1,1.6,36,142,224,7189.55,No,No,Incumbent solution,NOT_APPLICABLE,2025-06-13,2025-06-19
OPP-0310950,2024-12-28,2025-03-06,,North America,Northeast,Enterprise,Technology,Partner referral,Strategic accounts,Security Suite,Proposal,Best case,64,147716.92,11.1,12,686,368,94538.83,Yes,Yes,Apex Cloud,NOT_APPLICABLE,2024-12-30,2025-01-10
OPP-0310951,2025-01-23,2025-03-15,,North America,West,Mid-market,Manufacturing,Inbound web,Enterprise,Workflow Automation,Discovery,Best case,37,21263.01,15.2,12,212,342,7867.31,No,No,Northstar Systems,NOT_APPLICABLE,2025-02-02,2025-02-16
OPP-0310952,2025-11-24,2026-03-15,2026-03-15,North America,West,Mid-market,Retail,Customer referral,Commercial,Workflow Automation,Closed Won,Closed,100,22411.18,8.6,24,213,111,22411.18,No,No,No competitor identified,Implementation plan,2026-03-15,NOT_APPLICABLE
OPP-0310953,2025-04-22,2025-08-04,,Latin America,Latin America,Mid-market,Professional services,Partner referral,Mid-market,Professional Services,Qualification,Pipeline,20,18144.11,7,24,148,253,3628.82,No,No,Apex Cloud,NOT_APPLICABLE,2025-05-06,2025-05-25
OPP-0310954,2025-01-25,2025-03-26,,North America,Central,Enterprise,Financial services,Outbound sales,Mid-market,Workflow Automation,Proposal,Best case,60,91229.92,5.6,12,1011,340,54737.95,No,No,Vertex Data,NOT_APPLICABLE,2025-02-24,2025-03-16
OPP-0310955,2025-03-08,2025-05-08,,North America,West,Small business,Healthcare,Outbound sales,Enterprise,Data Integration,Discovery,Best case,31,16620.48,0,36,24,298,5152.35,No,No,Apex Cloud,NOT_APPLICABLE,2025-03-15,2025-03-25
OPP-0310956,2025-03-02,2025-05-15,,Europe,Southern Europe,Enterprise,Professional services,Inbound web,Mid-market,Workflow,Qualification,Pipeline,26,69127.73,6.2,12,516,304,17973.21,No,No,Apex Cloud,NOT_APPLICABLE,2025-03-08,2025-03-25
OPP-0310957,2025-05-09,2025-07-22,2025-07-22,North America,West,Mid-market,Technology,Product-led,Mid-market,Analytics Platform,Closed Lost,Omitted,0,32174.29,13.4,24,173,74,0,Yes,No,No competitor identified,Price,2025-07-22,NOT_APPLICABLE
OPP-0310958,2025-08-24,2025-10-11,,North America,Southeast,Enterprise,Manufacturing,Renewal motion,Commercial,Professional Services,Qualification,Pipeline,40,60425.12,2.3,12,419,129,24170.05,No,No,No competitor identified,NOT_APPLICABLE,2025-09-20,2025-09-27
OPP-0310959,2025-07-11,2025-10-13,,Europe,Northern Europe,Enterprise,Professional services,Renewal motion,Mid-market,Data Integration,Negotiation,Commit,71,98496.67,,12,795,173,69932.64,No,No,No competitor identified,NOT_APPLICABLE,2025-08-11,2025-08-28
OPP-0310960,2025-01-17,2025-04-02,,North America,West,Mid-market,Retail,Inbound web,Enterprise,Security Suite,Prospecting,Pipeline,20,54155.62,2.9,12,202,348,10831.12,No,No,Incumbent solution,NOT_APPLICABLE,2025-01-18,2025-01-24
OPP-0310961,2025-11-14,2026-02-12,,Asia Pacific,Southeast Asia,Enterprise,Healthcare,Event,Mid-market,Workflow Automation,Prospecting,Pipeline,5,82238.29,2.1,12,567,47,4111.91,No,No,Northstar Systems,NOT_APPLICABLE,2025-11-17,2025-11-23
OPP-0310962,2025-04-22,2025-08-01,,Latin America,Latin America,Mid-market,Financial services,Outbound sales,Commercial,Professional Services,Proposal,Best case,69,18848.73,0.2,12,100,253,13005.62,No,No,Northstar Systems,NOT_APPLICABLE,2025-06-12,2025-07-02
OPP-0310963,2025-06-26,2025-08-23,,Asia Pacific,North Asia,Enterprise,Technology,Partner referral,Commercial,Data Integration,Prospecting,Pipeline,5,128211.66,0,12,586,188,6410.58,No,No,Incumbent solution,NOT_APPLICABLE,2025-06-27,2025-07-09
OPP-0310964,2025-07-09,2025-09-25,,North America,Central,Mid-market,Manufacturing,Outbound sales,Mid-market,Workflow Automation,Proposal,Best case,66,33576.6,8,12,3,175,22160.56,Yes,Yes,No competitor identified,NOT_APPLICABLE,2025-08-17,2025-08-24
OPP-0310965,2025-03-08,2025-05-17,,Middle East and Africa,Middle East and Africa,Enterprise,Financial services,Partner referral,Mid-market,Data Integration,Discovery,Best case,39,96257.9,5.7,12,688,298,37540.58,No,No,Vertex Data,NOT_APPLICABLE,2025-03-16,2025-03-27
OPP-0310966,2025-05-24,2025-08-24,,Asia Pacific,North Asia,Enterprise,Technology,Outbound sales,Mid-market,Security Suite,Negotiation,Commit,77,122577.79,10.6,24,264,221,94384.9,No,No,Northstar Systems,NOT_APPLICABLE,2025-06-13,2025-06-20
OPP-0310967,2025-01-11,2025-04-09,,North America,Central,Small business,Professional services,Event,Strategic accounts,Workflow Automation,Qualification,Pipeline,20,16207.37,16.5,36,30,354,3241.47,No,No,Incumbent solution,NOT_APPLICABLE,2025-01-26,2025-02-01
OPP-0310968,2025-01-09,2025-04-08,,North America,Southeast,Mid-market,Healthcare,Outbound sales,Commercial,Security Suite,Negotiation,Commit,85,45922.48,8.6,12,195,356,39034.11,No,No,Northstar Systems,NOT_APPLICABLE,2025-03-02,2025-03-05
OPP-0310969,2025-11-25,2026-02-09,,Asia Pacific,Southeast Asia,Mid-market,Financial services,Event,Commercial,Analytics Platform,Proposal,Best case,61,40060.86,7.6,24,111,36,24437.12,No,No,Vertex Data,NOT_APPLICABLE,2025-11-28,2025-12-14
OPP-0310970,2025-02-03,2025-04-23,,North America,West,Enterprise,Technology,Outbound sales,Enterprise,Workflow Automation,Discovery,Best case,33,69502.85,0,12,735,331,22935.94,No,No,Northstar Systems,NOT_APPLICABLE,2025-03-01,2025-03-15
OPP-0310971,2025-03-28,2025-06-03,,North America,Southeast,Enterprise,Financial services,Partner referral,Commercial,Workflow Automation,Prospecting,Pipeline,26,88041.14,3.1,12,739,278,22890.7,No,No,Incumbent solution,NOT_APPLICABLE,2025-03-28,2025-03-31
OPP-0310972,2025-04-13,2025-06-21,2025-06-13,North America,Southeast,Small business,Retail,Customer referral,Mid-market,Analytics Platform,Closed Won,Closed,100,21764.83,15.2,12,42,61,21764.83,No,No,No competitor identified,Product fit,2025-06-13,NOT_APPLICABLE
OPP-0310973,2025-01-26,2025-05-05,,North America,West,Small business,Retail,Inbound web,Strategic accounts,Data Integration,Qualification,Pipeline,32,15647.67,9.9,12,19,339,5007.25,Yes,Yes,No competitor identified,NOT_APPLICABLE,2025-01-28,2025-02-14
OPP-0310974,2025-04-12,2025-06-24,,North America,Southeast,Small business,Healthcare,Inbound web,Commercial,Professional Services,Negotiation,Commit,78,9397.9,10.6,24,34,263,7330.36,No,No,Build internally,NOT_APPLICABLE,2025-04-27,2025-05-03
OPP-0310975,2025-05-27,2025-08-07,,Asia Pacific,Southeast Asia,Mid-market,Technology,Inbound web,Enterprise,Analytics Platform,Discovery,Best case,37,49484.58,2.1,12,109,218,18309.29,Yes,No,Incumbent solution,NOT_APPLICABLE,2025-05-30,2025-06-09
OPP-0310976,2025-09-06,2025-12-09,,Europe,Southern Europe,Enterprise,Healthcare,Inbound web,Mid-market,Professional Services,Qualification,Pipeline,17,44026.16,5.4,12,617,116,7484.45,No,No,Apex Cloud,NOT_APPLICABLE,2025-09-06,2025-09-22
OPP-0310977,2025-11-23,2026-03-19,2026-03-19,North America,Southeast,Mid-market,Healthcare,Outbound sales,Enterprise,Analytics Platform,Closed Lost,Omitted,0,36481.26,21,12,103,116,0,Yes,No,Incumbent solution,No decision,2026-03-19,NOT_APPLICABLE
OPP-0310978,2025-01-29,2025-03-11,,Europe,Northern Europe,Small business,Healthcare,Customer referral,Strategic accounts,Analytics Platform,Discovery,Best case,29,27992.07,0.7,12,25,336,8117.7,No,No,Apex Cloud,NOT_APPLICABLE,2025-02-13,2025-03-04
OPP-0310979,2024-11-21,2025-02-21,,North America,Central,Enterprise,Professional services,Partner referral,Enterprise,Data Integration,Qualification,Pipeline,22,71548.41,4.7,12,1235,405,15740.65,Yes,No,Apex Cloud,NOT_APPLICABLE,2024-12-17,2024-12-26
OPP-0310980,2025-12-12,2026-04-15,2026-04-15,North America,Southeast,Enterprise,Manufacturing,Inbound web,Strategic accounts,Security Suite,Closed Lost,Omitted,0,116077.81,20.3,24,801,124,0,No,No,Northstar Systems,Competitor selected,2026-04-15,NOT_APPLICABLE
OPP-0310981,2025-02-16,2025-06-04,,Middle East and Africa,Middle East and Africa,Enterprise,Technology,Customer referral,Mid-market,Analytics Platform,Discovery,Best case,47,95493.85,5.4,24,1255,318,44882.11,No,No,Northstar Systems,NOT_APPLICABLE,2025-02-20,2025-03-04
OPP-0310982,2025-05-08,2025-07-14,,Latin America,Latin America,Strategic,Manufacturing,Outbound sales,Commercial,Workflow Automation,Prospecting,Pipeline,8,117299.65,0.8,24,1907,237,9383.97,No,No,Apex Cloud,NOT_APPLICABLE,2025-06-07,2025-06-16
OPP-0310983,10/11/2025,2025-12-25,,Europe,Northern Europe,Small business,Professional services,Partner referral,Enterprise,Data Integration,Prospecting,Pipeline,5,14036.41,19.4,12,30,81,701.82,Yes,No,Incumbent solution,NOT_APPLICABLE,2025-10-28,2025-11-07
OPP-0310984,2025-11-14,2026-02-01,,North America,Central,Enterprise,Manufacturing,Partner referral,Mid-market,Workflow Automation,Discovery,Best case,42,77191.58,0,12,809,47,32420.46,No,No,Vertex Data,NOT_APPLICABLE,2025-11-22,2025-12-07
OPP-0310985,2025-07-28,2025-11-15,,North America,Northeast,Small business,Professional services,Renewal motion,Mid-market,Security Suite,Proposal,Best case,59,21498.03,9,24,34,156,12683.84,No,No,Build internally,NOT_APPLICABLE,2025-10-02,2025-10-22
OPP-0310986,2025-07-02,2025-11-04,2025-11-04,Asia Pacific,Southeast Asia,Strategic,Financial services,Event,Commercial,Security Suite,Closed Lost,Omitted,0,237069.04,15.9,12,1778,125,0,No,No,Northstar Systems,Missing capability,2025-11-04,NOT_APPLICABLE
OPP-0310987,2025-08-12,2025-10-27,2025-10-27,Asia Pacific,ANZ,Small business,Professional services,Partner referral,Strategic accounts,Data Integration,Closed Won,Closed,100,13501.34,22.7,12,12,76,13501.34,No,No,Northstar Systems,Commercial terms,2025-10-27,NOT_APPLICABLE
OPP-0310988,2025-03-31,2025-08-01,,North America,Central,Enterprise,Manufacturing,Inbound web,Mid-market,Security Suite,Negotiation,Commit,82,127675.25,11,12,601,275,104693.71,No,No,Apex Cloud,NOT_APPLICABLE,2025-04-19,2025-05-03
OPP-0310989,2025-06-07,2025-09-26,,North America,West,Mid-market,Technology,Partner referral,Enterprise,Workflow Automation,Qualification,Pipeline,19,35007.12,6.3,12,52,207,6651.35,No,No,No competitor identified,NOT_APPLICABLE,2025-06-29,2025-07-04
OPP-0310990,2024-12-02,2025-02-26,,North America,Southeast,Small business,Manufacturing,Partner referral,Mid-market,Data Integration,Prospecting,Pipeline,0,16622.01,6.7,12,12,394,0,Yes,No,Northstar Systems,NOT_APPLICABLE,2024-12-13,
OPP-0310991,2025-03-10,2025-06-04,,Asia Pacific,ANZ,Mid-market,Manufacturing,Outbound sales,Mid-market,Analytics Platform,Qualification,Pipeline,25,43369.9,3.7,12,97,296,10842.48,Yes,No,Apex Cloud,NOT_APPLICABLE,2025-03-19,2025-04-02
OPP-0310992,2025-07-28,2025-10-30,,North America,Southeast,Mid-market,Financial services,Event,Commercial,Workflow Automation,Qualification,Pipeline,30,39907.61,0,12,233,156,11972.28,No,No,Incumbent solution,NOT_APPLICABLE,2025-08-03,2025-08-20
OPP-0310993,2025-05-29,2025-09-30,,Europe,DACH,Mid-market,Retail,,Mid-market,Workflow Automation,Qualification,Pipeline,23,38813.37,0,36,161,216,8927.08,Yes,No,Northstar Systems,NOT_APPLICABLE,2025-05-29,2025-06-09
OPP-0310994,2025-02-17,2025-05-17,,North America,Southeast,Enterprise,Public sector,Event,Commercial,Workflow Automation,Prospecting,Pipeline,0,55642.68,11.1,24,771,317,0,Yes,No,No competitor identified,NOT_APPLICABLE,2025-03-13,2025-03-20
OPP-0310995,2024-10-03,2024-12-20,2024-12-07,Latin America,Latin America,Small business,Professional services,Outbound sales,Enterprise,Analytics Platform,Closed Lost,Omitted,0,23080.09,8.2,12,33,65,0,Yes,No,No competitor identified,Price,2024-12-07,NOT_APPLICABLE
OPP-0310996,2024-12-28,2025-03-22,,Europe,DACH,Mid-market,Financial services,Customer referral,Enterprise,Security Suite,Prospecting,Pipeline,1,38787.35,6,12,87,368,387.87,Yes,Yes,No competitor identified,NOT_APPLICABLE,2025-01-01,2025-01-04
OPP-0310997,2025-03-30,2025-06-05,,North America,Central,Enterprise,Financial services,Inbound web,Commercial,Analytics Platform,Prospecting,Pipeline,1,88813.84,4.4,12,1088,276,888.14,Yes,Yes,Northstar Systems,NOT_APPLICABLE,2025-03-31,2025-04-04
OPP-0310998,2025-05-21,2025-08-15,,Europe,DACH,Mid-market,Professional services,Event,Mid-market,Data Integration,Negotiation,Commit,61,40850.04,8.7,12,131,224,24918.52,Yes,Yes,Incumbent solution,NOT_APPLICABLE,2025-06-26,2025-07-08
OPP-0310999,2024-10-03,2025-01-27,,Europe,Northern Europe,Enterprise,Technology,Customer referral,Commercial,Security Suite,Proposal,Best case,68,111534.08,13.8,12,581,454,75843.17,No,No,Incumbent solution,NOT_APPLICABLE,2024-10-07,2024-10-21
OPP-0311000,2025-03-14,2025-06-09,,Middle East and Africa,Middle East and Africa,Enterprise,Technology,Outbound sales,Enterprise,Data Integration,Proposal,Best case,61,103102.65,9.8,36,902,292,62892.62,No,No,Build internally,NOT_APPLICABLE,2025-03-27,2025-04-08
OPP-0310018,2025-06-15,2025-08-16,,North America,Central,Strategic,Retail,Customer referral,Commercial,Workflow Automation,Prospecting,Pipeline,1,,6.2,12,2700,199,1914.31,Yes,No,Northstar Systems,NOT_APPLICABLE,2025-07-01,2025-07-21
OPP-0310079,2025-11-28,2026-02-16,2026-02-16,North America,Northeast,Small business,Professional services,Partner referral,Enterprise,Data Integration,Closed Lost,Omitted,0,13122.43,16,12,42,80,0,No,No,No competitor identified,Price,2026-02-16,NOT_APPLICABLE
OPP-0310140,2025-02-04,2025-05-29,,North America,Central,Mid-market,Technology,Partner referral,Commercial,Workflow Automation,Negotiation,Commit,85,24214.57,13.6,12,147,330,20582.38,No,No,Incumbent solution,NOT_APPLICABLE,2025-03-27,2025-04-04
OPP-0310201,2025-10-18,2025-12-27,2025-12-27,Europe,DACH,Small business,Retail,Inbound web,Commercial,Analytics Platform,Closed Won,Closed,100,27858.21,14.7,12,13,70,27858.21,No,No,Northstar Systems,Partner influence,2025-12-27,NOT_APPLICABLE
OPP-0310262,2025-10-03,2025-11-30,,Europe,DACH,Enterprise,Retail,Outbound sales,Mid-market,Security Suite,Proposal,Best case,68,151753.42,15%,12,1119,89,103192.33,No,No,No competitor identified,NOT_APPLICABLE,2025-11-06,2025-11-23
OPP-0310323,2025-06-06,2025-09-16,,North America,Northeast,Enterprise,Healthcare,Product-led,Enterprise,Workflow Automation,Negotiation,Commit,96,81678.06,,24,895,208,78410.94,No,No,No competitor identified,NOT_APPLICABLE,2025-06-07,2025-06-21
OPP-0310384,2025-03-15,2025-07-11,,North America,Southeast,Enterprise,Healthcare,Customer referral,Strategic accounts,Data Integration,Qualification,Pipeline,37,79199.36,4,12,764,291,29303.76,No,No,No competitor identified,NOT_APPLICABLE,2025-03-25,2025-04-05
OPP-0310445,2025-07-19,2025-09-18,,North America,Southeast,Small business,Manufacturing,Outbound sales,Commercial,Analytics Platform,Discovery,Best case,39,19239.74,4.9,12,46,165,7503.5,No,No,No competitor identified,NOT_APPLICABLE,2025-08-27,2025-09-02
OPP-0310506,2024-12-05,2025-01-29,,Asia Pacific,Southeast Asia,Mid-market,Healthcare,Event,Commercial,Data Integration,Proposal,Best case,52,36806.47,0,12,174,391,19139.36,No,No,Build internally,NOT_APPLICABLE,2024-12-28,2025-01-11
OPP-0310567,2025-01-17,2025-05-11,,Europe,DACH,Small business,Professional services,Partner referral,Commercial,Data Integration,Negotiation,Commit,79,22906.86,12.9,24,30,348,18096.42,No,No,Northstar Systems,NOT_APPLICABLE,2025-02-10,2025-03-02
OPP-0310628,2025-04-19,2025-08-20,,Europe,Northern Europe,Enterprise,Financial services,Event,Enterprise,Workflow Automation,Qualification,Pipeline,25,64000.09,4.1,12,792,256,16000.02,No,No,Build internally,NOT_APPLICABLE,2025-04-29,2025-05-19
OPP-0310688,2025-05-04,2025-07-30,,North America,West,Enterprise,Manufacturing,Event,Commercial,Security Suite,Qualification,Pipeline,33,126221.16,5.5,12,819,241,41652.98,Yes,No,Vertex Data,NOT_APPLICABLE,2025-05-05,2025-05-22
OPP-0310750,2025-04-16,2025-07-14,,Asia Pacific,North Asia,Mid-market,Public sector,Partner referral,Commercial,Analytics Platform,Negotiation,Commit,91,54206.74,9,12,214,259,49328.13,No,No,Northstar Systems,NOT_APPLICABLE,2025-05-14,2025-05-27
OPP-0310811,2024-10-08,2025-01-15,,North America,Northeast,Enterprise,Financial services,Inbound web,Enterprise,Analytics Platform,Negotiation,Commit,81,136444.26,8.7,12,905,449,110519.85,No,No,Vertex Data,NOT_APPLICABLE,2024-12-10,2024-12-17
OPP-0310872,2025-09-14,2025-11-26,,North America,Central,Strategic,Financial services,Inbound web,Mid-market,Professional Services,Prospecting,Pipeline,21,140025.5,11.1,12,2477,108,29405.35,No,No,,NOT_APPLICABLE,2025-09-27,2025-09-30
OPP-0310933,2025-01-15,2025-04-27,,Europe,Northern Europe,Enterprise,Retail,Outbound sales,Commercial,Workflow Automation,Proposal,Best case,70,77684.45,0.1,12,1811,350,54379.11,No,No,Build internally,NOT_APPLICABLE,2025-02-23,2025-03-10
