order_id,order_date,region,channel,product_category,sales_rep,unit_price_usd,quantity,discount_pct,revenue_usd,cost_usd,profit_usd,customer_tenure_months,delivery_days,customer_rating
SO-250295,2025-01-01,APAC,Online,Furniture,REP-18,353.82,2,0.0,707.65,432.81,274.84,15.0,4.8,4.0
SO-250620,2025-01-01,Europe,Online,Networking,,173.05,2,0.0,346.1,232.96,113.14,16.0,5.0,5.0
SO-250606,2025-01-02,APAC,Retail store,Monitors,REP-09,143.76,3,0.0,431.27,357.67,73.6,57.0,0.0,
SO-250156,2025-01-02,North America,Online,Laptops,REP-08,1492.52,6,0.0,8955.12,8022.0,933.11,18.0,1.6,3.0
SO-250309,2025-01-02,North America,Online,Networking,REP-07,80.3,2,0.0,160.61,101.15,59.46,43.0,7.2,5.0
SO-250081,2025-01-03,APAC,Retail store,Laptops,REP-07,1444.55,3,3.2,4195.05,3741.03,454.03,31.0,0.0,5.0
SO-250583,2025-01-03,LATAM,Retail store,Laptops,REP-18,1525.63,1,14.5,1303.97,1255.94,48.03,18.0,0.0,3.0
SO-250136,2025-01-03,North America,Retail store,Software,REP-10,65.04,4,17.4,214.91,76.22,138.69,57.0,0.0,
SO-250353,2025-01-03,LATAM,Online,Laptops,REP-14,1393.06,3,0.0,4179.17,3652.92,526.25,54.0,4.6,4.0
SO-250986,2025-01-06,Europe,Online,Software,REP-13,249.7,1,,249.7,70.72,178.97,,,4.0
SO-250904,2025-01-06,Europe,Online,Software,REP-18,316.99,3,,950.98,278.04,672.95,46.0,4.6,
SO-250622,2025-01-06,North America,Online,Furniture,REP-05,596.15,3,2.1,1750.91,,,53.0,,2.0
SO-250886,2025-01-07,North America,Online,Accessories,REP-17,14.71,3,21.4,34.68,24.14,10.54,36.0,9.0,3.0
SO-250720,2025-01-07,North America,Online,Networking,REP-05,142.0,2,5.8,267.58,190.85,76.73,46.0,4.9,3.0
SO-250646,2025-01-07,Europe,Retail store,Laptops,REP-04,1048.88,5,,5244.38,4138.36,1106.02,,0.0,5.0
SO-250176,2025-01-07,North America,Retail store,Laptops,REP-10,918.45,3,3.7,2653.56,2507.45,146.12,,0.0,4.0
SO-250119,2025-01-08,LATAM,Retail store,Accessories,REP-04,17.89,5,0.0,89.47,48.38,41.08,27.0,0.0,4.0
SO-250563,2025-01-08,Europe,Online,Monitors,REP-12,242.62,1,,242.62,196.77,45.85,59.0,6.1,3.0
SO-250604,2025-01-09,LATAM,Retail store,Monitors,REP-16,704.36,1,4.7,671.38,561.47,109.91,31.0,0.0,4.0
SO-250968,2025-01-09,Europe,Online,Furniture,REP-04,774.51,2,0.0,1549.03,1056.61,492.41,40.0,4.1,5.0
SO-250617,2025-01-09,North America,Online,Accessories,REP-14,63.33,3,10.6,169.75,91.23,78.52,56.0,1.9,5.0
SO-250679,2025-01-09,Europe,Online,Accessories,REP-02,30.59,4,,122.38,64.28,58.1,18.0,4.0,3.0
SO-250642,2025-01-10,Europe,Retail store,Laptops,REP-15,824.07,4,0.0,3296.27,,,54.0,0.0,3.0
SO-250874,2025-01-10,North America,Online,Software,REP-10,398.08,2,0.0,796.17,216.61,579.55,24.0,3.0,4.0
SO-250167,2025-01-11,APAC,Online,Laptops,REP-12,1280.32,7,2.0,8782.44,7880.12,902.32,10.0,5.4,4.0
SO-250974,2025-01-11,LATAM,Online,Software,REP-09,169.44,2,5.6,320.01,96.75,223.26,43.0,10.2,4.0
SO-250906,2025-01-12,Europe,Online,Furniture,REP-09,415.42,2,0.0,830.84,539.94,290.9,21.0,4.7,4.0
SO-250801,2025-01-13,Europe,Online,Accessories,REP-18,64.02,6,8.2,352.6,185.8,166.8,22.0,6.2,4.0
SO-250958,2025-01-13,North America,Distributor,Furniture,REP-18,492.11,8,5.2,3733.08,2502.74,1230.34,,3.0,4.0
SO-250790,2025-01-13,North America,Online,Laptops,REP-10,1582.51,1,11.1,1407.5,1375.01,32.49,18.0,1.6,4.0
SO-250887,2025-01-13,Europe,Distributor,Software,REP-04,370.81,13,3.0,4677.38,1485.23,3192.15,12.0,7.7,4.0
SO-250549,2025-01-13,APAC,Online,Monitors,,207.54,1,,207.54,163.49,44.04,51.0,15.6,3.0
SO-250428,2025-01-14,APAC,Retail store,Accessories,REP-02,59.78,1,14.1,51.36,32.93,18.43,46.0,0.0,5.0
SO-250333,2025-01-14,North America,Retail store,Accessories,REP-01,23.13,2,3.0,44.88,25.23,19.65,,0.0,4.0
SO-250920,2025-01-15,North America,Retail store,Accessories,REP-01,54.56,2,19.5,87.87,58.23,29.64,29.0,0.0,4.0
SO-250895,2025-01-15,Europe,Online,Monitors,REP-11,217.78,1,7.3,201.86,171.19,30.68,13.0,4.8,4.0
SO-250407,2025-01-15,LATAM,Retail store,Monitors,REP-01,244.18,1,3.4,235.82,191.78,44.04,18.0,0.0,5.0
SO-250422,2025-01-15,Europe,Distributor,Monitors,REP-07,220.25,28,5.3,5838.12,4652.79,1185.33,20.0,,4.0
SO-250689,2025-01-15,North America,Retail store,Software,REP-11,243.66,3,,730.98,206.01,524.97,31.0,0.0,5.0
SO-250329,2025-01-15,APAC,Online,Monitors,REP-12,318.64,9,1.9,2813.16,2201.53,611.63,,7.4,4.0
SO-250970,2025-01-15,North America,Retail store,Accessories,REP-11,59.33,5,0.0,296.67,153.33,143.34,27.0,0.0,4.0
SO-250161,2025-01-15,APAC,Distributor,Networking,REP-17,35.53,7,8.8,226.82,186.57,40.26,13.0,5.4,4.0
SO-250618,2025-01-16,LATAM,Online,Accessories,REP-06,32.18,1,,32.18,17.72,14.46,13.0,10.1,3.0
SO-250747,2025-01-16,Europe,Online,Monitors,REP-16,342.03,1,2.5,333.59,280.78,52.81,18.0,3.9,
SO-250592,2025-01-16,Europe,Online,Laptops,REP-17,1195.61,3,0.0,3586.82,2950.03,636.79,39.0,,4.0
SO-250227,2025-01-17,Europe,Online,Software,REP-04,111.37,7,5.6,735.72,220.42,515.3,,4.3,4.0
SO-250799,2025-01-17,Europe,Retail store,Accessories,REP-06,100.85,2,7.7,186.26,104.61,81.65,34.0,0.0,5.0
SO-250043,2025-01-17,Europe,Online,Networking,REP-12,119.42,6,0.0,716.49,459.33,257.16,,4.8,4.0
SO-250849,2025-01-18,North America,Retail store,Accessories,REP-04,50.19,3,0.0,150.56,85.92,64.64,24.0,0.0,5.0
SO-250885,2025-01-18,Europe,Retail store,Monitors,REP-08,666.68,2,,1333.37,973.21,360.15,,0.0,4.0
SO-250834,2025-01-19,North America,Retail store,Software,REP-17,423.35,1,0.0,423.35,125.53,297.82,36.0,0.0,5.0
SO-250497,2025-01-19,Europe,Online,Furniture,REP-14,528.86,2,0.0,1057.71,698.51,359.2,60.0,3.3,
SO-250781,2025-01-20,North America,Distributor,Networking,REP-05,120.12,6,6.6,673.1,465.87,207.23,,5.6,
SO-250573,2025-01-20,North America,Retail store,Networking,REP-08,283.98,3,0.0,851.95,596.88,255.07,51.0,0.0,
SO-250189,2025-01-20,LATAM,Online,Monitors,REP-08,356.57,1,21.9,278.57,271.01,7.56,56.0,2.8,4.0
SO-250627,2025-01-20,North America,Retail store,Monitors,REP-16,169.54,4,0.0,678.15,521.99,156.16,43.0,0.0,4.0
SO-250071,2025-01-20,Europe,Retail store,Laptops,,2136.78,2,0.0,4273.57,3518.22,755.35,54.0,0.0,4.0
SO-250712,2025-01-20,North America,Distributor,Networking,REP-09,105.88,22,,2329.38,1556.25,773.13,19.0,0.2,5.0
SO-250000,2025-01-20,APAC,Distributor,Monitors,REP-06,367.81,33,0.0,12137.89,9694.05,2443.84,29.0,4.0,
SO-250385,2025-01-20,North America,Online,Laptops,REP-02,1241.58,1,,1241.58,1091.19,150.39,53.0,6.1,3.0
SO-250945,2025-01-20,APAC,Distributor,Monitors,REP-17,291.5,13,13.3,3286.61,3308.48,-21.87,38.0,4.8,4.0
SO-250289,2025-01-21,APAC,Online,Furniture,REP-07,347.58,3,2.6,1015.13,611.68,403.45,26.0,2.8,2.0
SO-250248,2025-01-21,Europe,Online,Accessories,REP-04,31.64,2,,63.29,32.89,30.4,,,4.0
SO-250723,2025-01-22,North America,Retail store,Networking,REP-08,141.68,1,0.0,141.68,88.21,53.48,17.0,0.0,4.0
SO-250992,2025-01-22,Europe,Online,Software,REP-17,95.06,2,,190.13,57.49,132.64,45.0,3.9,
SO-250515,2025-01-22,Europe,Online,Accessories,REP-03,59.77,1,,59.77,28.93,30.84,14.0,2.3,5.0
SO-250076,2025-01-22,North America,Retail store,Accessories,REP-08,28.03,2,7.1,52.07,27.27,24.8,15.0,0.0,5.0
SO-250854,2025-01-22,North America,Retail store,Laptops,REP-03,1022.59,2,,2045.18,1714.13,331.05,54.0,0.0,
SO-250710,2025-01-24,APAC,Online,Laptops,REP-04,1435.4,2,,2870.81,2275.17,595.63,15.0,5.2,
SO-250532,2025-01-24,Europe,Distributor,Furniture,REP-09,301.23,21,4.1,6066.14,3588.76,2477.38,39.0,3.1,4.0
SO-250208,2025-01-24,APAC,Online,Furniture,REP-01,448.91,5,13.6,1939.79,1436.59,503.2,28.0,3.0,
SO-250389,2025-01-25,Europe,Distributor,Laptops,REP-04,1115.05,6,6.7,6242.54,5873.09,369.44,32.0,6.7,3.0
SO-250962,2025-01-25,LATAM,Online,Furniture,REP-01,538.22,6,1.9,3167.91,1870.91,1297.01,50.0,3.8,
SO-250702,2025-01-26,North America,Online,Networking,REP-09,43.95,2,,87.9,56.65,31.25,35.0,2.6,
SO-250995,2025-01-27,Europe,Retail store,Software,REP-04,185.65,1,,185.65,49.76,135.9,8.0,0.0,5.0
SO-250582,2025-01-28,North America,Retail store,Accessories,REP-05,38.69,8,,309.53,157.12,152.41,50.0,0.0,4.0
SO-250079,2025-01-28,North America,Distributor,Accessories,REP-18,35.71,16,3.7,549.97,311.12,238.85,25.0,1.6,4.0
SO-250159,2025-01-29,North America,Distributor,Accessories,REP-17,43.69,25,0.0,1092.21,543.72,548.48,56.0,5.2,
SO-250103,2025-01-29,APAC,Online,Accessories,REP-12,105.33,2,,210.66,110.69,99.97,14.0,8.1,4.0
SO-250981,2025-01-30,North America,Online,Accessories,REP-14,27.02,5,0.0,135.09,69.36,65.73,21.0,1.3,
SO-250677,2025-01-30,North America,Online,Furniture,REP-17,546.95,2,9.2,992.77,741.37,251.4,24.0,0.7,
SO-250247,2025-01-31,North America,Online,Monitors,REP-14,410.19,2,18.1,671.8,687.58,-15.78,59.0,2.4,4.0
SO-250923,2025-01-31,APAC,Online,Networking,REP-10,101.35,1,0.0,101.35,63.37,37.97,57.0,4.2,4.0
SO-250122,2025-01-31,Europe,Retail store,Accessories,REP-08,10.53,5,10.2,47.27,25.87,21.4,,0.0,3.0
SO-250940,2025-01-31,Europe,Online,Accessories,REP-11,97.04,1,11.1,86.3,51.21,35.1,11.0,5.8,4.0
SO-250130,2025-02-01,Europe,Retail store,Furniture,REP-08,381.02,8,,3048.16,1855.06,1193.1,,0.0,3.0
SO-250269,2025-02-01,North America,Online,Monitors,REP-08,453.59,3,0.0,1360.76,1119.65,241.11,39.0,1.7,3.0
SO-250268,2025-02-01,North America,Online,Furniture,REP-06,528.06,3,,1584.19,1030.1,554.09,,4.4,3.0
SO-250947,2025-02-01,North America,Distributor,Networking,REP-10,156.01,11,7.4,1589.23,989.43,599.79,52.0,,5.0
SO-250445,2025-02-02,North America,Online,Monitors,REP-16,317.83,1,0.0,317.83,256.71,61.12,20.0,4.7,4.0
SO-250058,2025-02-03,Europe,Online,Software,REP-17,277.03,4,12.8,966.59,324.09,642.5,34.0,5.3,4.0
SO-250938,2025-02-03,North America,Online,Accessories,REP-15,26.53,1,3.1,25.71,14.14,11.56,50.0,4.6,4.0
SO-250946,2025-02-03,Europe,Online,Monitors,REP-13,333.77,1,0.0,333.77,279.27,54.5,35.0,10.0,4.0
SO-250395,2025-02-04,Europe,Online,Laptops,REP-11,1203.94,3,10.6,3229.09,2959.12,269.97,38.0,7.3,3.0
SO-250343,2025-02-04,Europe,Online,Laptops,REP-12,1738.68,8,17.1,11535.64,11477.2,58.44,11.0,3.0,4.0
SO-250449,2025-02-04,Europe,Online,Monitors,REP-04,329.8,1,0.0,329.8,259.44,70.36,43.0,2.9,3.0
SO-250624,2025-02-05,Europe,Distributor,Furniture,REP-05,447.16,35,7.2,14521.92,9690.07,4831.85,14.0,3.4,5.0
SO-250448,2025-02-05,APAC,Online,Monitors,REP-07,190.59,2,,381.19,311.87,69.31,59.0,6.3,4.0
SO-250687,2025-02-06,LATAM,Retail store,Furniture,REP-08,311.96,5,,1559.82,1050.66,509.15,52.0,0.0,4.0
SO-250011,2025-02-06,North America,Online,Accessories,REP-03,19.81,6,6.9,110.68,71.5,39.18,20.0,1.7,
SO-250442,2025-02-07,LATAM,Online,Monitors,REP-14,297.91,3,13.7,771.14,696.19,74.95,,,
SO-250010,2025-02-07,North America,Distributor,Laptops,REP-12,864.57,16,14.8,11787.76,11386.03,401.73,31.0,5.8,4.0
SO-250126,2025-02-07,Europe,Retail store,Networking,REP-04,177.94,2,12.3,312.09,232.27,79.81,40.0,0.0,5.0
SO-250277,2025-02-07,APAC,Distributor,Software,REP-08,105.98,9,17.3,788.55,255.78,532.77,23.0,3.9,4.0
SO-250371,2025-02-07,North America,Distributor,Monitors,REP-06,339.76,16,5.9,5115.75,,,56.0,5.0,
SO-250640,2025-02-07,Europe,Distributor,Software,REP-10,206.13,16,20.8,2612.09,913.15,1698.94,33.0,4.6,
SO-250883,2025-02-08,Europe,Online,Accessories,REP-10,27.22,3,4.0,78.37,42.92,35.45,10.0,12.3,3.0
SO-250485,2025-02-08,North America,Online,Furniture,REP-11,985.29,1,9.1,896.06,632.53,263.53,46.0,1.5,4.0
SO-250335,2025-02-08,North America,Online,Furniture,REP-14,559.57,2,0.0,1119.14,742.35,376.79,51.0,3.7,4.0
SO-250990,2025-02-09,Europe,Online,Accessories,REP-08,42.62,2,9.2,77.38,44.05,33.33,47.0,5.5,4.0
SO-250998,2025-02-10,North America,Retail store,Accessories,,71.5,5,16.5,298.37,199.98,98.4,44.0,0.0,5.0
SO-250433,2025-02-10,North America,Retail store,Laptops,REP-09,1349.57,4,0.0,5398.28,4546.88,851.4,46.0,0.0,3.0
SO-250643,2025-02-11,Europe,Distributor,Accessories,,41.91,18,7.6,696.7,410.33,286.37,28.0,11.1,3.0
SO-250658,2025-02-11,North America,Online,Laptops,REP-15,1183.4,2,0.0,2366.8,2114.75,252.04,53.0,2.9,5.0
SO-250725,2025-02-11,North America,Retail store,Accessories,REP-01,112.08,11,,1232.91,626.64,606.27,27.0,0.0,
SO-250824,2025-02-12,APAC,Online,Software,REP-03,140.75,7,2.8,957.49,284.36,673.12,11.0,8.5,4.0
SO-250009,2025-02-12,Europe,Retail store,Laptops,REP-07,1087.31,1,0.0,1087.31,961.82,125.49,42.0,0.0,4.0
SO-250025,2025-02-13,APAC,Online,Furniture,,476.23,2,7.7,879.28,583.79,295.49,42.0,4.8,5.0
SO-250661,2025-02-13,North America,Distributor,Furniture,REP-10,712.75,16,10.2,10236.25,6745.59,3490.65,60.0,,5.0
SO-250373,2025-02-13,Europe,Distributor,Accessories,REP-10,36.52,10,12.3,320.49,180.69,139.8,58.0,11.3,4.0
SO-250313,2025-02-13,Europe,Retail store,Furniture,REP-16,328.93,4,,1315.72,821.77,493.94,19.0,0.0,3.0
SO-250074,2025-02-14,North America,Online,Accessories,REP-04,25.49,3,,76.47,40.44,36.04,31.0,5.1,3.0
SO-250953,2025-02-15,North America,Retail store,Monitors,REP-14,239.23,1,4.8,227.84,194.69,33.16,52.0,0.0,4.0
SO-250773,2025-02-15,North America,Online,Accessories,REP-07,12.81,1,0.0,12.81,6.01,6.8,59.0,2.4,
SO-250705,2025-02-15,North America,Retail store,Monitors,,400.04,6,,2400.25,1774.07,626.18,16.0,0.0,
SO-250115,2025-02-16,LATAM,Retail store,Networking,REP-01,284.05,450,,568.09,398.18,169.91,31.0,0.0,3.0
SO-250137,2025-02-16,Europe,Online,Accessories,REP-02,52.69,1,1.3,52.0,26.9,25.1,42.0,4.3,4.0
SO-250415,2025-02-16,Europe,Online,Furniture,REP-15,246.93,3,21.2,583.89,460.69,123.2,,8.2,4.0
SO-250215,2025-02-16,APAC,Online,Furniture,REP-05,304.52,9,10.2,2460.82,1541.4,919.41,44.0,4.0,3.0
SO-250341,2025-02-17,North America,Online,Accessories,REP-08,40.76,1,,40.76,21.06,19.69,,3.5,3.0
SO-250311,2025-02-17,Europe,Online,Laptops,REP-14,848.54,4,2.8,3299.8,2980.42,319.38,60.0,1.9,
SO-250447,2025-02-18,Europe,Retail store,Furniture,REP-03,412.85,7,0.0,2889.92,1817.21,1072.71,25.0,0.0,4.0
SO-250290,2025-02-18,Europe,Online,Accessories,REP-11,53.59,1,14.8,45.68,28.18,17.5,52.0,3.6,4.0
SO-250638,2025-02-18,North America,Retail store,Furniture,REP-12,199.99,1,,199.99,126.91,73.09,,0.0,5.0
SO-250053,2025-02-19,APAC,Online,Accessories,REP-18,39.72,2,0.0,79.44,,,58.0,4.3,2.0
SO-250730,2025-02-19,North America,Distributor,Accessories,REP-10,48.27,11,9.6,480.07,289.73,190.33,27.0,3.7,3.0
SO-250557,2025-02-20,APAC,Retail store,Laptops,REP-13,1037.05,6,4.6,5937.68,,,44.0,0.0,4.0
SO-250155,2025-02-20,APAC,Retail store,Monitors,REP-08,283.0,2,,566.01,449.8,116.21,45.0,0.0,
SO-250479,2025-02-21,North America,Retail store,Furniture,REP-13,398.8,3,,1196.41,782.32,414.1,39.0,0.0,5.0
SO-250737,2025-02-22,APAC,Distributor,Accessories,REP-12,141.42,8,2.3,1104.81,556.82,547.99,43.0,5.5,
SO-250517,2025-02-22,APAC,Retail store,Networking,REP-08,91.77,5,12.0,404.01,294.21,109.81,10.0,0.0,4.0
SO-250008,2025-02-22,LATAM,Retail store,Laptops,REP-17,847.86,3,0.0,2543.59,2330.42,213.16,48.0,0.0,3.0
SO-250255,2025-02-23,North America,Online,Networking,REP-05,124.19,1,8.9,113.1,85.07,28.04,33.0,2.5,
SO-250172,2025-02-24,APAC,Distributor,Monitors,REP-10,381.47,12,3.4,4419.9,3484.59,-4100.0,51.0,,2.0
SO-250814,2025-02-24,APAC,Online,Software,REP-05,322.42,1,6.9,300.1,96.86,203.24,,6.0,4.0
SO-250594,2025-02-24,Europe,Online,Networking,REP-16,150.9,1,,150.9,93.85,57.05,47.0,12.4,
SO-250685,2025-02-24,Europe,Retail store,Accessories,REP-05,41.37,3,0.0,124.12,59.58,64.53,8.0,0.0,4.0
SO-250051,2025-02-24,Europe,Online,Accessories,REP-11,32.75,2,1.4,64.59,34.72,29.87,17.0,4.7,4.0
SO-250188,2025-02-24,Europe,Online,Networking,REP-10,103.9,4,0.0,415.59,284.24,131.35,,4.3,4.0
SO-250574,2025-02-24,LATAM,Online,Monitors,REP-08,480.48,2,,960.96,740.45,220.5,35.0,4.2,4.0
SO-250072,2025-02-25,Europe,Retail store,Accessories,REP-18,14.98,6,18.8,72.94,45.84,27.1,16.0,0.0,
SO-250288,2025-02-25,North America,Distributor,Furniture,REP-09,1104.23,24,16.0,22266.47,16367.88,5898.59,16.0,,4.0
SO-250774,2025-02-26,North America,Distributor,Monitors,REP-03,342.49,12,30.7,2847.14,3581.25,-734.11,26.0,0.8,4.0
SO-250246,2025-02-27,Europe,Distributor,Laptops,REP-04,1123.67,18,,20226.0,,,48.0,5.0,3.0
SO-250299,2025-02-27,North America,Online,Laptops,REP-16,1301.06,1,4.2,1246.55,1117.43,129.12,13.0,0.6,4.0
SO-250587,2025-02-27,Europe,Retail store,Furniture,REP-07,380.86,4,0.0,1523.44,917.41,606.03,20.0,0.0,5.0
SO-250588,2025-02-27,Europe,Online,Software,REP-01,157.51,1,,157.51,43.17,114.34,18.0,5.2,3.0
SO-250865,2025-02-27,North America,Distributor,Laptops,REP-14,1180.53,20,9.2,21430.29,22137.27,-706.98,8.0,5.1,
SO-250955,2025-02-28,North America,Retail store,Software,REP-02,144.25,4,8.1,530.27,158.59,371.68,54.0,0.0,4.0
SO-250250,2025-02-28,APAC,Online,Laptops,REP-13,1183.86,5,,5919.28,4725.34,1193.93,59.0,5.0,4.0
SO-250150,2025-03-01,North America,Online,Furniture,REP-17,414.22,5,,2071.12,1403.09,668.03,15.0,0.6,
SO-250500,2025-03-01,North America,Retail store,Networking,REP-17,54.12,2,11.4,95.91,75.75,20.16,16.0,0.0,
SO-250297,2025-03-01,North America,Online,Monitors,REP-17,272.85,1,,272.85,218.45,54.4,30.0,,3.0
SO-250715,2025-03-01,Europe,Online,Laptops,REP-03,2126.87,3,0.0,6380.62,5564.88,815.75,51.0,5.0,4.0
SO-250595,2025-03-02,North America,Retail store,Software,REP-10,121.74,4,0.0,486.96,146.26,340.7,42.0,0.0,
SO-250455,2025-03-02,North America,Online,Networking,REP-12,167.21,7,0.0,1170.45,870.05,300.4,,2.7,4.0
SO-250480,2025-03-02,LATAM,Online,Accessories,REP-10,18.06,3,,54.18,28.02,26.16,36.0,,
SO-250444,2025-03-02,Europe,Online,Accessories,REP-13,70.77,4,5.8,266.66,144.22,122.44,47.0,,2.0
SO-250797,2025-03-02,North America,Retail store,Accessories,REP-07,13.69,2,7.8,25.25,13.76,11.49,12.0,0.0,4.0
SO-250384,2025-03-02,North America,Online,Accessories,REP-14,27.82,2,,55.65,28.81,26.84,60.0,3.2,
SO-250111,2025-03-03,APAC,Online,Furniture,REP-10,706.9,3,0.0,2120.7,1306.64,814.06,29.0,8.2,4.0
SO-250873,2025-03-03,APAC,Retail store,Laptops,REP-18,1323.73,4,9.5,4792.66,4681.39,111.28,41.0,0.0,4.0
SO-250035,2025-03-04,North America,Online,Laptops,REP-06,1059.19,4,,4236.75,3634.48,602.27,52.0,2.2,4.0
SO-250018,2025-03-04,North America,Online,Accessories,REP-13,56.11,4,21.7,175.74,106.16,69.58,29.0,0.7,4.0
SO-250440,2025-03-04,LATAM,Online,Accessories,REP-13,31.26,1,,31.26,17.2,14.06,,6.9,4.0
SO-250054,2025-03-05,Europe,Online,Monitors,REP-13,402.79,4,,1611.15,1212.87,398.28,39.0,3.1,4.0
SO-250151,2025-03-05,North America,Retail store,Laptops,REP-01,986.98,6,,5921.9,5209.69,712.22,22.0,0.0,3.0
SO-250061,2025-03-06,North America,Online,Software,REP-12,113.84,3,,341.51,94.17,247.34,20.0,1.7,4.0
SO-250580,2025-03-06,APAC,Online,Accessories,REP-06,60.49,2,0.0,120.97,63.31,57.66,10.0,5.5,3.0
SO-250539,2025-03-06,APAC,Retail store,Monitors,REP-14,311.63,2,13.2,541.0,486.34,54.65,15.0,0.0,5.0
SO-250644,2025-03-06,North America,Online,Networking,REP-17,151.65,1,0.0,151.65,108.08,43.57,18.0,3.6,3.0
SO-250823,2025-03-07,North America,Retail store,Monitors,REP-11,402.09,2,,804.17,622.97,181.2,24.0,0.0,
SO-250252,2025-03-07,APAC,Online,Furniture,REP-06,718.15,1,,718.15,409.1,309.05,10.0,9.8,2.0
SO-250843,2025-03-07,LATAM,Online,Furniture,REP-17,546.96,2,19.4,881.79,641.39,240.4,43.0,6.0,3.0
SO-250881,2025-03-08,North America,Retail store,Software,REP-01,180.68,1,0.0,180.68,54.08,126.6,29.0,0.0,5.0
SO-250645,2025-03-08,North America,Online,Laptops,REP-11,1545.81,2,,3091.62,2714.04,377.58,21.0,2.5,
SO-250238,2025-03-08,LATAM,Online,Software,REP-18,339.19,1,,339.19,93.82,245.37,9.0,3.5,4.0
SO-250466,2025-03-08,Europe,Online,Accessories,REP-03,21.62,3,17.0,53.83,33.2,20.63,19.0,12.1,
SO-250347,2025-03-08,LATAM,Online,Networking,REP-02,372.78,2,,745.56,525.77,219.8,33.0,,3.0
SO-250034,2025-03-08,North America,Distributor,Accessories,REP-15,60.99,26,0.0,1585.74,794.3,791.44,60.0,1.0,4.0
SO-250191,2025-03-09,Europe,Online,Accessories,REP-08,38.98,1,1.1,38.54,19.18,19.36,52.0,7.7,4.0
SO-250569,2025-03-09,APAC,Online,Accessories,REP-11,21.15,4,1.9,83.02,44.78,38.24,29.0,8.1,3.0
SO-250954,2025-03-10,APAC,Online,Laptops,REP-03,1439.46,2,,2878.92,2552.31,326.6,21.0,8.5,
SO-250555,2025-03-10,North America,Online,Furniture,REP-06,596.38,6,8.4,3278.45,2127.48,1150.97,42.0,1.3,4.0
SO-250837,2025-03-11,APAC,Online,Furniture,,940.6,2,0.0,1881.21,1149.75,731.46,21.0,3.6,5.0
SO-250123,2025-03-11,Europe,Distributor,Accessories,REP-14,34.83,12,10.7,373.31,228.92,144.38,,3.9,
SO-250085,2025-03-11,Europe,Retail store,Monitors,REP-08,254.13,2,8.0,467.61,417.7,49.92,19.0,0.0,4.0
SO-250983,2025-03-12,North America,Online,Furniture,REP-06,645.51,4,,2582.03,1687.34,894.69,40.0,2.1,5.0
SO-250127,2025-03-12,LATAM,Distributor,Accessories,REP-10,90.0,17,8.4,1401.68,759.24,642.44,15.0,5.5,5.0
SO-250694,2025-03-12,North America,Online,Accessories,REP-09,53.15,1,7.9,48.96,27.45,21.5,25.0,6.0,3.0
SO-250271,2025-03-12,North America,Retail store,Accessories,REP-08,81.48,9,,733.28,379.79,353.49,20.0,0.0,4.0
SO-250483,2025-03-12,North America,Online,Monitors,REP-17,341.03,1,,341.03,277.56,63.47,18.0,3.8,4.0
SO-250283,2025-03-12,Europe,Retail store,Software,REP-07,175.94,2,0.0,351.87,100.27,251.6,17.0,0.0,3.0
SO-250427,2025-03-15,LATAM,Distributor,Software,REP-13,263.24,5,10.8,1174.68,365.83,808.84,57.0,3.7,4.0
SO-250474,2025-03-15,North America,Retail store,Accessories,REP-14,74.26,1,0.0,74.26,41.43,32.82,41.0,0.0,4.0
SO-250073,2025-03-16,Europe,Distributor,Monitors,REP-14,353.87,18,3.9,6120.34,5071.93,1048.41,52.0,4.2,4.0
SO-250972,2025-03-17,Europe,Distributor,Accessories,REP-18,31.56,7,13.2,191.78,111.51,80.28,43.0,,4.0
SO-250213,2025-03-17,APAC,Retail store,Furniture,,497.85,9,8.1,4118.25,2868.87,1249.38,52.0,0.0,4.0
SO-250226,2025-03-17,APAC,Retail store,Accessories,REP-12,32.19,2,,64.37,30.57,33.81,48.0,0.0,4.0
SO-250023,2025-03-18,LATAM,Retail store,Laptops,REP-15,671.94,9,,6047.42,5057.38,990.04,57.0,0.0,3.0
SO-250724,2025-03-18,North America,Online,Monitors,REP-11,255.6,1,0.0,255.6,197.72,57.88,52.0,4.4,4.0
SO-250093,2025-03-18,LATAM,Online,Networking,REP-04,103.55,10,8.5,947.14,612.86,334.28,47.0,4.2,4.0
SO-250669,2025-03-18,APAC,Retail store,Furniture,REP-10,354.18,3,0.0,1062.55,679.8,382.76,22.0,0.0,5.0
SO-250060,2025-03-19,North America,Online,Monitors,REP-14,274.46,3,,823.39,,,50.0,,
SO-250552,2025-03-19,Europe,Distributor,Accessories,REP-01,49.06,13,,637.75,323.02,314.72,48.0,,4.0
SO-250806,2025-03-19,APAC,Retail store,Networking,REP-05,99.11,1,5.1,94.06,64.64,29.42,10.0,0.0,5.0
SO-250507,2025-03-20,North America,Retail store,Monitors,REP-17,434.53,1,9.1,395.11,337.43,57.68,40.0,0.0,4.0
SO-250198,2025-03-20,North America,Online,Furniture,REP-15,743.56,8,3.6,5733.54,3772.08,1961.47,33.0,4.5,
SO-250477,2025-03-20,APAC,Retail store,Accessories,REP-15,72.11,1,6.5,67.41,35.51,31.89,51.0,0.0,3.0
SO-250454,2025-03-21,Europe,Online,Software,REP-02,248.0,3,0.0,743.99,212.43,531.56,36.0,2.8,
SO-250147,2025-03-21,APAC,Retail store,Furniture,REP-13,418.77,1,,418.77,282.32,136.45,9.0,0.0,4.0
SO-250959,2025-03-21,North America,Retail store,Software,REP-04,269.1,2,,538.2,154.01,384.19,,0.0,4.0
SO-250691,2025-03-22,APAC,Online,Furniture,REP-09,497.96,4,,1991.82,1317.8,674.02,37.0,3.8,
SO-250808,2025-03-22,North America,Retail store,Software,REP-05,212.48,2,,424.95,121.33,303.63,18.0,0.0,4.0
SO-250896,2025-03-22,Europe,Online,Accessories,REP-14,72.25,3,0.0,216.76,108.65,108.11,,4.9,4.0
SO-250544,2025-03-22,APAC,Online,Furniture,REP-14,233.65,4,8.7,853.42,596.39,257.03,21.0,5.0,3.0
SO-250804,2025-03-23,LATAM,Online,Software,REP-09,423.42,2,14.2,726.76,219.41,507.35,43.0,7.0,3.0
SO-250717,2025-03-23,North America,Online,Software,REP-12,311.13,1,,311.13,86.18,224.95,38.0,6.5,3.0
SO-250169,2025-03-23,North America,Online,Accessories,REP-12,48.75,1,1.0,48.27,24.99,23.27,13.0,,5.0
SO-250651,2025-03-24,North America,Online,Accessories,REP-15,7.02,120,0.0,842.4,18.81,16.29,40.0,3.4,4.0
SO-250623,2025-03-25,LATAM,Online,Software,REP-03,212.86,4,,851.46,224.62,626.83,56.0,13.0,3.0
SO-250456,2025-03-25,LATAM,Online,Accessories,REP-17,22.05,3,4.4,63.22,36.18,27.04,32.0,5.5,
SO-250859,2025-03-25,Europe,Online,Software,REP-09,143.57,2,17.8,236.16,76.68,159.48,,6.5,3.0
SO-250752,2025-03-25,APAC,Distributor,Accessories,REP-15,21.79,8,2.5,169.96,90.39,79.57,52.0,3.6,3.0
SO-250451,2025-03-25,APAC,Online,Accessories,REP-01,24.26,3,,72.77,37.45,35.32,16.0,4.4,4.0
SO-250370,2025-03-25,North America,Retail store,Accessories,REP-16,52.08,1,16.0,43.75,28.8,14.95,,0.0,4.0
SO-250561,2025-03-26,North America,Retail store,Software,REP-17,192.25,1,15.1,163.15,51.98,111.17,39.0,0.0,3.0
SO-250872,2025-03-26,North America,Online,Accessories,REP-08,65.22,3,13.0,170.16,98.05,72.11,20.0,6.6,4.0
SO-250560,2025-03-26,North America,Online,Software,REP-17,195.83,2,19.6,314.87,109.29,205.58,34.0,14.5,
SO-250978,2025-03-26,Europe,Online,Accessories,REP-10,30.16,4,,120.65,69.82,50.83,43.0,,4.0
SO-250457,2025-03-28,APAC,Online,Furniture,REP-09,551.51,2,10.3,989.1,709.36,279.74,28.0,5.0,3.0
SO-250498,2025-03-29,North America,Retail store,Furniture,REP-18,458.45,6,0.0,2750.72,1741.0,1009.72,40.0,0.0,5.0
SO-250366,2025-03-29,Europe,Online,Laptops,REP-09,1244.79,1,,1244.79,1063.32,181.47,40.0,3.4,4.0
SO-250020,2025-03-30,Europe,Online,Accessories,REP-07,29.21,2,0.0,58.43,29.44,28.98,24.0,5.1,5.0
SO-250262,2025-03-31,Europe,Online,Software,REP-14,219.5,2,18.3,358.66,129.38,229.28,55.0,3.8,4.0
SO-250711,2025-03-31,North America,Online,Monitors,REP-13,358.07,1,11.0,318.77,285.27,33.49,28.0,5.8,
SO-250818,2025-04-02,APAC,Online,Accessories,REP-10,61.16,8,0.0,489.26,279.28,209.97,37.0,6.8,3.0
SO-250740,2025-04-02,Europe,Retail store,Software,,479.04,1,0.0,479.04,131.29,347.75,36.0,0.0,
SO-250504,2025-04-02,North America,Retail store,Laptops,REP-18,972.75,1,0.0,972.75,811.46,161.29,16.0,0.0,5.0
SO-250826,2025-04-03,North America,Online,Accessories,REP-08,35.5,1,3.8,34.15,19.46,14.7,56.0,4.1,4.0
SO-250360,2025-04-03,North America,Online,Monitors,REP-15,311.61,1,31.2,214.44,250.27,-35.83,,5.2,4.0
SO-250082,2025-04-04,APAC,Retail store,Laptops,REP-18,1746.35,2,6.2,3276.45,2947.09,329.36,15.0,0.0,3.0
SO-250596,2025-04-04,Europe,Retail store,Software,REP-07,302.88,5,,1514.41,426.9,1087.51,32.0,0.0,4.0
SO-250565,2025-04-05,North America,Retail store,Monitors,REP-06,323.09,2,,646.19,542.31,103.87,48.0,0.0,3.0
SO-250919,2025-04-06,North America,Retail store,Laptops,REP-17,1324.01,3,10.5,3556.05,3429.72,126.33,,0.0,4.0
SO-250708,2025-04-06,APAC,Distributor,Networking,REP-05,86.11,11,7.4,877.44,646.03,231.4,44.0,3.4,4.0
SO-250918,2025-04-06,LATAM,Distributor,Software,REP-14,206.23,6,10.5,1107.86,346.37,761.49,,,4.0
SO-250019,2025-04-06,Europe,Online,Accessories,REP-04,20.45,6,3.3,118.67,70.45,48.23,56.0,4.7,
SO-250707,2025-04-07,North America,Online,Accessories,REP-12,14.06,6,1.0,83.49,42.03,41.46,49.0,5.5,4.0
SO-250007,2025-04-07,North America,Retail store,Laptops,REP-09,1062.65,3,0.0,3187.96,2563.3,624.66,31.0,0.0,4.0
SO-250805,2025-04-07,North America,Online,Furniture,REP-17,379.69,3,11.3,1010.53,697.74,312.79,43.0,4.3,5.0
SO-250443,2025-04-07,LATAM,Online,Monitors,REP-14,442.61,5,10.8,1974.78,1684.42,290.36,57.0,4.8,4.0
SO-250593,2025-04-07,Europe,Retail store,Accessories,REP-15,24.22,7,4.2,162.52,91.6,70.92,,0.0,4.0
SO-250453,2025-04-07,North America,Distributor,Furniture,REP-15,515.94,6,17.5,2554.45,1856.65,697.81,22.0,5.7,4.0
SO-250419,2025-04-08,Europe,Online,Accessories,REP-01,30.25,4,,121.01,65.06,55.95,35.0,12.0,3.0
SO-250400,2025-04-08,Europe,Distributor,Software,REP-12,113.72,10,6.3,1065.49,292.89,772.6,,,4.0
SO-250778,2025-04-09,North America,Retail store,Accessories,REP-11,113.45,1,11.4,100.51,57.77,42.74,18.0,0.0,4.0
SO-250029,2025-04-09,Europe,Online,Accessories,REP-09,20.52,3,,61.56,33.04,28.52,9.0,9.7,
SO-250470,2025-04-09,Europe,Retail store,Accessories,,19.68,4,3.1,76.25,39.58,36.68,,0.0,4.0
SO-250094,2025-04-09,Europe,Retail store,Software,REP-11,243.97,5,0.0,1219.86,341.74,878.11,51.0,0.0,5.0
SO-250083,2025-04-09,Europe,Retail store,Networking,REP-10,137.31,1,7.2,127.46,97.59,29.87,46.0,0.0,4.0
SO-250996,2025-04-10,Europe,Retail store,Laptops,REP-07,1505.01,2,9.4,2726.06,2640.65,85.41,,0.0,3.0
SO-250960,2025-04-10,North America,Distributor,Accessories,REP-17,44.14,23,7.4,940.1,551.86,388.24,58.0,4.6,2.0
SO-250300,2025-04-11,North America,Distributor,Furniture,REP-03,272.57,20,9.3,4944.49,3546.29,1398.2,16.0,4.9,5.0
SO-250888,2025-04-11,North America,Online,Accessories,REP-04,37.62,2,17.1,62.41,38.48,23.93,9.0,3.1,4.0
SO-250138,2025-04-11,Europe,Online,Monitors,REP-09,368.93,2,1.6,726.12,582.23,143.89,26.0,4.3,4.0
SO-250930,2025-04-11,LATAM,Retail store,Software,REP-03,229.76,5,7.3,1065.42,343.61,721.81,19.0,0.0,5.0
SO-250349,2025-04-13,APAC,Distributor,Software,REP-12,101.9,18,17.5,1512.8,532.25,980.55,55.0,,3.0
SO-250739,2025-04-13,Europe,Online,Furniture,REP-11,551.53,1,10.0,496.45,335.1,161.35,30.0,5.4,4.0
SO-250319,2025-04-13,North America,Online,Furniture,REP-02,754.63,6,15.1,3842.52,2850.92,991.6,,4.7,5.0
SO-250656,2025-04-14,Europe,Retail store,Furniture,REP-10,392.54,1,,392.54,245.41,147.13,34.0,0.0,4.0
SO-250964,2025-04-14,North America,Distributor,Software,REP-18,189.1,8,5.0,1437.46,441.73,995.73,17.0,,4.0
SO-250764,2025-04-14,North America,Online,Accessories,REP-02,19.25,2,,38.5,20.32,18.17,15.0,3.7,4.0
SO-250231,2025-04-14,North America,Online,Furniture,REP-03,692.66,1,,692.66,416.63,276.03,36.0,1.7,5.0
SO-250478,2025-04-15,APAC,Online,Accessories,,22.91,2,0.0,45.81,27.34,18.47,19.0,7.6,4.0
SO-250070,2025-04-15,APAC,Retail store,Furniture,REP-15,460.81,2,6.3,863.18,581.03,282.15,,0.0,4.0
SO-250152,2025-04-16,APAC,Retail store,Laptops,REP-14,1146.1,1,6.0,1077.3,1025.21,52.1,58.0,0.0,4.0
SO-250567,2025-04-16,North America,Online,Networking,REP-15,214.17,2,,428.34,316.66,111.69,37.0,1.8,4.0
SO-250676,2025-04-16,Europe,Online,Furniture,REP-16,768.74,1,7.1,714.24,459.63,254.6,19.0,5.6,4.0
SO-250232,2025-04-17,North America,Online,Accessories,REP-04,43.25,6,,259.49,140.05,119.44,48.0,,4.0
SO-250681,2025-04-18,Europe,Online,Monitors,REP-17,136.56,1,0.0,136.56,108.09,28.47,,7.1,3.0
SO-250550,2025-04-18,North America,Distributor,Accessories,REP-04,26.14,11,8.2,264.08,166.13,97.94,50.0,,4.0
SO-250913,2025-04-19,North America,Distributor,Networking,REP-15,158.24,7,8.9,1008.72,743.44,265.28,49.0,9.4,3.0
SO-250143,2025-04-19,North America,Distributor,Software,REP-12,159.14,13,,2068.82,575.27,1493.55,16.0,0.9,4.0
SO-250608,2025-04-20,Europe,Online,Laptops,REP-04,687.36,2,,1374.72,1181.4,193.32,30.0,4.0,3.0
SO-250735,2025-04-20,APAC,Online,Accessories,REP-10,55.29,1,,55.29,27.42,27.87,14.0,4.0,4.0
SO-250472,2025-04-20,APAC,Online,Furniture,REP-14,448.61,2,8.3,822.7,560.44,262.26,46.0,5.3,3.0
SO-250830,2025-04-20,Europe,Online,Furniture,REP-10,885.26,2,0.0,1770.53,1221.21,549.32,40.0,4.2,4.0
SO-250649,2025-04-20,North America,Online,Monitors,REP-12,416.13,5,,2080.65,1766.84,313.81,54.0,4.8,4.0
SO-250999,2025-04-20,North America,Retail store,Laptops,REP-12,2207.35,2,0.0,4414.7,3898.01,516.7,20.0,0.0,
SO-250067,2025-04-20,Europe,Online,Monitors,REP-06,202.03,6,,1212.2,943.22,268.98,26.0,4.2,3.0
SO-250170,2025-04-20,LATAM,Retail store,Laptops,REP-12,872.94,2,,1745.88,1495.51,250.37,43.0,0.0,4.0
SO-250857,2025-04-22,APAC,Distributor,Laptops,REP-11,1297.59,22,0.0,28547.06,24494.51,4052.55,15.0,,4.0
SO-250501,2025-04-22,North America,Distributor,Accessories,REP-04,57.01,17,1.0,959.43,,,11.0,,4.0
SO-250195,2025-04-22,North America,Retail store,Laptops,REP-04,676.44,2,0.0,1352.87,1175.94,176.94,22.0,0.0,4.0
SO-250600,2025-04-22,Europe,Online,Accessories,,45.09,12,,541.11,251.39,289.71,17.0,8.4,4.0
SO-250860,2025-04-23,North America,Online,Accessories,REP-17,25.32,1,,25.32,13.76,11.57,,2.7,5.0
SO-250116,2025-04-23,APAC,Online,Software,REP-04,53.7,1,1.8,52.72,14.71,38.0,,4.6,
SO-250005,2025-04-24,LATAM,Retail store,Laptops,REP-03,866.68,5,13.4,3751.52,3806.68,-55.16,47.0,0.0,3.0
SO-250827,2025-04-25,North America,Online,Furniture,REP-17,485.62,7,,3399.37,2096.56,1302.81,41.0,3.7,
SO-250489,2025-04-25,North America,Retail store,Networking,REP-02,247.29,1,5.6,233.48,168.71,64.78,44.0,0.0,4.0
SO-250221,2025-04-26,North America,Online,Furniture,REP-05,375.48,3,2.0,1103.5,683.0,420.5,32.0,0.8,5.0
SO-250614,2025-04-26,Europe,Distributor,Accessories,,37.0,16,1.9,580.52,296.12,284.4,51.0,,4.0
SO-250980,2025-04-28,Europe,Online,Laptops,REP-07,1082.89,2,0.0,2165.77,1836.26,329.51,36.0,2.6,5.0
SO-250516,2025-04-28,North America,Online,Accessories,REP-17,64.3,1,7.9,59.2,31.25,27.96,29.0,2.2,4.0
SO-250042,2025-04-29,North America,Retail store,Networking,REP-13,59.29,1,,59.29,,,22.0,0.0,4.0
SO-250040,2025-04-30,North America,Retail store,Laptops,REP-08,1185.22,2,1.0,2346.73,2004.93,341.8,28.0,0.0,4.0
SO-250367,2025-04-30,North America,Retail store,Furniture,REP-11,394.95,5,0.0,1974.73,1116.1,858.62,,0.0,3.0
SO-250994,2025-04-30,Europe,Distributor,Software,REP-04,309.66,16,11.4,4389.16,1354.1,3035.06,60.0,4.4,4.0
SO-250763,2025-05-01,North America,Online,Furniture,REP-12,390.88,1,0.0,390.88,,,24.0,2.9,3.0
SO-250345,2025-05-01,APAC,Retail store,Accessories,REP-10,62.77,2,12.2,110.22,68.76,41.46,30.0,0.0,
SO-250581,2025-05-03,Europe,Retail store,Furniture,REP-10,604.07,1,9.6,546.03,369.05,176.98,,0.0,
SO-250322,2025-05-03,North America,Online,Networking,REP-12,127.8,6,0.0,766.77,509.44,257.33,,4.0,4.0
SO-250178,2025-05-03,North America,Distributor,Laptops,REP-04,1362.46,15,7.2,18974.46,18813.58,160.88,22.0,,4.0
SO-250929,2025-05-03,North America,Online,Accessories,REP-06,92.76,2,,185.53,91.99,93.54,20.0,10.9,2.0
SO-250372,2025-05-03,North America,Distributor,Accessories,REP-05,29.79,22,0.0,655.42,329.48,325.94,25.0,6.0,
SO-250619,2025-05-04,APAC,Retail store,Software,REP-11,466.09,5,,2330.46,664.15,1666.31,25.0,0.0,5.0
SO-250785,2025-05-04,APAC,Online,Monitors,REP-08,576.37,5,5.6,2719.11,2418.72,300.39,32.0,5.3,3.0
SO-250383,2025-05-04,North America,Distributor,Accessories,REP-11,17.65,9,8.8,144.91,79.45,65.46,41.0,,2.0
SO-250753,2025-05-04,Europe,Retail store,Networking,REP-15,137.05,13,,1781.59,1187.03,594.57,21.0,0.0,4.0
SO-250744,2025-05-05,North America,Distributor,Accessories,,74.67,29,8.3,1986.46,1136.39,850.06,10.0,,3.0
SO-250405,2025-05-05,North America,Retail store,Laptops,REP-11,1239.47,3,0.0,3718.41,3332.4,386.01,16.0,0.0,5.0
SO-250361,2025-05-05,North America,Online,Furniture,REP-11,415.5,2,2.6,809.24,520.52,288.72,37.0,3.8,4.0
SO-250756,2025-05-05,LATAM,Retail store,Laptops,REP-07,1068.77,3,2.1,3138.93,2783.04,355.89,45.0,0.0,5.0
SO-250377,2025-05-05,North America,Online,Software,REP-11,100.45,2,12.0,176.73,54.87,121.86,57.0,2.4,
SO-250937,2025-05-05,LATAM,Online,Furniture,REP-02,288.35,5,,1441.74,882.26,559.49,11.0,8.7,3.0
SO-250245,2025-05-06,APAC,Online,Software,REP-16,129.5,1,,129.5,38.39,91.11,19.0,3.4,
SO-250471,2025-05-06,Europe,Online,Accessories,REP-13,93.53,1,13.7,80.68,47.25,33.44,51.0,7.2,3.0
SO-250012,2025-05-07,Europe,Retail store,Networking,REP-13,220.65,6,12.8,1153.85,825.72,328.13,17.0,0.0,4.0
SO-250576,2025-05-07,North America,Retail store,Networking,REP-01,121.06,2,,242.12,172.01,70.11,16.0,0.0,5.0
SO-250783,2025-05-07,Europe,Retail store,Networking,REP-12,92.51,1,,92.51,63.81,28.7,14.0,0.0,4.0
SO-250975,2025-05-08,North America,Retail store,Laptops,REP-16,1143.34,3,5.2,3250.37,2917.21,333.16,14.0,0.0,
SO-250879,2025-05-08,APAC,Online,Networking,REP-05,81.63,2,,163.26,105.93,57.34,57.0,8.4,
SO-250022,2025-05-08,LATAM,Online,Accessories,REP-15,35.05,5,,175.23,91.14,84.09,19.0,5.2,3.0
SO-250334,2025-05-08,Europe,Online,Laptops,REP-03,1118.66,2,,2237.31,1743.19,494.12,24.0,4.7,4.0
SO-250750,2025-05-09,Europe,Distributor,Software,REP-03,254.11,14,1.5,3505.45,940.88,2564.57,,2.4,4.0
SO-250902,2025-05-09,APAC,Online,Monitors,REP-14,199.16,1,15.0,169.35,153.81,15.54,30.0,4.1,3.0
SO-250636,2025-05-10,Europe,Distributor,Networking,REP-08,200.21,18,3.8,3467.16,2417.43,1049.73,33.0,,3.0
SO-250037,2025-05-10,North America,Online,Accessories,REP-08,27.4,7,20.3,152.81,91.36,61.44,11.0,0.3,4.0
SO-250337,2025-05-10,North America,Retail store,Laptops,REP-11,978.25,6,,5869.5,,,45.0,0.0,4.0
SO-250698,2025-05-10,Europe,Online,Accessories,REP-14,16.97,1,,16.97,7.55,9.42,44.0,,3.0
SO-250668,2025-05-10,Europe,Online,Networking,REP-01,72.52,3,0.0,217.55,134.94,82.61,,9.6,4.0
SO-250280,2025-05-10,Europe,Retail store,Accessories,REP-03,65.82,1,3.0,63.84,32.62,31.22,43.0,0.0,4.0
SO-250754,2025-05-11,APAC,Distributor,Laptops,REP-17,767.86,11,18.0,6924.7,7270.97,-346.28,30.0,6.1,3.0
SO-250496,2025-05-11,Europe,Retail store,Software,REP-12,189.93,1,1.0,188.03,56.28,131.75,29.0,0.0,3.0
SO-250701,2025-05-11,North America,Retail store,Laptops,REP-05,1401.87,2,12.4,2456.44,2308.41,148.02,49.0,0.0,4.0
SO-250890,2025-05-12,APAC,Retail store,Software,REP-07,76.55,2,11.5,135.45,41.48,93.97,53.0,0.0,
SO-250402,2025-05-12,North America,Online,Accessories,REP-04,103.01,1,5.7,97.1,52.99,44.12,,5.2,3.0
SO-250132,2025-05-12,North America,Distributor,Laptops,REP-17,1653.25,9,13.8,12828.52,11544.22,1284.31,25.0,1.4,4.0
SO-250362,2025-05-13,LATAM,Online,Networking,REP-05,107.52,5,11.6,475.14,354.88,120.27,43.0,,3.0
SO-250766,2025-05-13,Europe,Online,Furniture,REP-16,0.01,3,11.0,1712.96,1314.73,398.22,26.0,3.4,5.0
SO-250543,2025-05-13,Europe,Retail store,Networking,REP-05,57.52,8,15.2,390.36,316.0,74.36,11.0,0.0,
SO-250276,2025-05-14,Europe,Online,Laptops,REP-12,1258.3,2,0.0,2516.6,2016.14,500.47,58.0,3.4,3.0
SO-250101,2025-05-14,Europe,Online,Furniture,REP-13,269.77,8,2.7,2098.96,1338.87,760.09,54.0,3.1,4.0
SO-250765,2025-05-14,APAC,Online,Software,REP-13,559.1,2,,1118.21,341.93,776.28,42.0,6.6,3.0
SO-250802,2025-05-14,North America,Online,Accessories,REP-17,38.77,4,,155.07,79.61,75.46,12.0,1.2,4.0
SO-250738,2025-05-14,APAC,Online,Software,REP-12,200.23,2,,400.45,112.94,287.52,33.0,7.1,3.0
SO-250338,2025-05-15,North America,Online,Networking,REP-06,74.85,4,,299.4,204.15,95.25,34.0,5.1,3.0
SO-250223,2025-05-15,North America,Retail store,Monitors,REP-04,582.83,5,10.6,2606.58,2189.56,417.02,56.0,0.0,4.0
SO-250755,2025-05-15,North America,Retail store,Accessories,REP-01,25.64,2,,51.28,26.19,25.09,53.0,0.0,3.0
SO-250796,2025-05-16,Europe,Online,Accessories,REP-03,71.04,5,10.8,316.83,165.26,151.57,48.0,5.5,5.0
SO-250490,2025-05-16,APAC,Online,Furniture,REP-11,560.16,2,4.6,1068.27,669.69,398.57,55.0,5.4,4.0
SO-250140,2025-05-16,Europe,Distributor,Accessories,REP-14,35.52,16,30.8,393.07,300.32,92.76,25.0,8.5,
SO-250928,2025-05-16,Europe,Distributor,Networking,REP-14,129.37,13,11.8,1483.85,1095.18,388.67,,7.5,
SO-250047,2025-05-17,North America,Retail store,Monitors,REP-07,346.79,2,,693.58,575.63,117.95,12.0,0.0,
SO-250825,2025-05-18,APAC,Online,Monitors,REP-06,467.93,2,,935.86,799.64,136.21,38.0,6.2,3.0
SO-250293,2025-05-18,North America,Retail store,Networking,REP-10,74.08,3,3.4,214.68,161.23,53.46,35.0,0.0,
SO-250346,2025-05-19,Europe,Online,Software,REP-07,258.9,2,0.0,517.8,147.39,370.41,56.0,2.9,4.0
SO-250063,2025-05-19,Europe,Online,Monitors,REP-10,355.66,4,0.0,1422.63,1098.72,323.92,38.0,4.8,4.0
SO-250967,2025-05-19,Europe,Online,Monitors,REP-05,280.2,3,4.6,801.84,682.07,119.77,31.0,3.4,4.0
SO-250819,2025-05-20,Europe,Retail store,Accessories,REP-13,76.47,2,4.2,146.53,79.88,66.65,56.0,0.0,
SO-250884,2025-05-20,LATAM,Retail store,Accessories,REP-10,37.72,2,9.5,68.28,36.42,31.86,15.0,0.0,
SO-250841,2025-05-20,North America,Online,Laptops,REP-05,1681.93,2,,3363.86,2587.49,776.37,37.0,,4.0
SO-250726,2025-05-20,Europe,Online,Software,REP-18,131.52,2,0.0,263.04,67.84,195.2,17.0,6.4,5.0
SO-250435,2025-05-21,APAC,Retail store,Furniture,REP-03,926.99,2,,1853.98,1039.12,814.86,37.0,0.0,5.0
SO-250921,2025-05-22,North America,Distributor,Networking,REP-17,273.61,9,8.7,2248.12,,,37.0,2.4,
SO-250607,2025-05-22,Europe,Retail store,Software,REP-07,152.68,2,,305.35,82.38,222.97,,0.0,5.0
SO-250650,2025-05-22,North America,Retail store,Furniture,,360.26,2,,720.51,470.36,250.15,40.0,0.0,5.0
SO-250836,2025-05-22,North America,Online,Software,REP-11,164.17,2,,328.34,88.79,239.55,47.0,2.1,4.0
SO-250540,2025-05-23,Europe,Online,Accessories,REP-17,59.99,2,3.2,116.12,64.97,51.15,56.0,3.3,5.0
SO-250976,2025-05-23,North America,Online,Monitors,REP-18,352.44,4,11.7,1244.17,1153.28,90.89,30.0,2.6,5.0
SO-250032,2025-05-23,Europe,Online,Monitors,REP-10,307.37,3,0.0,922.11,689.25,232.86,21.0,,
SO-250363,2025-05-23,North America,Distributor,Furniture,REP-14,537.97,14,,7531.54,4920.96,2610.58,,,4.0
SO-250514,2025-05-25,North America,Distributor,Monitors,REP-15,481.77,11,15.8,4462.95,4092.86,370.09,25.0,,3.0
SO-250745,2025-05-25,APAC,Retail store,Furniture,REP-05,509.35,4,0.0,2037.42,1291.26,746.16,40.0,0.0,
SO-250464,2025-05-25,Europe,Retail store,Software,REP-06,256.97,1,10.3,230.6,66.42,164.18,28.0,0.0,5.0
SO-250242,2025-05-25,LATAM,Online,Accessories,REP-04,44.87,1,10.9,39.98,22.18,17.8,60.0,5.8,2.0
SO-250653,2025-05-25,North America,Distributor,Furniture,REP-04,442.72,15,12.3,5826.15,3947.54,1878.61,47.0,,3.0
SO-250378,2025-05-25,North America,Online,Accessories,REP-10,41.68,1,,41.68,21.09,20.59,46.0,5.5,4.0
SO-250840,2025-05-26,North America,Distributor,Furniture,REP-06,309.26,10,20.4,2460.41,2034.98,425.43,28.0,3.2,3.0
SO-250655,2025-05-26,North America,Retail store,Accessories,REP-16,16.58,3,,49.74,25.42,24.32,52.0,0.0,
SO-250090,2025-05-26,Europe,Online,Laptops,REP-13,650.74,3,0.0,1952.23,1572.4,379.83,58.0,5.8,3.0
SO-250548,2025-05-26,APAC,Online,Accessories,REP-09,123.65,4,,494.6,252.15,242.45,46.0,9.8,3.0
SO-250813,2025-05-27,Europe,Online,Software,REP-13,72.79,5,8.3,333.68,101.74,231.94,38.0,4.4,4.0
SO-250125,2025-05-27,Europe,Online,Accessories,REP-07,14.07,1,,14.07,6.84,7.22,47.0,4.8,
SO-250105,2025-05-27,North America,Retail store,Laptops,REP-09,1591.33,3,0.0,4774.0,3922.59,851.41,25.0,0.0,
SO-250519,2025-05-27,Europe,Online,Laptops,REP-08,663.16,3,7.9,1833.28,1908.09,-74.81,56.0,3.5,4.0
SO-250512,2025-05-27,North America,Retail store,Monitors,REP-12,407.05,1,6.9,379.04,325.69,53.35,50.0,0.0,4.0
SO-250006,2025-05-29,APAC,Distributor,Monitors,REP-01,687.27,9,26.3,4556.02,4596.24,-40.22,42.0,,3.0
SO-250265,2025-05-29,North America,Online,Laptops,REP-06,1350.71,1,,1350.71,1107.83,242.87,55.0,1.7,
SO-250411,2025-05-30,APAC,Retail store,Accessories,REP-14,58.64,2,6.0,110.26,61.24,49.02,54.0,0.0,2.0
SO-250398,2025-05-30,North America,Retail store,Laptops,REP-13,841.84,1,15.4,711.87,738.31,-26.44,57.0,0.0,4.0
SO-250878,2025-05-30,North America,Online,Networking,REP-13,111.39,5,14.2,478.08,371.93,106.16,24.0,1.6,4.0
SO-250591,2025-05-31,Europe,Retail store,Accessories,REP-02,33.46,5,9.9,150.78,82.65,68.12,17.0,0.0,
SO-250272,2025-05-31,APAC,Online,Networking,REP-16,186.24,3,4.3,534.86,384.62,150.25,,5.4,4.0
SO-250931,2025-06-01,Europe,Online,Accessories,REP-06,21.3,2,5.4,40.31,22.42,17.88,10.0,2.6,
SO-250845,2025-06-02,Europe,Retail store,Laptops,REP-05,1147.66,6,6.4,6443.03,6342.52,100.51,20.0,0.0,
SO-250342,2025-06-03,North America,Distributor,Networking,REP-02,85.52,12,,1026.19,,,36.0,3.5,3.0
SO-250326,2025-06-03,LATAM,Online,Software,REP-13,247.98,1,3.2,240.13,70.01,170.12,59.0,5.3,5.0
SO-250460,2025-06-03,APAC,Retail store,Accessories,REP-04,22.23,4,,88.92,45.84,43.08,13.0,0.0,
SO-250696,2025-06-03,Europe,Retail store,Laptops,REP-17,1218.74,1,4.4,1165.71,1071.26,94.45,8.0,0.0,4.0
SO-250791,2025-06-03,North America,Distributor,Networking,REP-16,290.14,10,27.8,2093.37,1930.59,162.78,34.0,6.3,3.0
SO-250321,2025-06-04,North America,Online,Accessories,REP-02,16.96,2,,33.93,16.76,17.16,,7.1,3.0
SO-250257,2025-06-04,Europe,Distributor,Accessories,REP-01,11.8,10,3.1,114.42,66.19,48.23,,,4.0
SO-250529,2025-06-06,APAC,Retail store,Furniture,REP-04,267.9,2,,535.8,339.4,196.39,44.0,0.0,
SO-250948,2025-06-07,Europe,Online,Monitors,REP-14,201.25,2,0.0,402.51,309.8,92.71,28.0,8.9,3.0
SO-250833,2025-06-07,APAC,Online,Accessories,REP-01,41.6,12,0.0,499.2,,,22.0,3.4,3.0
SO-250686,2025-06-07,North America,Retail store,Software,REP-16,269.96,2,,539.91,145.65,394.26,35.0,0.0,5.0
SO-250984,2025-06-07,Europe,Retail store,Software,REP-02,425.54,1,,425.54,116.49,309.05,8.0,0.0,3.0
SO-250856,2025-06-09,APAC,Retail store,Accessories,REP-12,42.16,9,6.9,353.17,177.55,175.62,40.0,0.0,4.0
SO-250682,2025-06-09,Europe,Retail store,Accessories,REP-07,45.08,1,,45.08,23.48,21.59,,0.0,4.0
SO-250230,2025-06-10,North America,Online,Accessories,REP-08,78.12,3,14.5,200.42,120.51,79.91,36.0,3.8,
SO-250139,2025-06-10,North America,Retail store,Furniture,REP-08,493.49,6,,2960.97,1837.51,1123.46,16.0,0.0,5.0
SO-250468,2025-06-10,LATAM,Online,Monitors,REP-18,338.18,2,,676.37,579.12,97.24,24.0,3.3,4.0
SO-250503,2025-06-10,APAC,Retail store,Software,REP-02,186.99,3,,560.96,152.13,408.83,29.0,0.0,4.0
SO-250108,2025-06-10,APAC,Distributor,Accessories,REP-03,40.29,13,,523.71,283.38,240.33,56.0,,3.0
SO-250332,2025-06-10,Europe,Distributor,Accessories,REP-03,51.5,9,2.7,451.02,221.24,229.78,34.0,3.2,4.0
SO-250815,2025-06-11,Europe,Online,Furniture,REP-04,766.4,3,0.0,2299.19,1339.81,959.38,46.0,8.7,4.0
SO-250013,2025-06-12,LATAM,Online,Accessories,REP-13,50.39,2,0.0,100.79,54.03,46.75,56.0,8.7,4.0
SO-250273,2025-06-12,North America,Distributor,Accessories,REP-07,100.56,8,15.3,681.59,464.11,217.48,19.0,6.1,3.0
SO-250184,2025-06-12,Europe,Retail store,Furniture,REP-08,544.09,4,,2176.37,1337.17,839.2,,0.0,2.0
SO-250727,2025-06-13,LATAM,Retail store,Software,REP-01,88.21,2,1.0,174.66,50.32,124.35,46.0,0.0,4.0
SO-250390,2025-06-13,Europe,Online,Software,REP-01,218.05,1,0.0,218.05,67.32,150.73,56.0,6.1,
SO-250164,2025-06-13,North America,Distributor,Furniture,REP-01,270.44,20,8.1,4968.27,3504.76,1463.51,49.0,0.7,3.0
SO-250524,2025-06-13,North America,Online,Monitors,REP-11,316.54,2,9.2,575.11,496.04,79.07,39.0,6.2,4.0
SO-250048,2025-06-14,North America,Online,Laptops,REP-11,1083.12,1,8.9,986.69,914.7,71.99,,3.7,4.0
SO-250562,2025-06-14,Europe,Online,Networking,REP-17,96.75,3,,290.26,178.29,111.97,,5.1,
SO-250158,2025-06-15,APAC,Distributor,Accessories,REP-08,45.93,11,6.5,472.62,268.22,204.4,28.0,,4.0
SO-250160,2025-06-15,APAC,Online,Monitors,REP-17,169.91,5,,849.53,696.95,152.58,34.0,3.7,4.0
SO-250719,2025-06-16,APAC,Online,Laptops,REP-10,1559.92,1,11.7,1377.23,1211.49,165.74,20.0,2.9,5.0
SO-250080,2025-06-16,North America,Retail store,Software,REP-11,431.24,2,0.0,862.48,217.23,645.25,8.0,0.0,
SO-250410,2025-06-16,Europe,Retail store,Software,REP-13,255.18,7,5.4,1688.94,475.21,1213.73,39.0,0.0,4.0
SO-250537,2025-06-16,LATAM,Distributor,Monitors,REP-05,334.93,12,12.8,3505.95,3183.33,322.61,50.0,4.9,4.0
SO-250197,2025-06-16,APAC,Online,Accessories,REP-10,84.14,7,8.7,537.89,305.44,232.45,33.0,7.4,3.0
SO-250274,2025-06-17,North America,Retail store,Laptops,REP-08,1369.58,2,10.4,2453.81,2456.33,-2.52,48.0,0.0,4.0
SO-250409,2025-06-17,North America,Online,Laptops,REP-16,1366.46,2,,2732.92,2320.65,412.28,33.0,3.9,3.0
SO-250064,2025-06-18,APAC,Online,Networking,REP-17,207.24,2,5.1,393.29,271.33,121.95,29.0,3.8,2.0
SO-250282,2025-06-18,North America,Retail store,Monitors,REP-14,549.83,2,9.0,1000.46,884.99,115.46,59.0,0.0,4.0
SO-250848,2025-06-19,Europe,Retail store,Monitors,REP-17,276.35,2,0.0,552.69,406.45,146.25,46.0,0.0,
SO-250935,2025-06-19,APAC,Retail store,Software,REP-14,478.64,1,,478.64,131.03,347.61,8.0,0.0,4.0
SO-250768,2025-06-20,North America,Retail store,Networking,REP-14,155.5,5,0.0,777.48,510.2,267.29,,0.0,3.0
SO-250835,2025-06-20,Europe,Online,Software,REP-14,231.9,2,8.6,423.9,125.84,298.07,27.0,3.1,5.0
SO-250706,2025-06-20,North America,Online,Accessories,REP-17,48.11,1,,48.11,24.76,23.35,60.0,2.5,3.0
SO-250684,2025-06-20,APAC,Retail store,Networking,REP-10,99.91,2,14.3,171.17,128.2,42.97,14.0,0.0,4.0
SO-250903,2025-06-21,Europe,Online,Networking,REP-02,142.01,3,,426.04,289.89,136.14,50.0,12.1,4.0
SO-250787,2025-06-21,LATAM,Online,Laptops,REP-17,1457.2,1,10.2,1307.97,1140.86,167.11,11.0,7.3,5.0
SO-250294,2025-06-23,Europe,Online,Accessories,REP-17,63.76,1,7.6,58.94,28.87,30.07,23.0,9.9,3.0
SO-250757,2025-06-23,North America,Online,Monitors,REP-11,281.96,1,28.8,200.7,196.76,3.94,,3.2,5.0
SO-250924,2025-06-23,APAC,Distributor,Laptops,REP-13,1101.04,14,3.6,14861.0,12786.0,2075.0,48.0,6.2,4.0
SO-250654,2025-06-24,North America,Online,Accessories,REP-15,20.1,2,10.7,35.9,20.53,15.37,21.0,0.5,3.0
SO-250709,2025-06-24,North America,Distributor,Software,REP-13,140.29,7,0.0,982.03,269.66,712.37,27.0,1.6,4.0
SO-250585,2025-06-24,North America,Online,Laptops,REP-08,1984.26,3,10.5,5330.31,4872.53,457.79,36.0,1.9,4.0
SO-250867,2025-06-24,North America,Retail store,Software,REP-10,176.21,5,0.0,881.05,255.89,625.16,12.0,0.0,
SO-250475,2025-06-24,APAC,Distributor,Furniture,REP-12,973.89,14,7.8,12564.43,7873.72,4690.71,28.0,7.0,4.0
SO-250024,2025-06-25,Europe,Retail store,Laptops,REP-14,860.26,7,,6021.83,4601.94,1419.89,60.0,0.0,5.0
SO-250285,2025-06-25,Europe,Retail store,Laptops,REP-10,1310.03,1,,1310.03,1093.01,217.01,28.0,0.0,4.0
SO-250183,2025-06-25,Europe,Online,Furniture,REP-13,378.04,2,11.5,668.88,455.37,213.52,55.0,3.9,5.0
SO-250731,2025-06-25,North America,Online,Accessories,REP-09,103.24,4,5.0,392.3,209.13,183.16,59.0,3.4,5.0
SO-250759,2025-06-26,LATAM,Retail store,Networking,REP-08,100.45,1,8.3,92.14,72.25,19.88,,0.0,5.0
SO-250003,2025-06-26,APAC,Online,Laptops,REP-01,988.1,1,0.0,988.1,840.82,147.28,31.0,8.3,
SO-250379,2025-06-27,Europe,Online,Software,REP-13,212.72,4,0.0,850.89,230.79,620.1,28.0,4.1,
SO-250603,2025-06-27,North America,Online,Accessories,REP-13,34.96,1,,34.96,17.89,17.07,26.0,2.2,
SO-250635,2025-06-27,North America,Online,Monitors,REP-16,503.98,5,,2519.9,2181.79,338.11,53.0,,3.0
SO-250558,2025-06-27,LATAM,Online,Accessories,REP-17,50.0,3,1.6,147.6,77.65,69.95,56.0,3.4,
SO-250174,2025-06-28,North America,Online,Software,REP-14,216.27,1,0.0,216.27,49.71,166.56,30.0,2.9,
SO-250671,2025-06-28,North America,Retail store,Furniture,REP-16,424.74,2,,849.48,518.86,330.61,23.0,0.0,
SO-250241,2025-06-28,Europe,Retail store,Laptops,REP-10,1117.38,5,,5586.91,4860.72,726.2,57.0,0.0,4.0
SO-250222,2025-06-29,APAC,Online,Furniture,REP-04,1030.21,2,6.8,1920.73,1210.03,710.7,36.0,5.2,4.0
SO-250124,2025-06-29,APAC,Online,Accessories,REP-02,116.43,2,,232.86,130.12,102.74,28.0,2.6,
SO-250256,2025-06-29,North America,Distributor,Software,REP-09,138.98,12,16.7,1389.97,471.28,918.69,46.0,,
SO-250528,2025-06-29,North America,Online,Accessories,REP-12,28.63,1,0.0,28.63,16.01,12.62,12.0,5.3,3.0
SO-250306,2025-06-30,Europe,Online,Monitors,REP-12,390.02,2,0.0,780.03,596.96,183.07,25.0,7.9,3.0
SO-250304,2025-06-30,North America,Online,Laptops,REP-15,862.35,1,28.0,620.48,732.99,-112.51,45.0,9.8,4.0
SO-250997,2025-06-30,APAC,Online,Accessories,REP-02,53.34,4,8.6,195.09,108.3,86.79,12.0,6.9,3.0
SO-250021,2025-06-30,North America,Online,Software,REP-15,205.25,2,,410.51,117.7,292.81,46.0,2.7,
SO-250605,2025-07-01,Europe,Online,Accessories,REP-05,19.35,9,7.1,161.72,91.18,70.54,16.0,8.0,4.0
SO-250292,2025-07-01,LATAM,Distributor,Accessories,REP-14,22.75,6,15.1,115.91,70.27,45.64,45.0,5.8,
SO-250001,2025-07-01,North America,Online,Software,REP-03,56.75,1,4.5,54.19,16.9,37.29,,7.2,4.0
SO-250546,2025-07-01,North America,Online,Software,REP-03,354.47,1,8.3,325.15,90.76,234.39,,5.3,3.0
SO-250278,2025-07-01,North America,Online,Software,REP-09,153.18,3,21.5,360.65,126.59,234.06,16.0,1.1,4.0
SO-250625,2025-07-02,North America,Retail store,Laptops,REP-13,1183.61,1,7.5,1095.06,1034.89,60.18,14.0,0.0,4.0
SO-250316,2025-07-02,Europe,Retail store,Laptops,REP-04,1554.25,2,,3108.5,2765.23,343.27,25.0,0.0,3.0
SO-250858,2025-07-02,APAC,Online,Software,REP-04,119.24,1,0.0,119.24,36.55,82.69,,,3.0
SO-250462,2025-07-02,Europe,Retail store,Accessories,REP-09,87.19,4,,348.76,,,13.0,0.0,5.0
SO-250118,2025-07-02,APAC,Online,Laptops,REP-06,727.16,2,1.3,1435.07,1386.67,48.4,21.0,3.5,
SO-250916,2025-07-03,APAC,Distributor,Networking,REP-09,70.31,17,9.4,1083.17,820.91,262.26,13.0,2.4,3.0
SO-250344,2025-07-03,Europe,Online,Accessories,REP-05,21.37,2,17.9,35.09,22.44,12.65,,4.1,3.0
SO-250553,2025-07-04,Europe,Online,Monitors,REP-18,268.58,1,,268.58,208.65,59.93,35.0,9.0,3.0
SO-250657,2025-07-04,Europe,Online,Monitors,REP-05,309.16,3,19.6,745.68,796.9,-51.22,42.0,5.4,5.0
SO-250234,2025-07-04,APAC,Online,Furniture,REP-13,678.6,4,,2714.41,1523.54,1190.88,14.0,4.5,4.0
SO-250052,2025-07-04,APAC,Online,Laptops,REP-12,1079.42,2,8.8,1968.87,1778.51,190.36,57.0,9.6,
SO-250538,2025-07-05,North America,Online,Monitors,REP-04,208.97,7,,1462.8,1206.25,256.56,13.0,0.1,4.0
SO-250680,2025-07-05,North America,Retail store,Accessories,REP-12,68.67,1,,68.67,37.11,31.56,47.0,0.0,
SO-250358,2025-07-05,Europe,Online,Accessories,REP-08,27.61,1,,27.61,14.57,13.03,12.0,14.7,3.0
SO-250217,2025-07-06,North America,Retail store,Monitors,REP-12,224.66,8,,1797.25,1276.74,520.51,36.0,0.0,5.0
SO-250637,2025-07-06,Europe,Distributor,Networking,REP-16,97.96,10,3.8,942.44,670.44,272.0,52.0,6.3,4.0
SO-250128,2025-07-06,Europe,Online,Software,REP-16,204.87,1,3.8,197.01,58.75,138.26,34.0,6.3,
SO-250036,2025-07-06,North America,Online,Laptops,REP-11,1683.75,1,10.6,1505.85,1412.25,93.6,35.0,4.8,4.0
SO-250697,2025-07-06,North America,Online,Accessories,REP-01,108.15,10,,1081.47,557.96,523.52,,2.4,4.0
SO-250846,2025-07-07,North America,Online,Accessories,REP-02,32.17,1,0.0,32.17,16.58,15.59,,5.8,
SO-250876,2025-07-07,North America,Retail store,Furniture,REP-18,298.15,1,,298.15,179.27,118.88,51.0,0.0,5.0
SO-250399,2025-07-07,Europe,Retail store,Furniture,REP-14,675.09,1,0.0,675.09,430.37,244.72,54.0,0.0,4.0
SO-250467,2025-07-08,APAC,Retail store,Software,REP-10,164.68,4,,658.7,,,42.0,0.0,4.0
SO-250736,2025-07-09,Europe,Retail store,Accessories,REP-15,34.42,2,0.0,68.84,35.96,32.88,58.0,0.0,5.0
SO-250201,2025-07-09,North America,Online,Accessories,REP-15,12.78,3,6.8,35.73,18.86,16.87,46.0,4.5,
SO-250016,2025-07-10,North America,Retail store,Accessories,REP-11,49.66,1,,49.66,25.14,24.52,28.0,0.0,4.0
SO-250045,2025-07-10,North America,Online,Accessories,REP-16,24.69,1,1.0,24.45,12.95,11.5,38.0,2.3,
SO-250180,2025-07-10,APAC,Online,Software,REP-17,451.57,1,,451.57,120.72,330.85,,6.9,
SO-250097,2025-07-11,North America,Online,Laptops,REP-17,907.43,3,,2722.29,2109.07,613.22,43.0,,
SO-250253,2025-07-11,Europe,Online,Furniture,REP-10,443.28,1,,443.28,266.34,176.95,19.0,5.2,
SO-250434,2025-07-11,Europe,Retail store,Accessories,REP-08,46.43,2,,92.86,50.03,42.83,10.0,0.0,2.0
SO-250536,2025-07-11,North America,Distributor,Software,REP-10,130.67,12,5.5,1481.33,466.27,1015.06,26.0,1.7,4.0
SO-250243,2025-07-12,Europe,Retail store,Accessories,,45.45,1,,45.45,22.17,23.28,26.0,0.0,5.0
SO-250652,2025-07-12,Europe,Distributor,Accessories,REP-07,33.36,19,24.8,476.33,295.42,180.91,11.0,,3.0
SO-250590,2025-07-12,North America,Retail store,Laptops,REP-04,1085.4,3,7.8,3003.01,2933.96,69.04,51.0,0.0,5.0
SO-250522,2025-07-13,APAC,Retail store,Furniture,REP-06,405.1,4,,1620.41,1097.73,522.68,53.0,0.0,3.0
SO-250235,2025-07-14,North America,Online,Networking,REP-08,158.41,2,5.5,299.38,209.93,89.46,57.0,0.7,3.0
SO-250219,2025-07-14,Europe,Retail store,Accessories,REP-04,51.27,2,,102.53,51.15,51.38,24.0,0.0,3.0
SO-250459,2025-07-14,Europe,Retail store,Laptops,REP-13,1490.5,7,8.8,9517.1,8996.48,520.61,36.0,0.0,4.0
SO-250542,2025-07-14,North America,Retail store,Accessories,REP-15,48.5,2,0.0,97.0,,,8.0,0.0,5.0
SO-250901,2025-07-15,Europe,Retail store,Accessories,REP-17,47.38,4,13.6,163.83,97.82,66.01,50.0,0.0,4.0
SO-250829,2025-07-16,APAC,Online,Monitors,REP-01,427.94,1,10.7,382.21,356.19,26.02,19.0,2.8,
SO-250388,2025-07-16,Europe,Online,Furniture,,594.41,1,13.0,517.08,342.52,174.57,34.0,3.6,
SO-250601,2025-07-17,APAC,Online,Monitors,REP-16,245.19,2,10.9,436.91,412.43,24.47,,7.3,4.0
SO-250629,2025-07-17,North America,Online,Monitors,REP-06,392.73,2,10.5,702.7,653.97,48.73,41.0,2.3,4.0
SO-250952,2025-07-17,North America,Retail store,Software,REP-02,107.96,4,12.4,378.18,118.39,259.79,39.0,0.0,5.0
SO-250660,2025-07-17,Europe,Distributor,Accessories,REP-14,14.49,7,,101.4,50.54,50.86,49.0,,5.0
SO-250225,2025-07-18,North America,Online,Accessories,REP-02,72.53,1,9.6,65.55,39.73,25.83,,3.2,
SO-250284,2025-07-18,North America,Retail store,Monitors,REP-08,367.57,1,0.0,367.57,290.88,76.69,11.0,0.0,5.0
SO-250099,2025-07-19,North America,Distributor,Furniture,REP-17,871.87,14,5.2,11568.05,7329.98,4238.07,32.0,2.9,
SO-250988,2025-07-19,Europe,Retail store,Accessories,REP-06,13.35,4,,53.39,27.57,25.82,,0.0,4.0
SO-250816,2025-07-20,North America,Online,Laptops,REP-15,1311.7,2,,2623.41,,,55.0,2.2,4.0
SO-250944,2025-07-20,North America,Online,Monitors,REP-14,547.38,1,0.0,547.38,457.81,89.58,45.0,3.1,4.0
SO-250505,2025-07-20,North America,Retail store,Networking,REP-15,92.83,2,,185.66,120.03,65.63,37.0,0.0,5.0
SO-250615,2025-07-21,Europe,Online,Networking,REP-14,227.15,6,7.3,1263.88,890.81,373.06,52.0,8.4,
SO-250718,2025-07-21,North America,Retail store,Accessories,REP-05,81.03,3,14.3,208.33,131.12,77.21,41.0,0.0,3.0
SO-250089,2025-07-21,APAC,Retail store,Accessories,REP-02,29.9,1,0.0,29.9,16.38,13.51,44.0,0.0,
SO-250969,2025-07-21,Europe,Retail store,Software,REP-06,149.09,1,0.0,149.09,40.49,108.6,11.0,0.0,4.0
SO-250364,2025-07-21,North America,Retail store,Networking,REP-03,143.63,4,9.1,522.27,396.6,125.68,42.0,0.0,4.0
SO-250915,2025-07-22,LATAM,Online,Accessories,REP-07,70.05,3,13.5,181.76,115.78,65.98,49.0,5.6,3.0
SO-250113,2025-07-22,Europe,Retail store,Monitors,REP-11,263.41,2,5.0,500.31,419.64,80.67,58.0,0.0,5.0
SO-250050,2025-07-23,APAC,Online,Furniture,REP-14,426.17,4,14.9,1450.34,1061.46,388.88,11.0,3.2,4.0
SO-250182,2025-07-23,North America,Online,Accessories,REP-17,29.5,6,,177.02,90.29,86.72,37.0,2.6,
SO-250616,2025-07-23,North America,Online,Furniture,REP-07,486.85,2,,973.7,571.22,402.48,24.0,1.7,3.0
SO-250659,2025-07-23,Europe,Online,Furniture,REP-16,215.71,3,,647.13,382.78,264.34,41.0,11.3,3.0
SO-250863,2025-07-24,North America,Online,Monitors,REP-01,364.42,5,6.2,1710.02,1603.17,106.84,46.0,2.4,
SO-250589,2025-07-25,North America,Online,Monitors,REP-04,263.45,2,0.0,526.91,447.15,79.76,,3.0,
SO-250406,2025-07-25,APAC,Online,Accessories,REP-09,35.42,2,0.0,70.84,39.07,31.77,15.0,4.2,4.0
SO-250062,2025-07-25,North America,Online,Furniture,REP-10,513.69,2,6.7,958.39,,,25.0,1.2,4.0
SO-250296,2025-07-25,North America,Retail store,Software,REP-13,395.78,4,20.3,1262.4,464.43,797.96,37.0,0.0,
SO-250492,2025-07-25,Europe,Retail store,Furniture,REP-09,581.72,6,5.6,3294.22,2219.45,1074.77,54.0,0.0,4.0
SO-250263,2025-07-26,Europe,Online,Furniture,REP-09,712.38,1,5.5,673.36,432.09,241.27,26.0,7.4,5.0
SO-250259,2025-07-26,North America,Online,Monitors,REP-17,339.69,2,0.0,679.38,,,20.0,6.8,4.0
SO-250339,2025-07-26,Europe,Retail store,Laptops,REP-02,484.29,1,0.0,484.29,396.45,87.84,8.0,0.0,
SO-250270,2025-07-28,North America,Retail store,Monitors,REP-14,288.04,1,7.8,265.7,231.48,34.22,47.0,0.0,4.0
SO-250942,2025-07-28,LATAM,Distributor,Laptops,REP-14,781.91,18,,14074.45,11785.59,2288.85,,4.5,3.0
SO-250404,2025-07-29,Europe,Online,Networking,REP-12,176.07,4,0.0,704.26,502.76,201.5,56.0,2.2,5.0
SO-250181,2025-07-29,North America,Online,Laptops,REP-10,779.94,1,5.6,735.96,670.43,65.53,28.0,0.8,5.0
SO-250484,2025-07-30,APAC,Distributor,Accessories,REP-14,98.25,10,13.6,848.65,492.06,356.59,12.0,,4.0
SO-250716,2025-07-30,Europe,Online,Networking,REP-13,181.29,2,,362.58,239.52,123.06,,5.5,3.0
SO-250547,2025-07-31,North America,Online,Laptops,REP-04,1070.68,2,,2141.36,1934.68,206.67,18.0,2.1,4.0
SO-250493,2025-08-01,LATAM,Online,Monitors,REP-17,237.86,6,1.0,1412.9,1204.01,208.9,38.0,7.6,
SO-250168,2025-08-02,LATAM,Retail store,Networking,REP-02,198.13,2,10.7,353.97,237.77,116.2,12.0,0.0,4.0
SO-250315,2025-08-02,Europe,Online,Furniture,REP-04,517.08,5,0.0,2585.41,1558.69,1026.72,,4.7,4.0
SO-250535,2025-08-02,Europe,Online,Monitors,REP-11,321.67,3,,965.0,712.6,252.4,22.0,2.5,4.0
SO-250187,2025-08-03,North America,Online,Laptops,REP-05,3100.03,1,13.4,2685.58,2516.46,169.11,22.0,2.2,3.0
SO-250261,2025-08-03,APAC,Online,Furniture,REP-12,322.15,1,0.0,322.15,206.85,115.3,59.0,2.5,4.0
SO-250327,2025-08-04,Europe,Distributor,Laptops,REP-17,1250.83,10,7.0,11638.87,10770.81,868.05,50.0,3.0,4.0
SO-250142,2025-08-04,LATAM,Online,Networking,REP-16,160.08,5,,800.38,518.22,282.16,36.0,11.0,3.0
SO-250510,2025-08-04,Europe,Retail store,Networking,REP-09,197.89,1,0.0,197.89,125.53,72.36,49.0,0.0,5.0
SO-250106,2025-08-04,Europe,Retail store,Networking,REP-16,154.93,3,,464.8,310.04,154.75,57.0,0.0,4.0
SO-250810,2025-08-04,LATAM,Online,Laptops,REP-01,1432.01,1,16.3,1198.31,,,57.0,5.6,5.0
SO-250847,2025-08-04,North America,Retail store,Networking,REP-03,88.05,3,3.0,256.14,170.76,85.38,13.0,0.0,5.0
SO-250508,2025-08-05,LATAM,Retail store,Software,REP-02,186.33,2,,372.66,98.96,273.71,25.0,0.0,4.0
SO-250308,2025-08-05,APAC,Retail store,Laptops,REP-16,962.72,5,,4813.62,4083.04,730.58,23.0,0.0,
SO-250551,2025-08-05,APAC,Online,Furniture,REP-14,504.12,7,,3528.85,2198.46,1330.4,46.0,3.7,3.0
SO-250017,2025-08-05,APAC,Distributor,Monitors,REP-11,232.32,20,14.3,3981.73,3664.16,317.57,,,
SO-250066,2025-08-06,LATAM,Distributor,Software,REP-17,138.66,7,2.0,951.37,283.33,668.04,17.0,5.4,4.0
SO-250430,2025-08-06,Europe,Online,Laptops,REP-15,1301.24,2,3.5,2511.61,2174.06,337.55,37.0,10.4,3.0
SO-250631,2025-08-06,Europe,Distributor,Laptops,REP-12,820.24,22,11.3,16010.51,14272.14,1738.36,11.0,4.7,5.0
SO-250120,2025-08-06,APAC,Online,Furniture,REP-16,677.76,5,8.6,3095.97,2214.09,881.89,12.0,10.7,3.0
SO-250432,2025-08-07,Europe,Online,Laptops,REP-03,746.96,2,0.0,1493.92,,,39.0,8.1,4.0
SO-250129,2025-08-07,North America,Online,Accessories,REP-10,109.73,1,,109.73,60.16,49.57,46.0,0.5,3.0
SO-250030,2025-08-07,Europe,Online,Laptops,REP-04,1170.8,4,,4683.21,4200.71,482.49,9.0,3.7,
SO-250350,2025-08-08,Europe,Retail store,Laptops,REP-06,1577.86,3,10.4,4239.45,4222.41,17.04,35.0,0.0,4.0
SO-250220,2025-08-09,APAC,Retail store,Accessories,REP-08,64.59,2,0.0,129.18,64.07,65.11,,0.0,4.0
SO-250934,2025-08-09,APAC,Distributor,Laptops,REP-08,1129.87,6,2.4,6613.77,5647.56,966.21,15.0,3.2,5.0
SO-250985,2025-08-10,North America,Retail store,Furniture,REP-05,942.5,6,3.8,5437.35,3592.37,1844.98,59.0,0.0,3.0
SO-250038,2025-08-12,APAC,Online,Accessories,REP-07,29.27,3,14.2,75.33,48.55,26.78,46.0,4.3,4.0
SO-250298,2025-08-12,APAC,Online,Networking,REP-18,148.3,3,0.0,444.9,288.51,156.4,,4.0,4.0
SO-250310,2025-08-12,Europe,Distributor,Furniture,REP-13,429.63,12,13.1,4482.62,3330.42,1152.2,36.0,2.9,3.0
SO-250784,2025-08-13,North America,Retail store,Laptops,REP-08,1338.86,4,,5355.44,4485.23,870.21,,0.0,5.0
SO-250838,2025-08-13,APAC,Retail store,Accessories,REP-05,27.5,7,0.0,192.51,96.22,96.29,37.0,0.0,4.0
SO-250891,2025-08-13,North America,Online,Accessories,REP-06,57.81,6,0.0,346.84,178.24,168.6,11.0,2.0,4.0
SO-250429,2025-08-13,North America,Retail store,Networking,REP-05,102.49,3,,307.48,208.33,99.15,19.0,0.0,4.0
SO-250135,2025-08-14,North America,Distributor,Software,REP-10,127.26,17,5.1,2053.74,620.69,1433.05,50.0,3.3,3.0
SO-250312,2025-08-14,APAC,Online,Networking,REP-01,167.44,14,13.0,2040.06,1520.28,519.78,53.0,3.9,4.0
SO-250233,2025-08-15,Europe,Retail store,Accessories,REP-06,41.94,1,0.0,41.94,22.17,19.76,48.0,0.0,5.0
SO-250473,2025-08-15,Europe,Online,Accessories,REP-09,37.29,5,,186.44,93.98,92.46,57.0,3.8,4.0
SO-250917,2025-08-15,LATAM,Distributor,Networking,REP-01,111.58,10,0.0,1115.76,743.26,372.5,57.0,,
SO-250780,2025-08-15,APAC,Online,Laptops,REP-01,1075.64,1,10.7,960.78,861.08,99.7,34.0,6.4,
SO-250908,2025-08-15,North America,Retail store,Laptops,,1586.44,1,0.0,1586.44,1357.97,228.47,12.0,0.0,
SO-250203,2025-08-15,North America,Online,Monitors,REP-03,222.74,2,,445.48,358.61,86.86,16.0,2.2,4.0
SO-250229,2025-08-16,LATAM,Distributor,Monitors,REP-05,242.87,10,1.6,2390.28,1986.34,403.94,43.0,3.0,4.0
SO-250476,2025-08-17,Europe,Retail store,Software,REP-05,259.44,2,,518.88,174.97,343.92,47.0,0.0,4.0
SO-250760,2025-08-17,Europe,Online,Furniture,REP-05,202.21,2,7.4,374.65,243.8,130.84,34.0,6.3,
SO-250239,2025-08-18,North America,Retail store,Software,REP-15,252.23,5,0.0,1261.13,361.8,899.34,36.0,0.0,4.0
SO-250307,2025-08-18,APAC,Online,Accessories,REP-08,82.63,1,,82.63,42.64,40.0,,3.0,5.0
SO-250153,2025-08-18,Europe,Online,Laptops,REP-14,1813.92,2,,3627.84,3141.93,485.91,23.0,4.8,3.0
SO-250374,2025-08-19,North America,Online,Laptops,REP-18,1470.42,2,5.1,2790.47,2365.94,424.53,48.0,2.8,4.0
SO-250912,2025-08-19,North America,Retail store,Monitors,,311.05,3,28.6,666.55,744.55,-78.0,36.0,0.0,4.0
SO-250100,2025-08-19,North America,Retail store,Furniture,REP-07,744.98,4,9.1,2709.38,1974.07,735.31,32.0,0.0,5.0
SO-250868,2025-08-20,North America,Online,Monitors,REP-11,318.52,5,0.0,1592.62,1370.35,222.27,44.0,1.1,4.0
SO-250729,2025-08-20,LATAM,Distributor,Accessories,REP-12,25.42,26,,660.83,332.59,328.25,32.0,,3.0
SO-250196,2025-08-20,APAC,Distributor,Software,REP-05,119.83,13,21.7,1219.78,447.88,771.9,42.0,4.9,4.0
SO-250950,2025-08-20,Europe,Online,Networking,REP-04,205.58,2,,411.16,260.35,150.81,13.0,3.5,4.0
SO-250171,2025-08-20,Europe,Online,Networking,REP-14,198.56,4,,794.24,499.37,294.87,,5.1,3.0
SO-250236,2025-08-21,APAC,Retail store,Software,REP-07,171.55,5,,857.75,240.84,616.91,,0.0,4.0
SO-250526,2025-08-21,Europe,Retail store,Furniture,REP-13,908.44,2,,1816.88,1184.3,632.58,35.0,0.0,
SO-250207,2025-08-21,Europe,Retail store,Laptops,REP-18,1052.52,3,0.0,3157.57,2528.6,628.97,55.0,0.0,4.0
SO-250216,2025-08-21,Europe,Online,Furniture,REP-06,617.6,1,2.0,605.24,401.49,203.75,57.0,4.5,3.0
SO-250146,2025-08-22,North America,Online,Laptops,REP-08,1385.99,10,5.5,13098.04,12467.86,630.18,39.0,9.0,4.0
SO-250095,2025-08-22,North America,Distributor,Networking,REP-15,178.59,7,6.8,1165.14,858.84,306.3,57.0,,
SO-250628,2025-08-23,Europe,Distributor,Furniture,REP-07,424.52,6,10.0,2293.16,1540.34,752.82,9.0,2.4,5.0
SO-250812,2025-08-23,North America,Retail store,Monitors,REP-14,413.41,3,,1240.22,984.0,256.21,35.0,0.0,4.0
SO-250351,2025-08-24,North America,Online,Networking,REP-05,300.53,1,,300.53,184.94,115.6,30.0,1.0,5.0
SO-250450,2025-08-24,APAC,Online,Furniture,REP-04,493.7,4,4.5,1885.57,1276.71,608.86,31.0,,4.0
SO-250417,2025-08-24,LATAM,Retail store,Monitors,REP-02,282.64,3,10.5,758.54,658.51,100.03,10.0,0.0,
SO-250987,2025-08-25,APAC,Online,Networking,REP-16,122.97,2,9.7,221.99,,,30.0,3.9,4.0
SO-250559,2025-08-25,Europe,Online,Accessories,REP-05,35.25,3,0.0,105.76,57.71,48.05,47.0,5.2,4.0
SO-250728,2025-08-25,North America,Retail store,Accessories,REP-17,65.6,2,0.0,131.2,68.24,62.97,20.0,0.0,5.0
SO-250302,2025-08-25,APAC,Distributor,Software,REP-03,250.15,28,5.9,6587.44,2065.65,4521.79,55.0,9.8,3.0
SO-250907,2025-08-25,Europe,Online,Software,REP-05,261.48,2,95.0,486.56,148.44,338.12,,3.3,4.0
SO-250355,2025-08-26,North America,Distributor,Networking,REP-04,127.21,14,8.9,1621.62,,,44.0,3.1,2.0
SO-250704,2025-08-27,North America,Online,Monitors,REP-04,303.13,1,0.0,303.13,242.0,61.14,26.0,0.8,2.0
SO-250102,2025-08-29,Europe,Retail store,Accessories,REP-05,73.1,2,12.4,128.08,78.81,49.27,52.0,0.0,5.0
SO-250251,2025-08-29,North America,Distributor,Furniture,REP-08,552.49,6,8.4,3036.56,2117.78,918.78,23.0,1.5,3.0
SO-250104,2025-08-29,Europe,Online,Networking,REP-12,65.27,3,0.0,195.8,141.47,54.32,49.0,5.2,3.0
SO-250762,2025-08-29,Europe,Online,Software,REP-12,208.14,1,,208.14,63.18,144.96,33.0,2.5,4.0
SO-250414,2025-08-29,APAC,Retail store,Networking,REP-10,152.62,4,,610.49,407.82,202.67,23.0,0.0,3.0
SO-250611,2025-08-29,Europe,Retail store,Laptops,REP-05,876.7,9,0.0,7890.32,7693.4,196.92,17.0,0.0,3.0
SO-250795,2025-08-29,North America,Retail store,Accessories,REP-15,57.52,2,15.1,97.68,64.62,33.06,19.0,0.0,3.0
SO-250046,2025-08-29,APAC,Distributor,Accessories,REP-10,55.87,16,8.9,813.93,453.91,360.02,35.0,3.8,4.0
SO-250692,2025-08-30,North America,Online,Monitors,REP-13,395.63,3,,1186.89,935.22,251.67,17.0,5.3,4.0
SO-250340,2025-08-30,North America,Retail store,Networking,REP-09,118.31,2,,236.62,162.62,73.99,28.0,0.0,5.0
SO-250267,2025-08-31,North America,Online,Laptops,REP-06,657.73,1,0.0,657.73,579.82,77.91,28.0,1.8,4.0
SO-250761,2025-09-01,LATAM,Retail store,Software,REP-04,90.4,1,4.7,86.13,25.57,60.56,49.0,0.0,3.0
SO-250291,2025-09-01,Europe,Distributor,Accessories,REP-12,20.14,13,11.9,230.64,159.44,71.2,60.0,4.9,4.0
SO-250877,2025-09-01,Europe,Online,Laptops,REP-01,1253.89,5,4.5,5990.1,5357.08,633.03,50.0,5.4,4.0
SO-250412,2025-09-01,Europe,Online,Networking,REP-02,242.38,3,8.2,667.7,485.15,182.55,27.0,1.9,
SO-250772,2025-09-01,North America,Retail store,Software,REP-14,321.43,4,10.1,1155.65,312.81,842.84,13.0,0.0,
SO-250597,2025-09-01,APAC,Retail store,Accessories,REP-16,56.47,2,0.0,112.93,57.03,55.9,42.0,0.0,5.0
SO-250932,2025-09-01,North America,Online,Furniture,REP-09,426.18,4,,1704.72,1079.67,625.05,45.0,4.6,2.0
SO-250700,2025-09-02,North America,Retail store,Monitors,,335.03,1,23.2,257.29,258.71,-1.42,56.0,0.0,5.0
SO-250875,2025-09-03,APAC,Online,Accessories,REP-11,83.71,2,14.8,142.59,87.07,55.52,19.0,5.1,4.0
SO-250084,2025-09-04,North America,Retail store,Accessories,REP-06,64.14,1,0.0,64.14,33.0,31.14,24.0,0.0,
SO-250892,2025-09-04,Europe,Online,Accessories,REP-02,17.2,1,7.1,15.98,9.69,6.28,28.0,4.1,
SO-250109,2025-09-05,North America,Distributor,Accessories,REP-15,48.49,7,2.0,332.67,186.34,146.33,48.0,1.8,
SO-250779,2025-09-05,APAC,Online,Laptops,REP-10,1026.86,3,0.0,3080.59,2724.77,355.82,15.0,,2.0
SO-250933,2025-09-05,North America,Retail store,Laptops,REP-18,588.53,1,12.2,516.45,504.44,12.01,26.0,0.0,3.0
SO-250749,2025-09-06,North America,Online,Software,REP-12,534.4,4,1.8,2100.15,627.45,1472.71,27.0,1.2,
SO-250771,2025-09-06,LATAM,Online,Software,REP-18,351.59,2,15.0,597.98,203.84,394.14,21.0,13.0,3.0
SO-250807,2025-09-06,APAC,Retail store,Accessories,REP-11,29.21,1,8.0,26.86,15.47,11.4,19.0,0.0,4.0
SO-250157,2025-09-07,LATAM,Online,Monitors,REP-09,320.82,2,6.3,601.23,485.31,115.92,57.0,3.4,3.0
SO-250396,2025-09-07,Europe,Online,Software,REP-18,179.93,5,0.0,899.63,252.63,647.0,59.0,6.1,3.0
SO-250452,2025-09-07,North America,Retail store,Software,REP-10,83.91,4,15.0,285.31,102.61,182.7,8.0,0.0,5.0
SO-250352,2025-09-07,APAC,Online,Furniture,REP-01,258.14,1,0.0,258.14,168.85,89.3,,7.6,3.0
SO-250675,2025-09-07,Europe,Online,Software,REP-17,152.8,1,,152.8,41.42,111.38,43.0,9.3,3.0
SO-250792,2025-09-08,APAC,Online,Accessories,REP-18,51.53,3,0.0,154.59,83.56,71.03,19.0,10.6,3.0
SO-250966,2025-09-08,North America,Distributor,Accessories,REP-16,106.89,11,14.4,1006.98,608.84,398.14,,,4.0
SO-250336,2025-09-08,Europe,Online,Laptops,REP-09,964.36,3,7.6,2673.55,2458.37,215.18,39.0,4.5,
SO-250905,2025-09-08,North America,Online,Monitors,REP-10,431.77,1,,431.77,340.67,91.1,,3.7,4.0
SO-250287,2025-09-08,North America,Online,Networking,REP-03,133.21,2,0.0,266.42,183.96,82.46,,1.9,3.0
SO-250853,2025-09-09,APAC,Retail store,Furniture,REP-13,863.94,1,7.1,802.37,505.86,296.51,48.0,0.0,
SO-250648,2025-09-09,North America,Online,Networking,REP-17,159.4,5,0.0,797.02,534.9,262.12,31.0,0.2,
SO-250092,2025-09-09,North America,Online,Accessories,REP-11,21.99,3,0.0,65.98,32.64,33.34,29.0,1.2,4.0
SO-250621,2025-09-09,APAC,Retail store,Accessories,REP-04,24.75,2,5.6,46.74,24.61,22.13,55.0,0.0,4.0
SO-250525,2025-09-10,Europe,Retail store,Accessories,REP-09,32.79,3,7.3,91.23,49.94,41.29,51.0,0.0,5.0
SO-250633,2025-09-10,North America,Online,Monitors,REP-13,533.04,1,,533.04,438.02,95.03,52.0,4.3,4.0
SO-250192,2025-09-10,LATAM,Retail store,Furniture,REP-02,363.74,5,0.0,1818.71,1139.19,679.51,,0.0,
SO-250579,2025-09-11,APAC,Online,Software,REP-13,247.02,1,,247.02,69.98,177.04,49.0,-3.0,
SO-250376,2025-09-12,Europe,Online,Accessories,REP-09,60.97,4,11.3,216.32,128.59,87.73,51.0,4.9,
SO-250809,2025-09-12,Europe,Online,Accessories,REP-12,15.67,2,,31.35,16.38,14.97,33.0,4.3,4.0
SO-250570,2025-09-14,North America,Distributor,Monitors,REP-11,519.72,12,10.3,5592.37,4817.82,774.55,43.0,5.0,
SO-250598,2025-09-14,Europe,Online,Monitors,REP-15,319.44,2,,638.89,511.38,127.51,60.0,,3.0
SO-250244,2025-09-14,North America,Retail store,Furniture,REP-16,602.78,7,6.5,3945.31,2696.58,1248.73,28.0,0.0,4.0
SO-250437,2025-09-15,APAC,Retail store,Monitors,REP-16,282.89,3,23.0,653.85,753.25,-99.4,60.0,0.0,
SO-250087,2025-09-15,APAC,Distributor,Software,REP-02,624.54,6,1.7,3682.19,1013.19,2669.01,31.0,6.6,
SO-250850,2025-09-15,North America,Distributor,Monitors,REP-01,266.87,8,,2134.98,1820.62,314.36,15.0,4.7,5.0
SO-250069,2025-09-15,Europe,Retail store,Software,REP-02,170.57,2,4.0,327.42,96.62,230.8,16.0,0.0,5.0
SO-250179,2025-09-15,Europe,Retail store,Networking,REP-18,140.14,2,,280.28,183.78,96.51,27.0,0.0,4.0
SO-250936,2025-09-15,Europe,Online,Networking,REP-08,82.08,8,5.8,618.24,450.78,167.46,57.0,3.2,4.0
SO-250527,2025-09-17,APAC,Distributor,Monitors,REP-02,414.09,11,,4555.03,3631.27,923.75,59.0,,3.0
SO-250639,2025-09-17,LATAM,Retail store,Software,REP-02,166.67,2,,333.35,97.43,235.91,47.0,0.0,
SO-250193,2025-09-17,North America,Distributor,Monitors,,440.8,12,5.8,4982.78,4373.28,609.5,46.0,1.9,5.0
SO-250775,2025-09-17,North America,Online,Monitors,,354.03,1,0.0,354.03,294.18,59.85,37.0,3.3,4.0
SO-250961,2025-09-18,APAC,Online,Laptops,REP-12,1143.47,5,11.1,5085.22,4948.83,136.39,9.0,10.2,
SO-250002,2025-09-19,LATAM,Online,Monitors,REP-09,228.29,7,,1598.0,1401.29,196.71,41.0,6.8,
SO-250091,2025-09-20,APAC,Online,Networking,REP-13,95.68,1,5.7,90.2,67.77,22.43,52.0,5.9,4.0
SO-250971,2025-09-20,APAC,Online,Software,REP-14,512.34,2,4.6,977.45,311.12,666.33,12.0,5.6,4.0
SO-250375,2025-09-20,Europe,Online,Accessories,REP-16,26.85,2,,53.69,,,24.0,5.6,4.0
SO-250131,2025-09-20,North America,Online,Monitors,REP-02,493.79,2,6.5,923.05,775.39,147.66,,1.0,
SO-250672,2025-09-21,Europe,Online,Laptops,REP-04,1457.39,3,8.8,3987.79,3756.6,231.19,27.0,6.0,4.0
SO-250391,2025-09-21,North America,Retail store,Monitors,REP-16,203.67,5,15.7,858.7,816.62,42.08,52.0,0.0,
SO-250571,2025-09-21,Europe,Online,Laptops,REP-01,1164.51,2,,2329.02,2096.1,232.92,,4.7,3.0
SO-250794,2025-09-21,APAC,Online,Networking,REP-07,257.28,2,0.0,514.57,340.08,174.49,8.0,3.1,3.0
SO-250305,2025-09-22,Europe,Online,Software,REP-10,139.57,2,,279.15,77.28,201.87,46.0,6.5,4.0
SO-250742,2025-09-22,LATAM,Online,Laptops,REP-02,1709.63,3,0.0,5128.89,4632.42,496.47,14.0,10.7,
SO-250572,2025-09-22,North America,Retail store,Monitors,REP-10,214.39,2,8.9,390.45,327.12,63.33,32.0,0.0,4.0
SO-250275,2025-09-22,Europe,Online,Networking,REP-10,322.24,1,15.3,272.82,220.02,52.8,17.0,4.1,
SO-250199,2025-09-23,Europe,Online,Software,REP-05,76.98,2,,153.95,44.06,109.9,16.0,5.5,4.0
SO-250831,2025-09-23,Europe,Retail store,Laptops,REP-08,1158.46,1,3.4,1118.94,966.19,152.75,22.0,0.0,
SO-250900,2025-09-23,Europe,Online,Monitors,REP-15,337.58,4,,1350.3,1092.46,257.84,28.0,2.2,3.0
SO-250211,2025-09-23,APAC,Retail store,Laptops,REP-17,1528.55,1,0.0,1528.55,1443.11,85.45,34.0,0.0,4.0
SO-250149,2025-09-24,North America,Online,Accessories,REP-14,49.03,2,,98.06,51.58,46.48,49.0,3.8,3.0
SO-250518,2025-09-24,North America,Online,Furniture,REP-10,526.33,2,0.0,1052.65,631.21,421.44,54.0,2.0,
SO-250610,2025-09-24,North America,Distributor,Accessories,REP-11,18.61,5,0.0,93.07,50.04,43.03,58.0,,3.0
SO-250286,2025-09-24,Europe,Retail store,Software,REP-07,107.97,3,,323.92,86.28,237.64,29.0,0.0,3.0
SO-250911,2025-09-24,North America,Retail store,Accessories,REP-17,40.45,2,0.0,80.9,39.43,41.46,19.0,0.0,3.0
SO-250748,2025-09-25,Europe,Retail store,Furniture,REP-18,513.05,2,7.7,946.91,662.12,284.79,,0.0,4.0
SO-250416,2025-09-25,APAC,Online,Monitors,REP-14,629.66,3,,1888.98,1578.27,310.71,42.0,8.3,4.0
SO-250439,2025-09-25,APAC,Online,Software,REP-02,577.56,7,15.6,3411.69,1084.97,2326.72,,13.8,3.0
SO-250365,2025-09-26,North America,Retail store,Furniture,REP-10,364.06,3,0.0,1092.17,682.99,409.17,23.0,0.0,
SO-250839,2025-09-26,North America,Online,Accessories,REP-08,26.51,2,,53.02,28.16,24.86,,5.7,3.0
SO-250520,2025-09-27,North America,Retail store,Software,REP-07,423.1,1,,423.1,124.2,298.91,18.0,0.0,4.0
SO-250667,2025-09-27,Europe,Distributor,Accessories,REP-03,27.04,10,12.6,236.35,152.39,83.96,32.0,,3.0
SO-250357,2025-09-27,North America,Retail store,Software,REP-18,181.11,2,,362.23,104.62,257.61,,0.0,5.0
SO-250041,2025-09-28,Europe,Online,Accessories,REP-02,40.33,3,12.8,105.56,59.45,46.11,46.0,4.2,4.0
SO-250110,2025-09-28,LATAM,Retail store,Software,REP-12,374.62,13,13.1,4230.8,1423.11,2807.7,55.0,0.0,4.0
SO-250359,2025-09-29,North America,Retail store,Networking,REP-11,278.67,2,0.0,557.35,384.31,173.04,,0.0,4.0
SO-250521,2025-09-30,North America,Distributor,Furniture,REP-09,385.92,10,4.7,3675.93,2355.0,1320.94,,,
SO-250114,2025-09-30,North America,Retail store,Software,REP-07,220.06,2,0.0,440.12,119.06,321.06,50.0,0.0,5.0
SO-250260,2025-09-30,North America,Online,Monitors,REP-11,434.65,1,0.0,434.65,355.59,79.06,56.0,11.4,3.0
SO-250200,2025-10-01,Europe,Online,Laptops,REP-16,1467.97,1,0.0,1467.97,1216.4,251.57,58.0,3.9,
SO-250664,2025-10-01,APAC,Retail store,Accessories,REP-04,18.25,3,,54.76,29.85,24.91,40.0,0.0,4.0
SO-250205,2025-10-01,APAC,Online,Accessories,REP-10,51.56,3,34.5,101.38,76.0,25.37,40.0,3.5,4.0
SO-250204,2025-10-02,APAC,Online,Furniture,REP-14,655.61,1,,655.61,427.85,227.75,52.0,4.1,
SO-250240,2025-10-02,LATAM,Retail store,Accessories,REP-08,172.98,4,5.8,651.63,344.92,306.7,14.0,0.0,4.0
SO-250380,2025-10-03,North America,Retail store,Networking,REP-16,219.83,1,3.9,211.27,149.03,62.24,,0.0,4.0
SO-250852,2025-10-03,Europe,Retail store,Networking,REP-14,62.95,1,,62.95,43.56,19.39,44.0,0.0,5.0
SO-250499,2025-10-04,Europe,Online,Networking,REP-06,65.05,2,6.2,122.1,83.24,38.86,51.0,3.9,5.0
SO-250027,2025-10-04,North America,Online,Software,REP-06,368.79,2,0.0,737.59,209.82,527.77,36.0,5.2,4.0
SO-250862,2025-10-05,North America,Retail store,Laptops,REP-01,1711.91,1,0.0,1711.91,1525.37,186.54,,0.0,
SO-250254,2025-10-05,North America,Online,Accessories,REP-08,17.1,5,6.4,80.01,44.28,35.74,14.0,4.2,3.0
SO-250949,2025-10-05,Europe,Online,Networking,REP-13,219.36,4,0.0,877.44,591.26,286.18,26.0,4.9,3.0
SO-250487,2025-10-05,LATAM,Online,Software,REP-13,149.5,3,2.6,436.63,119.36,317.27,14.0,2.9,3.0
SO-250281,2025-10-06,Europe,Online,Laptops,REP-03,1047.68,5,13.3,4539.44,4649.75,-110.32,8.0,6.8,4.0
SO-250258,2025-10-06,North America,Retail store,Laptops,,1113.78,3,3.3,3229.56,2756.33,473.23,47.0,0.0,3.0
SO-250634,2025-10-07,APAC,Online,Networking,REP-02,128.7,1,5.2,122.03,87.03,34.99,29.0,4.4,3.0
SO-250897,2025-10-08,Europe,Distributor,Software,REP-12,212.69,13,,2764.95,754.49,2010.46,56.0,,4.0
SO-250266,2025-10-08,APAC,Retail store,Accessories,REP-13,91.5,2,,183.0,94.79,88.21,51.0,0.0,5.0
SO-250977,2025-10-08,North America,Distributor,Laptops,REP-08,1136.28,45,14.0,43994.09,43649.83,344.25,37.0,,
SO-250545,2025-10-09,Europe,Online,Networking,REP-07,162.21,1,0.0,162.21,106.96,55.26,20.0,2.2,
SO-250722,2025-10-09,Europe,Online,Accessories,REP-05,77.18,2,2.5,150.55,79.53,71.01,16.0,2.3,4.0
SO-250914,2025-10-10,Europe,Online,Laptops,REP-08,914.51,1,13.5,791.09,777.73,13.35,45.0,7.0,4.0
SO-250141,2025-10-10,Europe,Online,Software,REP-08,414.02,2,,828.03,247.8,580.23,21.0,,5.0
SO-250086,2025-10-11,Europe,Online,Accessories,REP-14,23.55,2,,47.11,,,43.0,8.7,
SO-250989,2025-10-11,Europe,Online,Monitors,REP-17,241.52,2,10.9,430.5,392.66,37.84,16.0,3.8,4.0
SO-250566,2025-10-12,APAC,Distributor,Laptops,REP-10,655.98,7,1.0,4545.96,4123.75,422.21,31.0,4.0,4.0
SO-250979,2025-10-12,Europe,Retail store,Furniture,REP-05,951.34,2,,1902.69,1057.83,844.85,36.0,0.0,4.0
SO-250586,2025-10-12,North America,Online,Software,REP-16,142.75,9,,1284.71,366.3,918.41,48.0,2.6,
SO-250393,2025-10-13,APAC,Online,Networking,REP-09,141.82,1,16.9,117.87,97.49,20.38,25.0,,4.0
SO-250488,2025-10-13,North America,Retail store,Furniture,REP-01,720.39,3,,2161.18,1368.55,792.63,14.0,0.0,4.0
SO-250413,2025-10-13,North America,Online,Monitors,REP-09,305.14,2,13.3,529.36,483.29,46.07,37.0,5.6,3.0
SO-250369,2025-10-13,North America,Online,Accessories,REP-02,54.87,7,12.0,338.14,196.06,142.09,46.0,4.7,4.0
SO-250368,2025-10-13,APAC,Retail store,Monitors,REP-13,147.03,3,0.0,441.09,317.86,123.23,55.0,0.0,4.0
SO-250898,2025-10-14,Europe,Online,Accessories,REP-12,12.01,3,,36.03,16.7,19.33,,3.5,4.0
SO-250855,2025-10-14,North America,Retail store,Laptops,REP-01,1493.07,3,0.0,4479.22,3611.66,867.56,,0.0,
SO-250394,2025-10-14,Europe,Retail store,Laptops,REP-16,1094.88,4,12.6,3827.02,3663.68,163.33,21.0,0.0,
SO-250842,2025-10-16,North America,Distributor,Furniture,,812.4,26,8.2,19380.64,12981.56,6399.08,55.0,7.3,
SO-250177,2025-10-16,North America,Retail store,Furniture,REP-15,702.43,1,9.8,633.37,434.92,198.45,27.0,0.0,4.0
SO-250882,2025-10-16,North America,Online,Monitors,REP-06,292.94,2,9.2,532.17,441.78,90.39,16.0,2.0,
SO-250078,2025-10-16,APAC,Online,Software,REP-08,351.32,3,14.0,906.39,306.12,600.28,23.0,3.8,4.0
SO-250513,2025-10-17,North America,Online,Networking,REP-01,140.9,1,,140.9,102.96,37.94,50.0,3.4,
SO-250870,2025-10-17,LATAM,Online,Networking,REP-08,101.26,4,,405.03,224.07,180.96,59.0,,2.0
SO-250721,2025-10-17,APAC,Distributor,Laptops,REP-14,1087.93,14,11.8,13428.66,13532.56,-103.9,16.0,6.4,5.0
SO-250014,2025-10-17,Europe,Online,Laptops,REP-08,1342.6,2,10.6,2399.91,2217.3,182.61,40.0,4.5,4.0
SO-250356,2025-10-18,Europe,Online,Furniture,REP-17,205.63,1,,205.63,120.88,84.76,,6.6,3.0
SO-250509,2025-10-18,APAC,Online,Accessories,REP-07,53.88,5,,269.39,144.05,125.34,34.0,4.4,3.0
SO-250348,2025-10-18,North America,Distributor,Monitors,REP-17,376.26,10,2.7,3660.52,2875.51,785.01,30.0,5.6,5.0
SO-250732,2025-10-18,Europe,Online,Accessories,REP-07,17.84,2,2.9,34.65,19.93,14.73,56.0,5.0,
SO-250392,2025-10-18,Europe,Distributor,Furniture,REP-17,463.48,15,6.7,6487.44,4329.46,2157.98,24.0,7.2,3.0
SO-250800,2025-10-20,Europe,Retail store,Furniture,REP-09,577.32,1,,577.32,370.46,206.86,11.0,0.0,
SO-250577,2025-10-20,North America,Online,Networking,REP-14,113.95,2,4.4,217.95,140.82,77.12,16.0,4.0,
SO-250401,2025-10-20,North America,Retail store,Laptops,REP-09,1205.8,1,0.0,1205.8,1045.44,160.36,29.0,0.0,4.0
SO-250957,2025-10-20,Europe,Distributor,Accessories,REP-01,34.38,32,0.0,1100.31,548.02,552.28,57.0,5.2,
SO-250420,2025-10-20,North America,Distributor,Networking,REP-09,114.97,16,6.4,1722.41,1285.25,437.17,35.0,6.4,4.0
SO-250599,2025-10-20,LATAM,Retail store,Software,REP-14,151.75,2,9.3,275.32,90.77,184.56,19.0,0.0,
SO-250777,2025-10-21,Europe,Online,Monitors,REP-09,600.34,5,0.0,3001.71,2252.21,749.5,29.0,5.3,4.0
SO-250678,2025-10-21,LATAM,Retail store,Furniture,REP-09,364.1,1,3.5,351.47,220.77,130.7,53.0,0.0,4.0
SO-250425,2025-10-21,Europe,Online,Accessories,REP-01,51.3,11,0.0,564.32,277.77,286.55,42.0,6.7,
SO-250568,2025-10-22,Europe,Online,Accessories,,38.39,1,12.4,33.62,19.38,14.23,39.0,4.2,3.0
SO-250482,2025-10-23,LATAM,Retail store,Accessories,REP-16,51.86,1,,51.86,26.45,25.4,37.0,0.0,4.0
SO-250602,2025-10-23,Europe,Distributor,Software,REP-12,213.66,12,3.6,2470.99,760.77,1710.22,21.0,,3.0
SO-250746,2025-10-23,Europe,Online,Furniture,REP-10,369.73,2,,739.45,430.73,308.73,26.0,2.6,3.0
SO-250861,2025-10-23,Europe,Online,Networking,REP-17,141.61,1,0.0,141.61,99.85,41.76,15.0,7.7,
SO-250031,2025-10-24,Europe,Online,Software,REP-15,463.34,5,0.0,2316.71,638.78,1677.93,14.0,5.6,3.0
SO-250424,2025-10-24,Europe,Online,Accessories,REP-11,71.91,2,0.0,143.82,75.85,67.97,37.0,5.9,2.0
SO-250438,2025-10-25,LATAM,Online,Software,REP-18,181.18,4,0.0,724.74,,,48.0,8.6,2.0
SO-250951,2025-10-25,North America,Online,Accessories,REP-06,12.69,1,,12.69,6.22,6.47,21.0,0.5,4.0
SO-250832,2025-10-25,LATAM,Distributor,Accessories,REP-14,98.47,14,11.2,1223.85,770.98,452.87,53.0,,5.0
SO-250922,2025-10-26,North America,Online,Software,REP-12,218.32,3,0.0,654.97,181.98,473.0,56.0,4.0,4.0
SO-250354,2025-10-27,APAC,Online,Laptops,REP-06,1488.63,2,,2977.26,,,33.0,5.4,5.0
SO-250049,2025-10-27,Europe,Retail store,Laptops,REP-15,1728.21,6,,10369.28,8968.76,1400.52,11.0,0.0,5.0
SO-250165,2025-10-28,LATAM,Retail store,Networking,REP-01,96.71,5,3.5,466.57,286.31,180.27,42.0,0.0,
SO-250495,2025-10-28,North America,Online,Laptops,REP-08,1132.57,1,0.0,1132.57,1019.34,113.24,11.0,3.4,4.0
SO-250530,2025-10-28,North America,Distributor,Accessories,REP-04,10.82,8,18.2,70.78,47.06,23.72,16.0,1.7,
SO-250015,2025-10-28,Europe,Retail store,Accessories,REP-05,76.69,3,2.9,223.42,130.29,93.12,25.0,0.0,4.0
SO-250767,2025-10-29,Europe,Distributor,Networking,REP-01,136.37,20,3.8,2622.89,1730.4,892.49,18.0,5.6,4.0
SO-250194,2025-10-29,North America,Retail store,Software,REP-09,137.02,2,28.8,195.07,79.61,115.45,28.0,0.0,5.0
SO-250044,2025-10-30,LATAM,Online,Software,REP-10,323.48,4,9.5,1170.46,340.66,829.8,,7.0,4.0
SO-250314,2025-10-31,North America,Retail store,Laptops,REP-13,1539.77,4,,6159.08,5041.36,1117.72,42.0,0.0,
SO-250578,2025-10-31,North America,Online,Furniture,REP-02,247.76,1,6.8,230.79,143.27,87.53,,1.0,
SO-250632,2025-11-01,Europe,Online,Monitors,REP-14,157.27,1,,157.27,130.37,26.9,16.0,9.0,4.0
SO-250734,2025-11-01,Europe,Retail store,Monitors,REP-08,499.37,1,,499.37,380.43,118.94,11.0,0.0,
SO-250458,2025-11-02,Europe,Distributor,Software,REP-04,192.06,26,18.2,4082.63,1418.96,2663.67,11.0,5.1,5.0
SO-250869,2025-11-02,APAC,Online,Accessories,REP-09,57.84,5,4.2,277.18,144.57,132.6,11.0,5.0,
SO-250982,2025-11-02,North America,Retail store,Networking,REP-03,203.44,3,,610.32,406.18,204.15,,0.0,3.0
SO-250026,2025-11-03,APAC,Online,Software,REP-06,154.74,2,14.3,265.23,85.48,179.75,22.0,7.1,4.0
SO-250793,2025-11-04,APAC,Online,Monitors,REP-06,291.97,3,,875.91,719.42,156.48,38.0,4.1,5.0
SO-250584,2025-11-05,APAC,Retail store,Accessories,REP-04,20.35,5,4.4,97.32,53.79,43.53,56.0,0.0,4.0
SO-250866,2025-11-05,North America,Distributor,Monitors,REP-15,312.35,14,7.0,4064.83,3297.7,767.13,25.0,2.1,5.0
SO-250670,2025-11-05,North America,Retail store,Furniture,REP-17,957.18,4,13.3,3320.07,2436.71,883.36,,0.0,5.0
SO-250202,2025-11-06,APAC,Retail store,Laptops,REP-01,1140.64,11,3.7,12083.46,11520.02,563.44,47.0,0.0,
SO-250788,2025-11-06,Europe,Distributor,Laptops,REP-04,558.57,11,6.4,5749.99,5716.85,33.14,25.0,,
SO-250910,2025-11-06,Europe,Online,Networking,,209.1,1,0.0,209.1,136.54,72.56,56.0,5.2,4.0
SO-250218,2025-11-06,North America,Online,Accessories,REP-17,85.66,4,12.0,301.69,173.71,127.98,50.0,7.5,3.0
SO-250121,2025-11-07,North America,Online,Accessories,REP-06,28.36,1,9.4,25.71,14.37,11.34,57.0,1.8,1.0
SO-250925,2025-11-07,Europe,Distributor,Furniture,REP-01,429.23,9,7.8,3563.49,2428.29,1135.21,13.0,3.3,4.0
SO-250743,2025-11-07,Europe,Online,Networking,REP-05,93.4,1,23.4,71.52,60.88,10.65,30.0,6.3,
SO-250556,2025-11-07,North America,Online,Networking,REP-06,148.65,1,,148.65,102.14,46.51,49.0,1.1,4.0
SO-250228,2025-11-07,Europe,Distributor,Software,REP-10,312.62,17,11.5,4704.13,1528.38,3175.75,55.0,4.2,
SO-250941,2025-11-07,APAC,Distributor,Monitors,REP-07,366.06,6,7.6,2029.7,1787.51,242.19,41.0,3.1,4.0
SO-250039,2025-11-08,APAC,Distributor,Monitors,REP-06,405.6,18,10.1,6561.33,5799.53,761.8,,3.0,4.0
SO-250965,2025-11-08,Europe,Online,Networking,REP-17,115.31,1,0.0,115.31,70.55,44.75,12.0,3.5,4.0
SO-250325,2025-11-08,North America,Distributor,Software,REP-07,265.37,15,0.0,3980.51,1020.22,2960.29,56.0,,4.0
SO-250431,2025-11-09,Europe,Retail store,Accessories,REP-04,66.11,1,10.4,59.21,34.03,25.18,19.0,0.0,
SO-250822,2025-11-09,APAC,Retail store,Software,REP-04,480.86,3,,1442.58,374.46,1068.12,,0.0,5.0
SO-250486,2025-11-10,North America,Retail store,Furniture,REP-06,457.61,5,,2288.03,1431.49,856.54,58.0,0.0,
SO-250441,2025-11-10,Europe,Online,Monitors,REP-13,381.52,7,23.2,2049.97,2166.21,-116.23,56.0,4.4,5.0
SO-250803,2025-11-10,APAC,Retail store,Networking,REP-07,146.84,1,5.2,139.15,104.05,35.1,49.0,0.0,5.0
SO-250554,2025-11-10,Europe,Online,Networking,REP-08,86.92,3,,260.76,180.34,80.41,37.0,3.0,4.0
SO-250163,2025-11-11,North America,Distributor,Monitors,REP-13,247.76,15,7.0,3456.96,3147.64,309.32,19.0,,3.0
SO-250096,2025-11-12,North America,Retail store,Accessories,REP-06,21.84,2,0.0,43.68,20.99,22.69,41.0,0.0,4.0
SO-250065,2025-11-12,APAC,Retail store,Furniture,REP-17,397.56,1,34.2,261.41,248.09,13.32,27.0,0.0,5.0
SO-250004,2025-11-12,Europe,Online,Laptops,REP-05,1407.57,6,,8445.43,6994.3,1451.12,34.0,5.4,4.0
SO-250662,2025-11-12,North America,Online,Furniture,REP-18,449.18,1,22.0,350.48,276.86,73.61,46.0,2.8,4.0
SO-250279,2025-11-13,APAC,Online,Monitors,REP-02,434.34,3,,1303.02,1089.85,213.17,15.0,2.2,3.0
SO-250057,2025-11-13,Europe,Online,Networking,REP-18,144.36,1,4.3,138.15,96.14,42.01,16.0,6.9,5.0
SO-250575,2025-11-14,Europe,Retail store,Furniture,,349.22,1,,349.22,224.82,124.41,38.0,0.0,4.0
SO-250056,2025-11-14,North America,Online,Software,REP-12,324.13,2,,648.25,170.57,477.68,57.0,2.3,
SO-250175,2025-11-14,North America,Retail store,Accessories,REP-11,58.76,1,,58.76,30.97,27.79,,0.0,4.0
SO-250206,2025-11-15,North America,Online,Furniture,REP-03,676.3,5,13.8,2914.06,2054.02,860.04,21.0,3.4,4.0
SO-250436,2025-11-16,Europe,Online,Accessories,REP-08,51.62,1,11.1,45.88,28.61,17.27,11.0,6.8,4.0
SO-250926,2025-11-16,APAC,Online,Monitors,REP-18,374.02,1,0.0,374.02,,,41.0,5.0,4.0
SO-250893,2025-11-16,Europe,Distributor,Accessories,REP-10,59.92,7,7.8,386.65,208.14,178.51,10.0,,
SO-250421,2025-11-16,Europe,Distributor,Networking,REP-05,125.84,11,0.0,1384.21,,,33.0,4.2,3.0
SO-250626,2025-11-16,Europe,Online,Accessories,REP-04,57.44,1,12.0,50.55,29.06,21.49,37.0,4.5,4.0
SO-250782,2025-11-16,APAC,Online,Accessories,REP-06,27.15,15,8.4,373.12,,,25.0,5.4,
SO-250491,2025-11-16,Europe,Distributor,Furniture,REP-05,614.45,14,12.9,7489.41,,,30.0,5.0,
SO-250463,2025-11-16,LATAM,Online,Laptops,,1190.75,2,,2381.51,,,,7.5,3.0
SO-250741,2025-11-17,Europe,Online,Software,REP-02,342.93,1,,0.0,95.82,247.11,43.0,2.5,
SO-250683,2025-11-17,North America,Distributor,Monitors,REP-05,376.0,8,7.8,2774.82,,,26.0,8.5,
SO-250688,2025-11-17,LATAM,Online,Monitors,REP-17,411.95,1,,411.95,,,47.0,10.3,5.0
SO-250880,2025-11-18,Europe,Online,Networking,REP-09,98.15,6,13.8,507.92,,,41.0,11.0,1.0
SO-250324,2025-11-18,North America,Retail store,Software,REP-07,194.05,2,0.0,388.09,110.33,277.76,52.0,0.0,4.0
SO-250511,2025-11-18,North America,Online,Networking,REP-12,161.43,8,,1291.47,,,44.0,4.9,4.0
SO-250991,2025-11-18,North America,Online,Networking,REP-05,82.29,2,,164.57,104.83,59.75,59.0,4.8,4.0
SO-250303,2025-11-19,Europe,Retail store,Software,REP-06,371.34,1,7.3,344.28,101.35,242.93,51.0,0.0,4.0
SO-250693,2025-11-19,LATAM,Online,Software,REP-05,668.59,2,0.0,1337.17,365.89,971.28,9.0,5.2,5.0
SO-250446,2025-11-20,North America,Online,Software,,171.35,1,,171.35,,,37.0,4.1,4.0
SO-250154,2025-11-20,APAC,Online,Furniture,REP-06,633.1,1,,633.1,398.29,234.81,24.0,8.6,3.0
SO-250864,2025-11-20,Europe,Online,Networking,REP-06,93.36,1,4.4,89.29,,,56.0,4.7,
SO-250469,2025-11-21,North America,Online,Monitors,REP-04,587.8,5,14.5,2513.63,,,58.0,0.7,
SO-250733,2025-11-21,LATAM,Online,Monitors,REP-13,316.1,1,,316.1,249.48,66.62,9.0,6.0,4.0
SO-250811,2025-11-22,APAC,Retail store,Accessories,REP-04,34.72,5,6.7,161.96,90.55,71.4,15.0,0.0,
SO-250703,2025-11-22,North America,Distributor,Monitors,REP-17,319.67,4,28.7,911.94,1097.88,-185.93,48.0,3.8,4.0
SO-250714,2025-11-22,North America,Distributor,Monitors,REP-14,232.97,20,10.5,4168.01,3362.24,805.77,,,4.0
SO-250673,2025-11-22,APAC,Online,Accessories,REP-05,34.11,6,12.1,179.87,,,,2.8,
SO-250851,2025-11-23,LATAM,Online,Laptops,REP-16,1255.18,3,16.7,3137.64,,,14.0,,4.0
SO-250145,2025-11-23,APAC,Online,Monitors,REP-16,591.45,1,,591.45,426.6,164.85,21.0,4.1,3.0
SO-250148,2025-11-23,North America,Retail store,Networking,REP-06,137.23,1,,137.23,,,30.0,0.0,5.0
SO-250630,2025-11-24,North America,Online,Software,REP-08,237.75,3,0.0,713.25,201.72,511.53,33.0,3.7,4.0
SO-250214,2025-11-24,North America,Retail store,Monitors,REP-15,467.29,1,13.8,402.82,,,15.0,0.0,4.0
SO-250531,2025-11-25,Europe,Online,Software,REP-12,125.71,3,,377.13,,,,6.2,
SO-250534,2025-11-26,Europe,Retail store,Monitors,REP-02,306.38,4,,61500.0,959.44,266.09,38.0,0.0,4.0
SO-250894,2025-11-26,North America,Online,Accessories,REP-12,99.02,2,12.1,174.17,107.7,66.47,12.0,4.1,2.0
SO-250382,2025-11-26,APAC,Retail store,Monitors,REP-08,250.98,1,,250.98,182.02,68.96,20.0,0.0,4.0
SO-250461,2025-11-26,APAC,Distributor,Laptops,,1623.89,10,11.2,14422.31,13573.14,849.17,35.0,3.0,3.0
SO-250249,2025-11-26,APAC,Distributor,Accessories,REP-01,58.69,17,6.5,933.24,461.36,471.88,25.0,2.8,5.0
SO-250166,2025-11-27,Europe,Online,Furniture,REP-14,663.42,1,3.6,639.35,,,,10.5,
SO-250098,2025-11-28,North America,Distributor,Furniture,REP-03,701.36,10,25.6,5219.32,4240.83,978.5,18.0,3.3,4.0
SO-250798,2025-11-28,North America,Online,Software,REP-09,249.33,1,11.5,220.64,,,44.0,3.4,
SO-250820,2025-11-29,LATAM,Online,Laptops,REP-13,1345.33,4,,5381.32,,,,8.7,3.0
SO-250264,2025-11-29,APAC,Online,Accessories,REP-18,27.7,2,2.2,54.17,29.75,24.42,,5.8,5.0
SO-250423,2025-12-01,Europe,Retail store,Monitors,REP-08,152.06,5,18.6,619.13,604.23,14.9,52.0,0.0,4.0
SO-250386,2025-12-01,North America,Retail store,Furniture,REP-11,255.84,2,0.0,511.67,,,37.0,0.0,3.0
SO-250609,2025-12-01,North America,Retail store,Networking,REP-10,100.95,2,,201.9,134.6,67.3,,0.0,
SO-250068,2025-12-02,North America,Retail store,Monitors,REP-07,212.32,5,7.4,983.45,,,48.0,0.0,4.0
SO-250821,2025-12-02,North America,Online,Accessories,REP-17,52.79,4,9.5,191.13,,,58.0,5.6,
SO-250173,2025-12-02,North America,Distributor,Networking,REP-14,132.79,10,,1327.91,949.19,378.72,51.0,2.1,3.0
SO-250408,2025-12-04,LATAM,Distributor,Furniture,REP-07,439.2,7,,3074.37,,,14.0,8.7,3.0
SO-250075,2025-12-04,North America,Online,Networking,REP-06,154.77,4,0.0,619.08,398.04,221.04,32.0,1.5,3.0
SO-250481,2025-12-04,Europe,Online,Monitors,REP-10,274.14,1,6.3,256.78,221.8,34.98,48.0,,4.0
SO-250564,2025-12-04,North America,Online,Furniture,REP-01,399.33,2,0.0,798.66,,,36.0,2.7,4.0
SO-250786,2025-12-04,North America,Online,Laptops,REP-10,1830.86,1,10.9,1630.93,,,24.0,2.2,3.0
SO-250523,2025-12-05,Europe,Online,Monitors,REP-17,212.32,5,8.7,969.41,823.28,146.13,8.0,4.9,4.0
SO-250330,2025-12-05,Europe,Retail store,Monitors,REP-05,315.84,1,3.8,303.75,258.89,44.87,53.0,0.0,4.0
SO-250506,2025-12-05,LATAM,Online,Software,REP-08,131.26,1,,131.26,34.32,96.94,35.0,2.8,4.0
SO-250956,2025-12-05,Europe,Online,Software,REP-15,256.67,5,27.9,925.61,351.36,574.25,,6.7,5.0
SO-250237,2025-12-05,Europe,Online,Monitors,REP-11,203.15,3,8.0,560.79,,,,6.8,4.0
SO-250666,2025-12-06,North America,Online,Monitors,REP-14,285.89,3,15.7,723.09,685.11,37.98,42.0,6.8,3.0
SO-250695,2025-12-06,APAC,Retail store,Monitors,REP-16,408.09,2,0.0,816.19,,,46.0,34.0,5.0
SO-250927,2025-12-06,Europe,Online,Accessories,REP-16,21.13,11,7.2,215.66,,,34.0,3.8,3.0
SO-250224,2025-12-06,APAC,Retail store,Accessories,REP-09,48.15,5,,240.74,,,50.0,0.0,4.0
SO-250769,2025-12-07,North America,Distributor,Accessories,REP-13,32.84,13,0.0,426.97,,,13.0,,5.0
SO-250641,2025-12-07,North America,Retail store,Software,REP-15,263.07,5,,1315.37,356.43,958.94,28.0,0.0,4.0
SO-250817,2025-12-07,North America,Distributor,Accessories,REP-18,38.63,10,14.3,331.22,191.43,139.8,27.0,0.5,5.0
SO-250331,2025-12-07,North America,Distributor,Networking,REP-07,200.92,16,21.5,2524.99,,,57.0,2.6,4.0
SO-250033,2025-12-08,APAC,Online,Software,REP-02,171.33,2,10.4,306.98,94.61,212.37,,,4.0
SO-250317,2025-12-09,Europe,Retail store,Networking,REP-02,47.05,1,,47.05,,,25.0,0.0,5.0
SO-250117,2025-12-09,APAC,Online,Accessories,REP-02,27.16,2,,54.31,27.61,-7800.0,43.0,,
SO-250212,2025-12-09,Europe,Online,Furniture,REP-09,545.84,3,,1637.52,,,44.0,4.9,4.0
SO-250993,2025-12-09,North America,Retail store,Networking,REP-10,144.21,7,13.7,870.8,,,19.0,0.0,4.0
SO-250088,2025-12-09,North America,Distributor,Laptops,REP-15,830.27,17,17.9,11586.42,,,35.0,5.6,3.0
SO-250318,2025-12-10,North America,Online,Accessories,REP-09,14.45,2,,28.9,,,13.0,6.5,5.0
SO-250751,2025-12-10,North America,Retail store,Accessories,REP-14,24.73,1,11.1,21.99,12.19,9.8,14.0,0.0,4.0
SO-250713,2025-12-10,Europe,Online,Monitors,REP-16,334.18,1,7.7,308.39,,,55.0,7.2,4.0
SO-250613,2025-12-10,APAC,Online,Furniture,REP-06,672.38,3,9.4,1828.16,,,60.0,,3.0
SO-250502,2025-12-10,North America,Distributor,Accessories,REP-12,26.39,8,9.9,190.18,,,17.0,2.7,4.0
SO-250789,2025-12-10,LATAM,Retail store,Accessories,REP-03,13.63,3,0.0,40.88,22.5,18.38,29.0,0.0,4.0
SO-250323,2025-12-10,North America,Online,Software,REP-14,237.05,9,,2133.47,610.28,1523.19,31.0,,4.0
SO-250889,2025-12-11,APAC,Online,Furniture,REP-11,411.8,2,0.0,823.59,,,56.0,10.1,4.0
SO-250301,2025-12-11,North America,Distributor,Accessories,REP-13,42.5,10,,425.04,244.71,180.33,22.0,,5.0
SO-250674,2025-12-11,LATAM,Distributor,Monitors,REP-07,291.4,7,14.2,1750.72,,,34.0,,4.0
SO-250690,2025-12-11,Europe,Online,Networking,REP-09,130.69,4,0.0,522.75,,,20.0,6.7,2.0
SO-250828,2025-12-11,APAC,Retail store,Laptops,REP-07,1187.47,2,11.1,2111.41,2100.67,10.74,,0.0,4.0
SO-250387,2025-12-11,Europe,Retail store,Laptops,REP-14,1006.91,2,,2013.82,,,21.0,0.0,
SO-250320,2025-12-12,North America,Distributor,Accessories,REP-13,25.58,9,12.4,201.73,,,45.0,7.1,4.0
SO-250541,2025-12-12,North America,Online,Networking,REP-17,118.77,8,,950.17,,,30.0,4.8,
SO-250162,2025-12-12,Europe,Retail store,Furniture,REP-09,519.62,1,7.3,481.57,333.44,148.13,42.0,0.0,4.0
SO-250665,2025-12-13,North America,Online,Accessories,REP-06,37.91,5,9.7,171.13,96.71,74.42,54.0,6.5,4.0
SO-250077,2025-12-13,North America,Distributor,Accessories,REP-14,67.16,7,12.0,413.67,218.39,195.29,29.0,,3.0
SO-250973,2025-12-13,North America,Retail store,Laptops,REP-09,941.34,2,0.0,1882.67,,,,0.0,3.0
SO-250381,2025-12-14,Europe,Retail store,Software,REP-03,132.64,5,0.0,663.2,189.32,473.88,38.0,0.0,5.0
SO-250663,2025-12-14,North America,Distributor,Accessories,REP-18,37.95,14,0.0,531.29,287.4,243.89,39.0,15.2,2.0
SO-250612,2025-12-14,LATAM,Distributor,Laptops,REP-14,835.51,29,6.7,22603.27,20073.05,2530.22,47.0,3.8,
SO-250134,2025-12-15,LATAM,Online,Furniture,REP-11,285.22,2,,570.44,,,54.0,2.7,3.0
SO-250758,2025-12-16,North America,Retail store,Software,REP-03,302.04,7,,2114.28,,,52.0,0.0,3.0
SO-250209,2025-12-17,North America,Online,Furniture,REP-08,284.02,6,13.5,1474.08,1024.1,449.98,32.0,2.3,3.0
SO-250939,2025-12-18,LATAM,Distributor,Software,REP-07,332.87,6,9.6,1805.59,,,52.0,,5.0
SO-250186,2025-12-18,LATAM,Online,Monitors,REP-11,238.27,2,,476.54,365.26,111.28,39.0,9.8,
SO-250210,2025-12-18,North America,Online,Software,REP-01,125.44,6,11.5,666.04,,,9.0,5.3,
SO-250144,2025-12-19,Europe,Online,Monitors,REP-03,334.45,1,4.7,318.78,,,23.0,10.9,3.0
SO-250185,2025-12-22,Europe,Retail store,Laptops,REP-08,1639.66,3,8.7,4488.72,4062.79,425.93,54.0,0.0,
SO-250328,2025-12-22,North America,Distributor,Laptops,REP-17,1723.36,12,3.3,19989.77,,,,1.0,5.0
SO-250533,2025-12-23,North America,Online,Accessories,REP-04,46.03,4,,184.13,,,34.0,3.0,
SO-250770,2025-12-23,APAC,Distributor,Accessories,REP-15,19.07,6,7.7,105.64,60.97,44.67,18.0,4.6,
SO-250112,2025-12-23,APAC,Online,Laptops,REP-03,731.75,3,,2195.25,,,38.0,5.0,5.0
SO-250844,2025-12-24,APAC,Online,Furniture,REP-04,340.16,4,,1360.66,,,27.0,6.2,3.0
SO-250963,2025-12-24,North America,Online,Furniture,REP-15,517.87,1,,517.87,,,,2.6,4.0
SO-250943,2025-12-25,APAC,Online,Monitors,REP-15,317.87,2,6.0,597.68,,,,9.4,2.0
SO-250465,2025-12-25,North America,Retail store,Accessories,REP-15,58.48,1,13.0,50.87,,,16.0,0.0,4.0
SO-250899,2025-12-25,Europe,Distributor,Monitors,REP-06,222.93,19,0.0,4235.75,,,24.0,,4.0
SO-250647,2025-12-26,Europe,Retail store,Software,,262.04,2,5.7,494.22,,,43.0,0.0,4.0
SO-250909,2025-12-26,North America,Retail store,Networking,REP-16,205.46,2,,410.92,287.87,123.04,47.0,0.0,
SO-250055,2025-12-26,North America,Distributor,Accessories,REP-13,16.91,23,10.3,348.77,202.63,146.14,15.0,2.4,
SO-250107,2025-12-27,Europe,Online,Networking,REP-17,120.84,2,6.7,225.43,149.22,76.21,36.0,4.5,4.0
SO-250403,2025-12-27,North America,Distributor,Laptops,REP-04,1600.3,8,6.9,11915.86,11823.66,92.21,54.0,5.0,3.0
SO-250494,2025-12-27,Europe,Retail store,Laptops,REP-07,797.87,3,10.5,2142.46,,,40.0,0.0,5.0
SO-250699,2025-12-27,North America,Retail store,Software,REP-16,88.09,3,6.6,246.84,79.01,167.83,21.0,0.0,3.0
SO-250418,2025-12-28,LATAM,Retail store,Furniture,REP-15,602.98,1,8.4,552.26,349.93,202.33,45.0,0.0,
SO-250871,2025-12-28,North America,Online,Monitors,REP-03,288.46,2,,576.92,432.29,144.63,37.0,9.9,4.0
SO-250776,2025-12-28,APAC,Online,Accessories,REP-14,31.84,1,14.1,27.34,16.85,10.49,19.0,4.4,3.0
SO-250397,2025-12-29,Europe,Online,Laptops,REP-02,1002.96,4,,4011.82,,,36.0,3.1,4.0
SO-250028,2025-12-29,North America,Retail store,Furniture,REP-06,755.9,4,,3023.59,2075.72,947.87,29.0,0.0,5.0
SO-250190,2025-12-31,Europe,Retail store,Laptops,REP-10,1150.93,3,0.0,3452.78,,,52.0,0.0,5.0
SO-250133,2025-12-31,Europe,Retail store,Accessories,REP-09,37.33,1,10.5,33.39,18.48,14.91,29.0,0.0,5.0
SO-250059,2025-12-31,North America,Online,Furniture,REP-07,1108.69,1,11.5,980.98,706.48,274.5,49.0,0.7,4.0
SO-250426,2025-12-31,Europe,Distributor,Accessories,REP-03,22.96,5,18.4,93.74,,,18.0,6.4,3.0
